index,facility_name,source_facility_type,odhf_facility_type,provider,unit,street_no,street_name,postal_code,city,province,source_format_str_address,CSDname,CSDuid,Pruid,latitude,longitude,city_lower,outage_risk_score,solar_potential_score,facility_score,final_score,rank
2402,147 elder street inc.,retirement home,Nursing and residential care facilities,Province of Ontario,,147,elder street,M3H5G9,toronto,on,,Toronto,3520005.0,35,43.7628942,-79.45410882,toronto,0.3745401188473625,0.8174435617384409,0.8,63.59,281
2403,2 spirited people of the 1st nations,community support service,Ambulatory health care services,Province of Ontario,,145,front street e,M5A1E3,toronto,on,,Toronto,3520005.0,35,43.64982129,-79.36935038,toronto,0.9507143064099162,0.34181735169787597,0.5,62.49,295
2406,a better way retirement home corp.,retirement home,Nursing and residential care facilities,Province of Ontario,,22,purpledusk trail,M1E4C7,toronto,on,,Toronto,3520005.0,35,43.78366142,-79.20760054,toronto,0.7319939418114051,0.2594234334312925,0.8,58.36,381
2407,a-way express courier service,mental health and addiction organization,Nursing and residential care facilities,Province of Ontario,,2168,danforth avenue,M4C1K3,toronto,on,,Toronto,3520005.0,35,43.68664259,-79.31066676,toronto,0.5986584841970366,0.3796924081672669,0.8,57.24,410
2410,abbeylawn manor retirement home,retirement home,Nursing and residential care facilities,Province of Ontario,,534,rodd avenue,L1W2B2,pickering,on,,Pickering,3518001.0,35,43.79773372,-79.11423721,pickering,0.15601864044243652,0.5902949425148077,0.8,46.9,625
2413,abi possibilities,community support service,Ambulatory health care services,Province of Ontario,,208,evans avenue,M8Z1J7,toronto,on,,Toronto,3520005.0,35,43.61822987,-79.51489762,toronto,0.15599452033620265,0.26806364082287626,0.5,28.12,865
2418,access alliance multicultural health and community services,community health centre,Hospitals,Province of Ontario,,340,college street,M5T3A9,toronto,on,,Toronto,3520005.0,35,43.65757158,-79.40343899,toronto,0.05808361216819946,0.624148907849134,1.0,49.17,593
2420,access independent living services,community support service,Ambulatory health care services,Province of Ontario,,50,ashwarren road,M3J1Z5,toronto,on,,Toronto,3520005.0,35,43.7584873,-79.48115742,toronto,0.8661761457749352,0.4094116521912404,0.5,61.48,321
2421,acclaim health,community support service,Ambulatory health care services,Province of Ontario,,2370,speers road,L6L5M2,oakville,on,,Oakville,3524001.0,35,43.40795623,-79.72589097,oakville,0.6011150117432088,0.5520471808519802,0.5,55.87,444
2422,"accommodation, information and support inc.",mental health and addiction organization,Nursing and residential care facilities,Province of Ontario,,720,spadina avenue,M5S2T9,toronto,on,,Toronto,3520005.0,35,43.66539409,-79.40348049,toronto,0.7080725777960455,0.4361265291353167,0.8,63.59,281
2423,across boundaries: an ethnocultural mental health centre,mental health and addiction organization,Nursing and residential care facilities,Province of Ontario,,1,york gate boulevard,M3N3A1,toronto,on,,Toronto,3520005.0,35,43.7589948,-79.51880674,toronto,0.020584494295802447,0.29446575954191767,0.8,31.13,849
2428,addiction services for york region,mental health and addiction organization,Nursing and residential care facilities,Province of Ontario,,4261,highway 7,L3R9W6,markham,on,,Markham,3519036.0,35,43.85908432,-79.31460658,markham,0.9699098521619943,0.9484533069621567,0.8,91.99,3
2432,adeline's lodge,retirement home,Nursing and residential care facilities,Province of Ontario,,379,lake promenade,M8W1C1,toronto,on,,Toronto,3520005.0,35,43.58781597,-79.53873663,toronto,0.8324426408004217,0.7636057941597608,0.8,80.02,65
2434,advent forestview retirement residence,retirement home,Nursing and residential care facilities,Province of Ontario,,537,finch avenue w,M2R0A8,toronto,on,,Toronto,3520005.0,35,43.7703728,-79.44469031,toronto,0.21233911067827616,0.14011317576645255,0.8,33.4,822
2446,alexis lodge retirement residence,retirement home,Nursing and residential care facilities,Province of Ontario,,707,ellesmere road,M1P2W1,toronto,on,,Toronto,3520005.0,35,43.76371901,-79.28864066,toronto,0.18182496720710062,0.8684679758979128,0.8,57.67,394
2464,alpha house,mental health and addiction organization,Nursing and residential care facilities,Province of Ontario,,647,broadview avenue,M4K2N9,toronto,on,,Toronto,3520005.0,35,43.67333379,-79.35586548,toronto,0.18340450985343382,0.48743119824951364,0.8,44.4,673
2466,altamont care community,long-term care home,Nursing and residential care facilities,Province of Ontario,,92,island road,M1C2P5,toronto,on,,Toronto,3520005.0,35,43.79854962,-79.14005432,toronto,0.3042422429595377,0.8945522268940914,0.8,63.48,285
2476,alzheimer society of durham region,community support service,Ambulatory health care services,Province of Ontario,,419,king street w,L1J2K5,oshawa,on,,Oshawa,3518013.0,35,43.88944965,-78.87895794,oshawa,0.5247564316322378,0.7998552559473152,0.5,61.49,320
2491,alzheimer society of ontario,community support service,Ambulatory health care services,Province of Ontario,,1200,bay street,M5R2A5,toronto,on,,Toronto,3520005.0,35,43.66999639,-79.38985879,toronto,0.43194501864211576,0.42521350446923345,0.5,44.66,664
2501,alzheimer society of toronto,community support service,Ambulatory health care services,Province of Ontario,,20,eglinton avenue w,M4R1K8,toronto,on,,Toronto,3520005.0,35,43.70669329,-79.39948989,toronto,0.2912291401980419,0.022469308320117398,0.5,24.94,884
2503,alzheimer society peel,community support service,Ambulatory health care services,Province of Ontario,,60,briarwood avenue,L5G3N6,mississauga,on,,Mississauga,3521005.0,35,43.56089946,-79.58102284,mississauga,0.6118528947223795,0.2686773593849461,0.5,46.38,634
2504,alzheimer society peel (central west lhin),community support service,Ambulatory health care services,Province of Ontario,,60,briarwood avenue,L5G3N6,mississauga,on,,Mississauga,3521005.0,35,43.56089946,-79.58102284,mississauga,0.13949386065204183,0.5416342146608669,0.5,37.04,788
2513,amica at bayview,retirement home,Nursing and residential care facilities,Province of Ontario,,15,barberry place,M2K1G4,toronto,on,,Toronto,3520005.0,35,43.766395,-79.38399909,toronto,0.29214464853521815,0.6334782198261473,0.8,53.86,488
2514,amica at bayview gardens,retirement home,Nursing and residential care facilities,Province of Ontario,,19,rean drive,M2K0A4,toronto,on,,Toronto,3520005.0,35,43.76720841,-79.38241549,toronto,0.3663618432936917,0.2578876854332023,0.8,43.68,695
2515,amica at brampton,retirement home,Nursing and residential care facilities,Province of Ontario,,223,main street s,L6Y6H1,brampton,on,,Brampton,3521010.0,35,43.67006457,-79.7398157,brampton,0.45606998421703593,0.13935607407282413,0.8,43.12,705
2516,amica at city centre,retirement home,Nursing and residential care facilities,Province of Ontario,,380,princess royal drive,L5B4M9,mississauga,on,,Mississauga,3521005.0,35,43.58723066,-79.64714336,mississauga,0.7851759613930136,0.8349302367992991,0.8,80.63,60
2518,amica at erin mills,retirement home,Nursing and residential care facilities,Province of Ontario,,4620,kimbermount avenue,L5M5W5,mississauga,on,,Mississauga,3521005.0,35,43.54959005,-79.71614718,mississauga,0.19967378215835974,0.9844021807035521,0.8,62.44,296
2521,amica at oakville,retirement home,Nursing and residential care facilities,Province of Ontario,,160,bronte road,L6L3C1,oakville,on,,Oakville,3524001.0,35,43.39473282,-79.71469797,oakville,0.5142344384136116,0.5256901823026858,0.8,58.97,369
2523,amica at swan lake,retirement home,Nursing and residential care facilities,Province of Ontario,,6360,16 avenue,L3P7Y6,markham,on,,Markham,3519036.0,35,43.89526623,-79.25243066,markham,0.5924145688620425,0.1716792858483035,0.8,49.71,579
2524,amica at the balmoral club,retirement home,Nursing and residential care facilities,Province of Ontario,,155,balmoral avenue,M4V1J5,toronto,on,,Toronto,3520005.0,35,43.68422839,-79.40018149,toronto,0.046450412719997725,0.27230732651936895,0.8,31.39,841
2525,amica at thornhill,retirement home,Nursing and residential care facilities,Province of Ontario,,546,steeles avenue w,L4J1A2,vaughan,on,,Vaughan,3519028.0,35,43.79438891,-79.43905361,vaughan,0.6075448519014384,0.018390676547466733,0.8,44.95,657
2526,amica at unionville,retirement home,Nursing and residential care facilities,Province of Ontario,,34,main street unionville,L3R4Z8,markham,on,,Markham,3519036.0,35,43.85638152,-79.31000908,markham,0.17052412368729153,0.914298806560499,0.8,58.82,373
2528,amica at whitby,retirement home,Nursing and residential care facilities,Province of Ontario,,200,kenneth hobbs avenue,L1R0G6,whitby,on,,Whitby,3518009.0,35,43.90290315,-78.94221856,whitby,0.06505159298527952,0.11775108289014113,0.8,26.72,874
2534,anishnawbe health toronto,mental health and addiction organization,Nursing and residential care facilities,Province of Ontario,,22,vaughan road,M6G2N1,toronto,on,,Toronto,3520005.0,35,43.68166709,-79.4184381,toronto,0.9488855372533332,0.5765164755142536,0.8,78.13,84
2535,anishnawbe health toronto community health centre,community health centre,Hospitals,Province of Ontario,,225,queen street e,M5A1S4,toronto,on,,Toronto,3520005.0,35,43.65422059,-79.36981238,toronto,0.9656320330745594,0.274055220687206,1.0,73.22,159
2537,anne johnston health station - tobias house attendant care,community health centre,Hospitals,Province of Ontario,,2398,yonge street,M4P2H4,toronto,on,,Toronto,3520005.0,35,43.70972309,-79.39930509,toronto,0.8083973481164611,0.5541780025157934,1.0,76.73,109
2538,anne johnston health station - tobias house attendant care (css),community support service,Ambulatory health care services,Province of Ontario,,695,coxwell avenue,M4C5R6,toronto,on,,Toronto,3520005.0,35,43.68309609,-79.32334507,toronto,0.3046137691733707,0.6514203883518642,0.5,47.48,616
2549,aphasia institute,community support service,Ambulatory health care services,Province of Ontario,,73,scarsdale road,M3B2R2,toronto,on,,Toronto,3520005.0,35,43.7494936,-79.35469398,toronto,0.09767211400638387,0.8297418037072016,0.5,45.45,652
2550,appleby place,retirement home,Nursing and residential care facilities,Province of Ontario,,500,appleby line,L7L5Z6,burlington,on,,Burlington,3524002.0,35,43.36821872,-79.75569998,burlington,0.6842330265121569,0.2064212717606032,0.8,54.59,471
2564,arul oli senior centre,retirement home,Nursing and residential care facilities,Province of Ontario,,8,snowy owl way,M1X0B4,toronto,on,,Toronto,3520005.0,35,43.83209692,-79.23443505,toronto,0.4401524937396013,0.010995828658480478,0.8,37.99,774
2567,association of ontario health centres,community support service,Ambulatory health care services,Province of Ontario,,970,lawrence avenue,M6A3B6,toronto,on,,Toronto,3520005.0,35,43.71371849,-79.45837461,toronto,0.12203823484477883,0.13688563006880727,0.5,22.17,896
2576,atrium at kew beach,retirement home,Nursing and residential care facilities,Province of Ontario,,500,kingston road,M4L1V3,toronto,on,,Toronto,3520005.0,35,43.67800329,-79.30274076,toronto,0.4951769101112702,0.9000186418481051,0.8,71.31,173
2588,balance for blind adults,community support service,Ambulatory health care services,Province of Ontario,,2340,dundas street w,M6P4A9,toronto,on,,Toronto,3520005.0,35,43.65694408,-79.45227951,toronto,0.034388521115218396,0.8738900775625152,0.5,44.46,671
2589,balance for blind adults (tc lhin),community support service,Ambulatory health care services,Province of Ontario,,4920,dundas street w,M9A1B7,toronto,on,,Toronto,3520005.0,35,43.64861988,-79.52910703,toronto,0.9093204020787821,0.5974131021703083,0.5,69.78,189
2590,balance for blind adults (toronto central lhin),community support service,Ambulatory health care services,Province of Ontario,,2340,dundas street w,M6P4A9,toronto,on,,Toronto,3520005.0,35,43.65694408,-79.45227951,toronto,0.2587799816000169,0.6005168604336534,0.5,43.87,690
2595,"barbra schlifer commemorative clinic, the",mental health and addiction organization,Nursing and residential care facilities,Province of Ontario,,489,college street,M6G1A5,toronto,on,,Toronto,3520005.0,35,43.65588248,-79.40919499,toronto,0.662522284353982,0.6650366745462555,0.8,69.78,189
2608,bay ridges,long-term care home,Nursing and residential care facilities,Province of Ontario,,900,sandy beach road,L1W1Z4,pickering,on,,Pickering,3518001.0,35,43.82847003,-79.0771309,pickering,0.31171107608941095,0.1753712786234496,0.8,38.61,765
2609,baycrest,"active acute hospital, long term care",Hospitals,Canadian Institute for Health Information,,,,M6A2E1,toronto,on,,Toronto,,35,43.6548253,-79.388447,toronto,0.5200680211778108,0.9144119459249598,1.0,77.81,89
2610,baycrest centre for geriatric care,mental health and addiction organization,Nursing and residential care facilities,Province of Ontario,,3560,bathurst street,M6A2E1,toronto,on,,Toronto,3520005.0,35,43.7300765,-79.43421181,toronto,0.5467102793432796,0.4187705248920731,0.8,56.53,425
2611,baycrest geriatric health care system,chronic care,Nursing and residential care facilities,Public Health Agency of Canada,,3560,bathurst st,M6A2E1,toronto,on,3560 bathurst st. toronto on m6a 2e1,Toronto,3520005.0,35,43.7305734,-79.433654,toronto,0.18485445552552704,0.38313852824949746,0.8,40.8,742
2612,baycrest hospital,community support service,Ambulatory health care services,Province of Ontario,,3560,bathurst street,M6A2E1,toronto,on,,Toronto,3520005.0,35,43.7300765,-79.43421181,toronto,0.9695846277645586,0.5189177052828375,0.5,69.45,194
2613,baycrest hospital - north york,hospital - corporation,Hospitals,Province of Ontario,,3560,bathurst street,M6A2E1,toronto,on,,Toronto,3520005.0,35,43.730336,-79.43236041,toronto,0.7751328233611146,0.046965966775055046,1.0,57.65,397
2617,bayshore healthcare ltd,community support service,Ambulatory health care services,Province of Ontario,,2101,hadwen road,L5K2L3,mississauga,on,,Mississauga,3521005.0,35,43.52298305,-79.65538916,mississauga,0.9394989415641891,0.1662833687560794,0.5,55.9,442
2620,beach arms retirement residence,retirement home,Nursing and residential care facilities,Province of Ontario,,505,kingston road,M4L1V5,toronto,on,,Toronto,3520005.0,35,43.67733999,-79.30233976,toronto,0.8948273504276488,0.7380336164263704,0.8,81.62,50
2631,bellwood health services inc.,mental health and addiction organization,Nursing and residential care facilities,Province of Ontario,,175,brentcliffe road,M4G0C5,toronto,on,,Toronto,3520005.0,35,43.7195849,-79.36622688,toronto,0.5978999788110851,0.08279866792512647,0.8,46.81,626
2632,bellwoods centres,community support service,Ambulatory health care services,Province of Ontario,,789,don mills road,M3C1T5,toronto,on,,Toronto,3520005.0,35,43.7185524,-79.33749378,toronto,0.9218742350231168,0.6031521094663882,0.5,70.49,181
2633,belmont house,retirement home,Nursing and residential care facilities,Province of Ontario,,55,belmont street,M5R1R1,toronto,on,,Toronto,3520005.0,35,43.67461349,-79.39106979,toronto,0.0884925020519195,0.24534910968132095,0.8,32.13,836
2638,bendale acres,long-term care home,Nursing and residential care facilities,Province of Ontario,,2920,lawrence avenue e,M1P2T8,toronto,on,,Toronto,3520005.0,35,43.75493801,-79.25183955,toronto,0.1959828624191452,0.38929561404197655,0.8,41.46,732
2641,bernard betel centre for creative living,community support service,Ambulatory health care services,Province of Ontario,,1003,steeles avenue w,M2R3T6,toronto,on,,Toronto,3520005.0,35,43.79192171,-79.44721752,toronto,0.045227288910538066,0.28869373677069987,0.5,24.41,886
2646,bethany lodge,long-term care home,Nursing and residential care facilities,Province of Ontario,,23,second street,L3R2C2,markham,on,,Markham,3519036.0,35,43.86204073,-79.30139068,markham,0.32533033076326434,0.35567271646494913,0.8,45.46,651
2649,bethseda home,retirement home,Nursing and residential care facilities,Province of Ontario,,76,silversted drive,M1S3A5,toronto,on,,Toronto,3520005.0,35,43.80182762,-79.26619476,toronto,0.388677289689482,0.7190459051842455,0.8,60.71,333
2650,better living at thompson house,community support service,Ambulatory health care services,Province of Ontario,,1,overland drive,M3C2C3,toronto,on,,Toronto,3520005.0,35,43.7324901,-79.34677178,toronto,0.2713490317738959,0.297121715623175,0.5,33.75,817
2651,better living health and community services,community support service,Ambulatory health care services,Province of Ontario,,1,overland drive,M3C2C3,toronto,on,,Toronto,3520005.0,35,43.7324901,-79.34677178,toronto,0.8287375091519293,0.5664046402968972,0.5,65.47,246
2652,bill mcmurray residence,retirement home,Nursing and residential care facilities,Province of Ontario,,180,sheridan avenue,M6K3C7,toronto,on,,Toronto,3520005.0,35,43.65162918,-79.4347012,toronto,0.3567533266935893,0.47605040219909966,0.8,50.93,558
2653,billings court manor,long-term care home,Nursing and residential care facilities,Province of Ontario,,3700,billings court,L7N3N6,burlington,on,,Burlington,3524002.0,35,43.36439192,-79.78777539,burlington,0.28093450968738076,0.6636711653626481,0.8,54.47,474
2661,birdsilver gardens senior support centre,retirement home,Nursing and residential care facilities,Province of Ontario,,16,birdsilver gardens,M1C4M5,toronto,on,,Toronto,3520005.0,35,43.79197732,-79.13066792,toronto,0.5426960831582485,0.936829739324758,0.8,74.5,132
2664,black creek community health centre,mental health and addiction organization,Nursing and residential care facilities,Province of Ontario,,2202,jane street,M3M1A4,toronto,on,,Toronto,3520005.0,35,43.72178469,-79.51168893,toronto,0.14092422497476265,0.7325720972102503,0.8,51.28,550
2687,bough beeches place,retirement home,Nursing and residential care facilities,Province of Ontario,,1130,bough beeches boulevard,L4W4G3,mississauga,on,,Mississauga,3521005.0,35,43.62599437,-79.60046495,mississauga,0.8021969807540397,0.21494037859075676,0.8,59.61,351
2692,bradgate arms,retirement home,Nursing and residential care facilities,Province of Ontario,,54,foxbar road,M4V2G6,toronto,on,,Toronto,3520005.0,35,43.68566339,-79.40066839,toronto,0.07455064367977082,0.031183135061284672,0.8,24.07,887
2695,brain injury association of durham region,community support service,Ambulatory health care services,Province of Ontario,,850,king street w,L1J8N5,oshawa,on,,Oshawa,3518013.0,35,43.89162635,-78.89514265,oshawa,0.9868869366005173,0.2622640442998251,0.5,61.15,326
2700,bramalea community health centre,community health centre,Hospitals,Province of Ontario,,40,finchgate boulevard,L6T3J1,brampton,on,,Brampton,3521010.0,35,43.72807748,-79.7120768,brampton,0.7722447692966574,0.5950779307002548,1.0,76.72,110
2701,bramalea retirement residence,retirement home,Nursing and residential care facilities,Province of Ontario,,30,peel centre drive,L6T4G8,brampton,on,,Brampton,3521010.0,35,43.71669058,-79.7250052,brampton,0.1987156815341724,0.05142581348425035,0.8,29.75,857
2702,brampton meals on wheels,community support service,Ambulatory health care services,Province of Ontario,,525,main street n,L6X1N9,brampton,on,,Brampton,3521010.0,35,43.69999507,-79.78142981,brampton,0.005522117123602399,0.49636624720123634,0.5,30.09,856
2713,breakaway addiction services,mental health and addiction organization,Nursing and residential care facilities,Province of Ontario,,21,strickland avenue,M6K3E6,toronto,on,,Toronto,3520005.0,35,43.64322438,-79.4311146,toronto,0.8154614284548342,0.5968428489168892,0.8,73.51,151
2717,bridgepoint fht,family health team - contract,Ambulatory health care services,Province of Ontario,,430,broadview avenue,M4K2N1,toronto,on,,Toronto,3520005.0,35,43.66699229,-79.35364348,toronto,0.7068573438476171,0.3342438908169608,0.5,52.47,514
2718,bridgepoint hospital,chronic care,Nursing and residential care facilities,Public Health Agency of Canada,,14,st matthews rd,M4M2B5,toronto,on,14 st. matthews rd. toronto on m4m 2b5,Toronto,3520005.0,35,43.6658334,-79.355147,toronto,0.7290071680409873,0.7709122037458219,0.8,76.14,118
2736,brookside court/hilltop place,retirement home,Nursing and residential care facilities,Province of Ontario,,1000,elgin mills road,L4S1M4,richmond hill,on,,Richmond Hill,3519038.0,35,43.89785833,-79.41245401,richmond hill,0.7712703466859457,0.1065982531337718,0.8,54.58,472
2753,burlington family health team,family health team - contract,Ambulatory health care services,Province of Ontario,,1221,lakeshore road,L7S0A1,burlington,on,,Burlington,3524002.0,35,43.31523311,-79.80179169,burlington,0.07404465173409036,0.07513778173580876,0.5,18.09,904
2754,burloak,long-term care home,Nursing and residential care facilities,Province of Ontario,,5959,new street,L7L6W5,burlington,on,,Burlington,3524002.0,35,43.38147032,-79.73937757,burlington,0.3584657285442726,0.7281887562036033,0.8,59.83,349
2756,burton manor,long-term care home,Nursing and residential care facilities,Province of Ontario,,5,sterritt drive,L6Y5P3,brampton,on,,Brampton,3521010.0,35,43.66143557,-79.77341911,brampton,0.11586905952512971,0.49549131620619846,0.8,41.98,717
2764,cama woodlands nursing home,long-term care home,Nursing and residential care facilities,Province of Ontario,,159,panin road,L7P5A6,burlington,on,,Burlington,3524002.0,35,43.3099325,-79.86719201,burlington,0.8631034258755935,0.688402396427736,0.8,78.62,77
2767,camh community mental health services,community support service,Ambulatory health care services,Province of Ontario,,1001,queen street w,M6J1H4,toronto,on,,Toronto,3520005.0,35,43.64308398,-79.41732259,toronto,0.6232981268275579,0.4348273386037462,0.5,52.65,511
2768,camilla care community,long-term care home,Nursing and residential care facilities,Province of Ontario,,2250,hurontario street,L5B1M8,mississauga,on,,Mississauga,3521005.0,35,43.57311436,-79.60700205,mississauga,0.3308980248526492,0.2464020332391068,0.8,41.86,720
2784,canadian mental health association (cmha) durham,mental health and addiction organization,Nursing and residential care facilities,Province of Ontario,,60,bond street w,L1G1A5,oshawa,on,,Oshawa,3518013.0,35,43.89821385,-78.86653234,oshawa,0.06355835028602363,0.8191023176741997,0.8,51.21,553
2798,canadian mental health association (cmha) ontario division,mental health and addiction organization,Nursing and residential care facilities,Province of Ontario,,180,dundas street w,M5G1Z8,toronto,on,,Toronto,3520005.0,35,43.65541839,-79.38637899,toronto,0.3109823217156622,0.7994158789689793,0.8,60.42,339
2801,canadian mental health association (cmha) peel dufferin branch,mental health and addiction organization,Nursing and residential care facilities,Province of Ontario,,7700,hurontario street,L6Y4M3,brampton,on,,Brampton,3521010.0,35,43.65860057,-79.72630969,brampton,0.32518332202674705,0.6946964708544268,0.8,57.32,405
2806,canadian mental health association (cmha) toronto branch,mental health and addiction organization,Nursing and residential care facilities,Province of Ontario,,940,wilson avenue,M3K1E7,toronto,on,,Toronto,3520005.0,35,43.73009029,-79.47087532,toronto,0.7296061783380641,0.2721451372299627,0.8,58.71,374
2810,canadian mental health association - durham (css),community support service,Ambulatory health care services,Province of Ontario,,60,bond street w,L1G1A5,oshawa,on,,Oshawa,3518013.0,35,43.89821385,-78.86653234,oshawa,0.6375574713552131,0.5902306668690871,0.5,58.66,376
2811,"canadian mental health association, halton region branch (css)",community support service,Ambulatory health care services,Province of Ontario,,1540,cornwall road,L6J7W5,oakville,on,,Oakville,3524001.0,35,43.47872304,-79.65802046,oakville,0.8872127425763265,0.3609738969400268,0.5,60.62,335
2815,canadian national institute for the blind (the) - halton-peel,community support service,Ambulatory health care services,Province of Ontario,,50,burnhamthorpe road,L5B3C2,mississauga,on,,Mississauga,3521005.0,35,43.59177946,-79.63634556,mississauga,0.4722149251619493,0.09158207332663415,0.5,34.59,809
2816,canadian red cross - halton branch,community support service,Ambulatory health care services,Province of Ontario,,3210,harvester road,L7N3T1,burlington,on,,Burlington,3524002.0,35,43.35481671,-79.79474219,burlington,0.1195942459383017,0.9173135754622428,0.5,49.39,588
2817,canadian red cross - ontario zone,community support service,Ambulatory health care services,Province of Ontario,,21,randolph avenue,M6G4G4,toronto,on,,Toronto,3520005.0,35,43.65810998,-79.45057051,toronto,0.713244787222995,0.1368186309189614,0.5,45.82,643
2818,canadian red cross - peel branch,community support service,Ambulatory health care services,Province of Ontario,,2624,dunwin drive,L5L3T5,mississauga,on,,Mississauga,3521005.0,35,43.52662255,-79.68270717,mississauga,0.7607850486168974,0.9502373538208024,0.5,76.19,117
2829,cancer care ontario,community support service,Ambulatory health care services,Province of Ontario,,620,university avenue,M5G2L7,toronto,on,,Toronto,3520005.0,35,43.65841829,-79.39025879,toronto,0.5612771975694962,0.44600577295795574,0.5,50.56,563
2830,canes community care,senior active living centre,Nursing and residential care facilities,Province of Ontario,,135,queens plate drive,M9W6V1,toronto,on,,Toronto,3520005.0,35,43.71686989,-79.59203906,toronto,0.770967179954561,0.18513292883861965,0.8,57.32,405
2831,canes community care (mh lhin),community support service,Ambulatory health care services,Province of Ontario,,135,queens plate drive,M9W6V1,toronto,on,,Toronto,3520005.0,35,43.71686989,-79.59203906,toronto,0.49379559636439074,0.5419009473783581,0.5,51.22,552
2833,canterbury place retirement residence,retirement home,Nursing and residential care facilities,Province of Ontario,,1,canterbury place,M2N0G7,toronto,on,,Toronto,3520005.0,35,43.772131,-79.4144039,toronto,0.5227328293819941,0.8729458358764083,0.8,71.46,172
2838,carefirst family health team,family health team - contract,Ambulatory health care services,Province of Ontario,,420,highway 7 e,L4B3K2,richmond hill,on,,Richmond Hill,3519038.0,35,43.84347762,-79.3908623,richmond hill,0.42754101835854963,0.7322248864095612,0.5,55.23,463
2839,carefirst senior and community services association (central lhin),community support service,Ambulatory health care services,Province of Ontario,,300,silver star boulevard,M1V0G2,toronto,on,,Toronto,3520005.0,35,43.81258112,-79.29492787,toronto,0.02541912674409519,0.8065611478614497,0.5,41.75,726
2840,carefirst senior and community services association (toronto central lhin),community support service,Ambulatory health care services,Province of Ontario,,300,silver star boulevard,M1V0G2,toronto,on,,Toronto,3520005.0,35,43.81258112,-79.29492787,toronto,0.10789142699330445,0.6587833667107174,0.5,39.87,753
2841,carefirst seniors and community services association,community support service,Ambulatory health care services,Province of Ontario,,300,silver star boulevard,M1V0G2,toronto,on,,Toronto,3520005.0,35,43.81258112,-79.29492787,toronto,0.03142918568673425,0.6922765645178525,0.5,37.99,774
2842,carefirst transitional care centre,retirement home,Nursing and residential care facilities,Province of Ontario,,300,silver star boulevard,M1V5P1,toronto,on,,Toronto,3520005.0,35,43.81258112,-79.29492787,toronto,0.6364104112637804,0.8491956515653193,0.8,75.18,127
2848,carefree lodge,long-term care home,Nursing and residential care facilities,Province of Ontario,,306,finch avenue e,M2N4S5,toronto,on,,Toronto,3520005.0,35,43.78501831,-79.3941154,toronto,0.3143559810763267,0.24966800885918594,0.8,41.31,736
2882,caritas school of life,mental health and addiction organization,Nursing and residential care facilities,Province of Ontario,,241,hanlan road,L4L3R7,vaughan,on,,Vaughan,3519028.0,35,43.7693971,-79.55938155,vaughan,0.5085706911647028,0.4894249636431405,0.8,57.47,403
2892,caroline family health team of burlington,family health team - contract,Ambulatory health care services,Province of Ontario,,3305,harvester road,L7N3N2,burlington,on,,Burlington,3524002.0,35,43.35804601,-79.79246529,burlington,0.907566473926093,0.22120944181960223,0.5,56.54,424
2897,casa dolce casa,retirement home,Nursing and residential care facilities,Province of Ontario,,7890,pine valley drive,L4L2J3,vaughan,on,,Vaughan,3519028.0,35,43.7876026,-79.57491686,vaughan,0.24929222914887494,0.987668007996647,0.8,64.54,263
2899,casey house hospice,hospital - corporation,Nursing and residential care facilities,Province of Ontario,,9,huntley street,M4Y1P2,toronto,on,,Toronto,,35,43.668867,79.37892,toronto,0.41038292303562973,0.9440593396866133,0.8,69.46,193
2903,castleview wychwood towers,long-term care home,Nursing and residential care facilities,Province of Ontario,,351,christie street,M6G3C3,toronto,on,,Toronto,3520005.0,35,43.67317759,-79.4217856,toronto,0.7555511385430487,0.0394268113685059,0.8,51.6,540
2908,cawthra gardens,long-term care home,Nursing and residential care facilities,Province of Ontario,,590,lolita gardens,L5A4N8,mississauga,on,,Mississauga,3521005.0,35,43.59302306,-79.60362445,mississauga,0.22879816549162246,0.7055751725156885,0.8,53.85,489
2909,cawthra gardens long term care community,long term care,Nursing and residential care facilities,Canadian Institute for Health Information,,,,L5A4N8,mississauga,on,,Mississauga,,35,43.5852972,-79.64498379999999,mississauga,0.07697990982879299,0.9252483174156658,0.8,55.46,458
2913,cedarbrook lodge retirement residence,retirement home,Nursing and residential care facilities,Province of Ontario,,520,markham road,M1H3A1,toronto,on,,Toronto,3520005.0,35,43.75474181,-79.22486164,toronto,0.289751452913768,0.18057534512733353,0.8,37.91,777
2914,cedarcroft place,retirement home,Nursing and residential care facilities,Province of Ontario,,649,king street e,L1H8P9,oshawa,on,,Oshawa,3518013.0,35,43.90261095,-78.83985223,oshawa,0.16122128725400442,0.5679452305526295,0.8,46.33,635
2916,cedarhurst dementia care home,retirement home,Nursing and residential care facilities,Province of Ontario,,2601,bayview avenue,M2L1B5,toronto,on,,Toronto,3520005.0,35,43.7514172,-79.38443889,toronto,0.9296976523425731,0.9154882975880418,0.8,89.23,13
2918,cedarvale terrace,long-term care home,Nursing and residential care facilities,Province of Ontario,,429,walmer road,M5P2X9,toronto,on,,Toronto,3520005.0,35,43.68545859,-79.4124234,toronto,0.808120379564417,0.03394597858579884,0.8,53.51,495
2921,centennial park place,retirement home,Nursing and residential care facilities,Province of Ontario,,25,centennial park road,M9C5H1,toronto,on,,Toronto,3520005.0,35,43.65323988,-79.58203235,toronto,0.6334037565104235,0.6974202672468399,0.8,69.75,191
2923,central brampton family health team,family health team - contract,Ambulatory health care services,Province of Ontario,,300,main street,L6V4H6,brampton,on,,Brampton,3521010.0,35,43.69234697,-79.76772121,brampton,0.8714605901877177,0.29734900737255077,0.5,57.77,391
2925,central east community care access centre (css),community support service,Ambulatory health care services,Province of Ontario,,920,champlain court,L1N6K9,whitby,on,,Whitby,3518009.0,35,43.86698314,-78.92281636,whitby,0.8036720768991145,0.9243961953765304,0.5,77.0,104
2926,central east local health integration network,community support service,Ambulatory health care services,Province of Ontario,,314,harwood avenue s,L1S2J1,ajax,on,,Ajax,3518005.0,35,43.84539974,-79.02089259,ajax,0.18657005888603584,0.9710582451653678,0.5,53.95,483
2927,central east local health integration network (lhin op),community support service,Ambulatory health care services,Province of Ontario,,314,harwood avenue s,L1S2J1,ajax,on,,Ajax,3518005.0,35,43.84539974,-79.02089259,ajax,0.8925589984899778,0.9442664891134339,0.5,81.25,55
2931,central local health integration network,local health integration network office,Ambulatory health care services,Province of Ontario,,11,allstate parkway,L3R9T8,markham,on,,Markham,3519036.0,35,43.85033152,-79.364423,markham,0.5393422419156507,0.47421421665746377,0.5,50.67,561
2932,central local health integration network (lhin op),community support service,Ambulatory health care services,Province of Ontario,,11,allstate parkway,L3R9T8,markham,on,,Markham,3519036.0,35,43.85033152,-79.364423,markham,0.8074401551640625,0.8620426509893134,0.5,74.97,129
2933,central neighbourhood house association,community support service,Ambulatory health care services,Province of Ontario,,365,bloor street e,M4W3L4,toronto,on,,Toronto,3520005.0,35,43.67192409,-79.37797418,toronto,0.8960912999234932,0.8445493985350704,0.5,77.9,88
2935,central toronto youth services,mental health and addiction organization,Nursing and residential care facilities,Province of Ontario,,65,wellesley street e,M4Y1G7,toronto,on,,Toronto,3520005.0,35,43.66537169,-79.38117158,toronto,0.3180034749718639,0.31910047324325563,0.8,43.89,689
2936,central west community care access centre (css),community support service,Ambulatory health care services,Province of Ontario,,199,county court boulevard,L6W4P3,brampton,on,,Brampton,3521010.0,35,43.66084217,-79.72121679,brampton,0.11005192452767676,0.8289154741506773,0.5,45.91,642
2937,central west local health integration network,community support service,Ambulatory health care services,Province of Ontario,,199,county court boulevard,L6W4P3,brampton,on,,Brampton,3521010.0,35,43.66084217,-79.72121679,brampton,0.22793516254194168,0.03700763471549262,0.5,22.91,893
2938,central west local health integration network (lhin op),community support service,Ambulatory health care services,Province of Ontario,,199,county court boulevard,L6W4P3,brampton,on,,Brampton,3521010.0,35,43.66084217,-79.72121679,brampton,0.4271077886262563,0.596269878482053,0.5,50.45,566
2949,centre for addiction and mental health,active acute hospital,Hospitals,Canadian Institute for Health Information,,,,M6J1H4,toronto,on,,Toronto,,35,43.6548253,-79.388447,toronto,0.8180147659224931,0.23000883728770305,1.0,65.77,239
2950,centre for addiction and mental health (camh),mental health and addiction organization,Nursing and residential care facilities,Province of Ontario,,250,college street,M5T1R8,toronto,on,,Toronto,3520005.0,35,43.65841319,-79.39897099,toronto,0.8607305832563434,0.12056688577727881,0.8,58.65,377
2951,centre for addiction and mental health (corporate office),psychiatric,Nursing and residential care facilities,Public Health Agency of Canada,,1001,queen st w,M6J1H4,toronto,on,1001 queen st. w. toronto on m6j 1h4,Toronto,3520005.0,35,43.6435848,-79.4185408,toronto,0.006952130531190703,0.07695320162920916,0.8,22.97,892
2952,centre for addiction and mental health (css),community support service,Ambulatory health care services,Province of Ontario,,1001,queen street w,M6J1H4,toronto,on,,Toronto,3520005.0,35,43.64308398,-79.41732259,toronto,0.5107473025775657,0.6962887758781398,0.5,57.3,407
2953,centre for addiction and mental health - brentcliffe rd. site,psychiatric,Nursing and residential care facilities,Public Health Agency of Canada,,175,brentcliffe rd,M4G3Z1,toronto,on,175 brentcliffe rd. toronto on m4g 3z1,Toronto,3520005.0,35,43.7195763,-79.3662235,toronto,0.417411003148779,0.33987496376806614,0.8,48.59,602
2954,centre for addiction and mental health - college st. site,psychiatric,Nursing and residential care facilities,Public Health Agency of Canada,,250,college st,M5T1R8,toronto,on,250 college st. toronto on m5t 1r8,Toronto,3520005.0,35,43.6584046,-79.3989676,toronto,0.22210781047073025,0.7247667715287615,0.8,54.25,478
2955,centre for addiction and mental health - college street site,hospital - site,Hospitals,Province of Ontario,,250,college street,M5T1R8,toronto,on,,Toronto,3520005.0,35,43.65822289,-79.39895869,toronto,0.1198653673336828,0.06535634079894237,1.0,32.08,837
2956,centre for addiction and mental health - queen street site,hospital - corporation,Hospitals,Province of Ontario,,1001,queen street w,M6J1H4,toronto,on,,Toronto,3520005.0,35,43.64430178,-79.41814739,toronto,0.33761517140362796,0.31529033783061033,1.0,49.54,583
2957,centre for addiction and mental health - russell st. site,psychiatric,Nursing and residential care facilities,Public Health Agency of Canada,,33,russell st,M5S2S1,toronto,on,33 russell st. toronto on m5s 2s1,Toronto,3520005.0,35,43.6597795,-79.3994315,toronto,0.9429097039125192,0.5394912923753372,0.8,76.6,113
2960,centre for information and community services of ontario,community support service,Ambulatory health care services,Province of Ontario,,2330,midland avenue,M1S5G5,toronto,on,,Toronto,3520005.0,35,43.77830991,-79.27603766,toronto,0.32320293202075523,0.7907231648389635,0.5,53.1,505
2961,centre francophone de toronto,community health centre,Hospitals,Province of Ontario,,22,college street,M5G1K3,toronto,on,,Toronto,3520005.0,35,43.66145369,-79.38430699,toronto,0.5187906217433661,0.3187525029320699,1.0,56.91,416
2965,cerebral palsy parent council of toronto (participation house),community support service,Ambulatory health care services,Province of Ontario,,9,butternut lane,L3P3M1,markham,on,,Markham,3519036.0,35,43.88344503,-79.23506466,markham,0.7030189588951778,0.6258913764370091,0.5,62.53,293
2966,"chai-tikvah foundation, the",mental health and addiction organization,Nursing and residential care facilities,Province of Ontario,,4600,bathurst street,M2R3V2,toronto,on,,Toronto,3520005.0,35,43.7641371,-79.44182311,toronto,0.363629602379294,0.8859777482361871,0.8,65.55,243
2981,chartwell avondale retirement residence,retirement home,Nursing and residential care facilities,Province of Ontario,,1238,queen street e,M4L1C3,toronto,on,,Toronto,3520005.0,35,43.66365619,-79.32980687,toronto,0.9717820827209607,0.6158631881823046,0.8,80.43,62
2983,chartwell ballycliffe long term care residence,long-term care home,Nursing and residential care facilities,Province of Ontario,,70,station street,L1S1R9,ajax,on,,Ajax,3518005.0,35,43.85095764,-79.02534179,ajax,0.9624472949421112,0.23295947475363377,0.8,66.65,226
2991,chartwell brant centre long term care residence,long-term care home,Nursing and residential care facilities,Province of Ontario,,1182,northshore boulevard e,L7S1C5,burlington,on,,Burlington,3524002.0,35,43.31651571,-79.80381069,burlington,0.25178229582536416,0.02440078155653802,0.8,30.93,852
2993,chartwell centennial retirement residence,retirement home,Nursing and residential care facilities,Province of Ontario,,259,hillcroft street,L1G8E4,oshawa,on,,Oshawa,3518013.0,35,43.91235415,-78.85972124,oshawa,0.49724850589238545,0.8700988739009299,0.8,70.34,183
2997,chartwell christopher terrace retirement residence,retirement home,Nursing and residential care facilities,Province of Ontario,,3131,new street,L7N3P8,burlington,on,,Burlington,3524002.0,35,43.34219451,-79.78182398,burlington,0.30087830981676966,0.021269410850387138,0.8,32.78,828
2999,chartwell colonial retirement residence,retirement home,Nursing and residential care facilities,Province of Ontario,,101,manning road,L1N9M2,whitby,on,,Whitby,3518009.0,35,43.89217885,-78.94637257,whitby,0.2848404943774676,0.8747016726841994,0.8,62.01,310
3001,chartwell constantia retirement residence,retirement home,Nursing and residential care facilities,Province of Ontario,,784,centre street,L4J9G7,vaughan,on,,Vaughan,3519028.0,35,43.81000591,-79.45672392,vaughan,0.036886947354532795,0.528937134027212,0.8,39.99,751
3009,chartwell gibson long term care residence,long-term care home,Nursing and residential care facilities,Province of Ontario,,1925,steeles avenue e,M2H2H3,toronto,on,,Toronto,3520005.0,35,43.80765981,-79.37379369,toronto,0.6095643339798968,0.9390676985128962,0.8,77.25,100
3010,chartwell gibson retirement residence,retirement home,Nursing and residential care facilities,Province of Ontario,,1955,steeles avenue e,M2H3P1,toronto,on,,Toronto,3520005.0,35,43.80779081,-79.37282579,toronto,0.5026790232288615,0.7987832357736654,0.8,68.06,211
3012,chartwell grenadier retirement residence,retirement home,Nursing and residential care facilities,Province of Ontario,,2100,bloor street w,M6S1M7,toronto,on,,Toronto,3520005.0,35,43.65263078,-79.47100711,toronto,0.05147875124998935,0.9979341105333375,0.8,56.99,415
3014,chartwell harwood retirement residences,retirement home,Nursing and residential care facilities,Province of Ontario,,240,old harwood avenue,L1T0N2,ajax,on,,Ajax,3518005.0,35,43.86504834,-79.02835469,ajax,0.27864646423661144,0.35071181545171015,0.8,43.42,700
3015,chartwell heritage glen retirement residence,retirement home,Nursing and residential care facilities,Province of Ontario,,6509,glen erin drive,L5N8P9,mississauga,on,,Mississauga,3521005.0,35,43.58275466,-79.7524751,mississauga,0.9082658859666537,0.7671882889311269,0.8,83.18,34
3024,chartwell lakeshore retirement residence,retirement home,Nursing and residential care facilities,Province of Ontario,,5314,lakeshore road,L7L6L8,burlington,on,,Burlington,3524002.0,35,43.36642542,-79.73256877,burlington,0.23956189066697242,0.40193091360924216,0.8,43.65,697
3026,chartwell lansing retirement residence,retirement home,Nursing and residential care facilities,Province of Ontario,,10,senlac road,M2N6P8,toronto,on,,Toronto,3520005.0,35,43.7594321,-79.42349041,toronto,0.1448948720912231,0.47987562030390885,0.8,42.59,711
3030,chartwell martha's landing retirement residence,retirement home,Nursing and residential care facilities,Province of Ontario,,2109,lakeshore road,L7R4Z4,burlington,on,,Burlington,3524002.0,35,43.32692581,-79.79224629,burlington,0.489452760277563,0.6275054632183701,0.8,61.54,318
3039,chartwell oakville retirement residence,retirement home,Nursing and residential care facilities,Province of Ontario,,180,oak park boulevard,L6H0A6,oakville,on,,Oakville,3524001.0,35,43.48067364,-79.71759898,oakville,0.9856504541106007,0.8736771141863388,0.8,90.0,6
3044,chartwell parkway retirement residence,retirement home,Nursing and residential care facilities,Province of Ontario,,1645,pickering parkway,L1V7E9,pickering,on,,Pickering,3518001.0,35,43.84066643,-79.0727951,pickering,0.2420552715115004,0.9840834691992951,0.8,64.13,270
3046,chartwell pickering city centre retirement residence,retirement home,Nursing and residential care facilities,Province of Ontario,,1801,valley farm road,L1V0A5,pickering,on,,Pickering,3518001.0,35,43.83806563,-79.0804323,pickering,0.6721355474058786,0.7682734138645182,0.8,73.77,146
3047,chartwell pine grove long term care residence,long-term care home,Nursing and residential care facilities,Province of Ontario,,8403,islington avenue,L4L1X3,vaughan,on,,Vaughan,3519028.0,35,43.797729,-79.58431476,vaughan,0.7616196153287176,0.41776678216733376,0.8,65.09,253
3048,chartwell pine grove retirement residence,retirement home,Nursing and residential care facilities,Province of Ontario,,8403,islington avenue,L4L1X3,vaughan,on,,Vaughan,3519028.0,35,43.797729,-79.58431476,vaughan,0.23763754399239967,0.4213570022770702,0.8,44.25,675
3052,chartwell regency retirement residence,retirement home,Nursing and residential care facilities,Province of Ontario,,29,mississauga road n,L5H2H7,mississauga,on,,Mississauga,3521005.0,35,43.54916686,-79.59085414,mississauga,0.7282163486118596,0.7375823015888915,0.8,74.94,130
3054,chartwell retirement residences  ballycliffe lodge nursing home,long term care,Nursing and residential care facilities,Canadian Institute for Health Information,,,,L1S1R9,ajax,on,,Ajax,,35,43.8611288,-79.0259267,ajax,0.3677831327192532,0.23877714576830233,0.8,43.07,706
3067,chartwell retirement residences  the brant centre,long term care,Nursing and residential care facilities,Canadian Institute for Health Information,,,,L7S1C5,burlington,on,,Burlington,,35,43.3255196,-79.7990319,burlington,0.6323058305935795,0.11047411313139466,0.8,49.16,595
3069,chartwell retirement residences  the waterford long term care residence,long term care,Nursing and residential care facilities,Canadian Institute for Health Information,,,,L6M4V6,oakville,on,,Oakville,,35,43.4507462,-79.7288743,oakville,0.6335297107608947,0.35462215764077654,0.8,57.75,392
3070,chartwell retirement residences  the wenleigh long term care residence,long term care,Nursing and residential care facilities,Canadian Institute for Health Information,,,,L5K2L6,mississauga,on,,Mississauga,,35,43.5852972,-79.64498379999999,mississauga,0.5357746840747585,0.28723899165408173,0.8,51.48,544
3074,chartwell retirement residences  the woodhaven,long term care,Nursing and residential care facilities,Canadian Institute for Health Information,,,,L6B1E1,markham,on,,Markham,,35,43.8599076,-79.3349945,markham,0.0902897700544083,0.2963081204559901,0.8,33.98,815
3075,chartwell retirement residences  the wynfield,long term care,Nursing and residential care facilities,Canadian Institute for Health Information,,,,L1G8E3,oshawa,on,,Oshawa,,35,43.8975974,-78.8635999,oshawa,0.835302495589238,0.23360775104990994,0.8,61.59,317
3077,chartwell retirement residences  white eagle residence,long term care,Nursing and residential care facilities,Canadian Institute for Health Information,,,,M6K3A6,toronto,on,,Toronto,,35,43.6548253,-79.388447,toronto,0.32078006497173583,0.04209318963636188,0.8,34.3,811
3081,chartwell robert speck retirement residence,retirement home,Nursing and residential care facilities,Province of Ontario,,100,robert speck parkway,L4Z0A1,mississauga,on,,Mississauga,3521005.0,35,43.59758416,-79.63359016,mississauga,0.18651851039985423,0.01787393473341381,0.8,28.09,866
3085,chartwell rouge valley retirement residence,retirement home,Nursing and residential care facilities,Province of Ontario,,5958,16 avenue,L3P3J3,markham,on,,Markham,3519036.0,35,43.89121033,-79.26722977,markham,0.040775141554763916,0.9877223897360315,0.8,56.2,430
3090,chartwell scarlett heights retirement residence,retirement home,Nursing and residential care facilities,Province of Ontario,,4005,eglinton avenue w,M9A5H3,toronto,on,,Toronto,3520005.0,35,43.68288858,-79.52073923,toronto,0.5908929431882418,0.42777313373586234,0.8,58.61,378
3099,chartwell trilogy long term care residence,long-term care home,Nursing and residential care facilities,Province of Ontario,,340,mccowan road,M1J3P4,toronto,on,,Toronto,3520005.0,35,43.73848531,-79.23864245,toronto,0.6775643618422824,0.3843266471596817,0.8,60.55,337
3100,chartwell valley vista retirement residence,retirement home,Nursing and residential care facilities,Province of Ontario,,600,valley vista drive,L6A4H2,vaughan,on,,Vaughan,3519028.0,35,43.85950242,-79.48212453,vaughan,0.016587828927856152,0.6796472826930698,0.8,44.45,672
3102,chartwell waterford long term care residence,long-term care home,Nursing and residential care facilities,Province of Ontario,,2140,baronwood drive,L6M4V6,oakville,on,,Oakville,3524001.0,35,43.42715623,-79.76303438,oakville,0.512093058299281,0.21825388786506417,0.8,48.12,607
3103,chartwell waterford retirement residence,retirement home,Nursing and residential care facilities,Province of Ontario,,2160,baronwood drive,L6M0Y1,oakville,on,,Oakville,3524001.0,35,43.42740353,-79.76329719,oakville,0.22649577519793795,0.9499611839502253,0.8,62.31,300
3106,chartwell wenleigh long term care residence,long-term care home,Nursing and residential care facilities,Province of Ontario,,2065,leanne boulevard,L5K2L6,mississauga,on,,Mississauga,3521005.0,35,43.52485635,-79.65178876,mississauga,0.6451727904094499,0.786345014415552,0.8,73.33,157
3107,chartwell westbury long term care residence,long-term care home,Nursing and residential care facilities,Province of Ontario,,495,the west mall,M9C5S3,toronto,on,,Toronto,3520005.0,35,43.64832328,-79.56767874,toronto,0.17436642900499144,0.08941100231225951,0.8,30.1,854
3112,chartwell white eagle long term care residence,long-term care home,Nursing and residential care facilities,Province of Ontario,,138,dowling avenue,M6K3A6,toronto,on,,Toronto,3520005.0,35,43.63717128,-79.4392265,toronto,0.690937738102466,0.41758077578492836,0.8,62.25,303
3115,chartwell woodhaven long term care residence,long-term care home,Nursing and residential care facilities,Province of Ontario,,380,church street,L6B1E1,markham,on,,Markham,3519036.0,35,43.88586653,-79.23093356,markham,0.3867353463005374,0.8791183075621647,0.8,66.24,232
3117,chartwell wynfield retirement residence,retirement home,Nursing and residential care facilities,Province of Ontario,,431,woodmount drive,L1K0P7,oshawa,on,,Oshawa,3518013.0,35,43.94642766,-78.87369675,oshawa,0.9367299887367345,0.9447320222914103,0.8,90.53,5
3133,cheltenham care community,long-term care home,Nursing and residential care facilities,Province of Ontario,,5935,bathurst street,M2R1Y8,toronto,on,,Toronto,3520005.0,35,43.7818402,-79.44446061,toronto,0.13752094414599325,0.4674015112498697,0.8,41.86,720
3135,cheshire homes - peel cheshire homes inc. (brampton),community support service,Ambulatory health care services,Province of Ontario,,156,murray street,L6X3L7,brampton,on,,Brampton,3521010.0,35,43.69888777,-79.78024741,brampton,0.3410663510502585,0.6134113892107077,0.5,47.61,613
3136,cheshire homes - peel cheshire homes inc. (streetsville),community support service,Ambulatory health care services,Province of Ontario,,361,queen street s,L5M1M3,mississauga,on,,Mississauga,3521005.0,35,43.57605736,-79.70511818,mississauga,0.11347352124058907,0.16703394609207523,0.5,22.89,894
3138,chester village,long-term care home,Nursing and residential care facilities,Province of Ontario,,3555,danforth avenue,M1L1E3,toronto,on,,Toronto,3520005.0,35,43.6936488,-79.27484865,toronto,0.9246936182785628,0.9911686261369765,0.8,91.68,4
3140,chiefs of ontario,community support service,Ambulatory health care services,Province of Ontario,,468,queen street e,M5A1T7,toronto,on,,Toronto,3520005.0,35,43.65697389,-79.36050608,toronto,0.877339353380981,0.2316717013834434,0.5,55.7,450
3145,chinese family services of ontario,mental health and addiction organization,Nursing and residential care facilities,Province of Ontario,,3330,midland avenue,M1V5E7,toronto,on,,Toronto,3520005.0,35,43.80799722,-79.28979207,toronto,0.2579416277151556,0.9427317741351257,0.8,63.31,286
3152,chirs,community support service,Ambulatory health care services,Province of Ontario,,62,finch avenue w,M2N7G1,toronto,on,,Toronto,3520005.0,35,43.77882471,-79.42092451,toronto,0.659984046034179,0.6496466489923685,0.5,61.64,316
3155,christie gardens,retirement home,Nursing and residential care facilities,Province of Ontario,,600,melita crescent,M6G3Z4,toronto,on,,Toronto,3520005.0,35,43.67304599,-79.4223122,toronto,0.8172222002012158,0.6077367948788591,0.8,73.96,142
3157,churchill place,retirement home,Nursing and residential care facilities,Province of Ontario,,345,church street,L6J7G4,oakville,on,,Oakville,3524001.0,35,43.44942594,-79.66593136,oakville,0.5552008115994623,0.5126885110165086,0.8,60.15,342
3158,cilt (centre for independent living in toronto) (df),community support service,Ambulatory health care services,Province of Ontario,,365,bloor street e,M4W3L4,toronto,on,,Toronto,3520005.0,35,43.67192409,-79.37797418,toronto,0.5296505783560065,0.2306698117177587,0.5,41.76,725
3159,circle of home care services (toronto),community support service,Ambulatory health care services,Province of Ontario,,4211,yonge street,M2P2A9,toronto,on,,Toronto,3520005.0,35,43.7481786,-79.407177,toronto,0.24185229090045168,0.17652803200550826,0.5,28.35,863
3167,city of mississauga -the next step to active living program,community support service,Ambulatory health care services,Province of Ontario,,2233,south millway drive,L5L3H7,mississauga,on,,Mississauga,3521005.0,35,43.542555,-79.684402,mississauga,0.09310276780589921,0.22048620907017535,0.5,23.94,888
3176,city of toronto,mental health and addiction organization,Nursing and residential care facilities,Province of Ontario,,277,victoria street,M5B1W2,toronto,on,,Toronto,3520005.0,35,43.65654429,-79.37938038,toronto,0.8972157579533268,0.18643826214425452,0.8,62.41,298
3177,city of toronto - long-term care homes & services - supportive housing,community support service,Ambulatory health care services,Province of Ontario,,55,john street,M5V3C6,toronto,on,,Toronto,3520005.0,35,43.64609738,-79.38896939,toronto,0.9004180571633305,0.7795844735667533,0.5,75.8,122
3178,city of toronto cummer lodge,community support service,Ambulatory health care services,Province of Ontario,,55,john street,M5V3C6,toronto,on,,Toronto,3520005.0,35,43.64609738,-79.38896939,toronto,0.6331014572732679,0.3501252591667301,0.5,50.08,568
3181,city of toronto  castleview wychwood towers,long term care,Nursing and residential care facilities,Canadian Institute for Health Information,,,,M6G3C3,toronto,on,,Toronto,,35,43.6548253,-79.388447,toronto,0.3390297910487007,0.05784267656339637,0.8,35.59,798
3182,city of toronto  fudger house,long term care,Nursing and residential care facilities,Canadian Institute for Health Information,,,,M4X1K6,toronto,on,,Toronto,,35,43.6548253,-79.388447,toronto,0.3492095746126609,0.9691026301408113,0.8,67.89,213
3186,city of toronto  true davidson acres,long term care,Nursing and residential care facilities,Canadian Institute for Health Information,,,,M4C5M8,toronto,on,,Toronto,,35,43.6548253,-79.388447,toronto,0.7259556788702394,0.8837858849634257,0.8,79.97,66
3191,clarendon foundation (cheshire homes) inc.,community support service,Ambulatory health care services,Province of Ontario,,10,overlea boulevard,M4H1A4,toronto,on,,Toronto,3520005.0,35,43.703519,-79.35245538,toronto,0.8971102599525771,0.927752283195213,0.5,80.86,59
3195,closing the gap healthcare group inc.,community support service,Ambulatory health care services,Province of Ontario,,2810,matheson boulevard e,L4W4X7,mississauga,on,,Mississauga,3521005.0,35,43.66542478,-79.59519885,mississauga,0.8870864242651173,0.9949078226464353,0.5,82.81,40
3197,cmha durham,nurse practitioner led clinic,Ambulatory health care services,Province of Ontario,,60,bond street w,L1G1A5,oshawa,on,,Oshawa,3518013.0,35,43.89821385,-78.86653234,oshawa,0.7798755458576239,0.1738952492194873,0.5,49.78,577
3199,cnib,community support service,Ambulatory health care services,Province of Ontario,,1929,bayview avenue,M4G3E8,toronto,on,,Toronto,3520005.0,35,43.7179585,-79.37770879,toronto,0.6420316461542878,0.39624201890265875,0.5,52.05,529
3222,community care durham,mental health and addiction organization,Nursing and residential care facilities,Province of Ontario,,20,sunray street,L1N8Y3,whitby,on,,Whitby,3518009.0,35,43.87165105,-78.91437355,whitby,0.08413996499504883,0.7582384757040913,0.8,49.9,574
3230,community head injury resources services of toronto,community support service,Ambulatory health care services,Province of Ontario,,62,finch avenue w,M2N7G1,toronto,on,,Toronto,3520005.0,35,43.77882471,-79.42092451,toronto,0.16162871409461377,0.6960206180537922,0.5,43.33,701
3245,conmed health care group  billings court manor,long term care,Nursing and residential care facilities,Canadian Institute for Health Information,,,,L7N3N6,burlington,on,,Burlington,,35,43.3255196,-79.7990319,burlington,0.8985541885270792,0.15389590633985506,0.8,61.33,323
3253,constitution place,retirement home,Nursing and residential care facilities,Province of Ontario,,3051,constitution boulevard,L4Y2Z1,mississauga,on,,Mississauga,3521005.0,35,43.60446857,-79.59239015,mississauga,0.6064290596595899,0.8158331249906178,0.8,72.81,164
3256,cooksville care centre,long-term care home,Nursing and residential care facilities,Province of Ontario,,55,the queensway w,L5B1B5,mississauga,on,,Mississauga,3521005.0,35,43.57334286,-79.60968605,mississauga,0.009197051616629648,0.22444057183666066,0.8,28.22,864
3257,copernicus lodge,long-term care home,Nursing and residential care facilities,Province of Ontario,,66,roncesvalles avenue,M6R3A7,toronto,on,,Toronto,3520005.0,35,43.64020808,-79.447311,toronto,0.1014715428660321,0.22381761482262308,0.8,31.89,840
3278,costi immigrant services,mental health and addiction organization,Nursing and residential care facilities,Province of Ontario,,1710,dufferin street,M6E3P2,toronto,on,,Toronto,3520005.0,35,43.67885409,-79.44368851,toronto,0.6635017691080558,0.5369744228934136,0.8,65.33,249
3279,cota health,mental health and addiction organization,Nursing and residential care facilities,Province of Ontario,,425,sherbourne street,M4X1K5,toronto,on,,Toronto,3520005.0,35,43.66516559,-79.37364258,toronto,0.005061583846218687,0.5929399348417032,0.8,40.96,739
3280,cota health (toronto central lhin),community support service,Ambulatory health care services,Province of Ontario,,550,queen street e,M5A1V2,toronto,on,,Toronto,3520005.0,35,43.65746389,-79.35716348,toronto,0.16080805141749865,0.5800862078378112,0.5,39.24,761
3322,craiglee nursing home,long-term care home,Nursing and residential care facilities,Province of Ontario,,102,craiglee drive,M1N2M7,toronto,on,,Toronto,3520005.0,35,43.706865,-79.25329325,toronto,0.5487337893665861,0.09148683739775487,0.8,45.15,655
3325,credit river retirement residence,retirement home,Nursing and residential care facilities,Province of Ontario,,175,rutledge road,L5M0X7,mississauga,on,,Mississauga,3521005.0,35,43.58094516,-79.71729218,mississauga,0.6918951976926933,0.8774608626303804,0.8,78.39,79
3326,credit valley family health team,family health team - contract,Ambulatory health care services,Province of Ontario,,2300,eglinton avenue w,L5M2V8,mississauga,on,,Mississauga,3521005.0,35,43.55907115,-79.70554618,mississauga,0.6519612595026005,0.26560004258870606,0.5,47.87,610
3327,credit valley hospital,general,Hospitals,Public Health Agency of Canada,,2200,eglinton ave w,L5M2N1,mississauga,on,2200 eglinton ave. w. mississauga on l5m 2n1,Mississauga,3521005.0,35,43.5593496,-79.7032464,mississauga,0.22426930946055978,0.12951492128280417,1.0,38.5,767
3329,creek way village,long-term care home,Nursing and residential care facilities,Province of Ontario,,5200,corporate drive,L7L7G7,burlington,on,,Burlington,3524002.0,35,43.39302822,-79.77985319,burlington,0.7121792213475359,0.8887480798689772,0.8,79.59,71
3330,crescent hill place retirement,retirement home,Nursing and residential care facilities,Province of Ontario,,3,crescent hill drive s,L6S2P2,brampton,on,,Brampton,3521010.0,35,43.72163358,-79.7364305,brampton,0.23724908749680007,0.9556514982297534,0.8,62.94,289
3333,cross toronto community development corporation,mental health and addiction organization,Nursing and residential care facilities,Province of Ontario,,3345,dundas street w,M6P2A6,toronto,on,,Toronto,3520005.0,35,43.66546488,-79.48166312,toronto,0.3253996981592677,0.8621276172654506,0.8,63.19,288
3336,crosstown family health team (formerly west park),family health team - contract,Ambulatory health care services,Province of Ontario,,1286,weston road,M6M4R3,toronto,on,,Toronto,3520005.0,35,43.68896429,-79.49550922,toronto,0.7464914051180241,0.8095160747248781,0.5,70.69,178
3342,cummer lodge,long-term care home,Nursing and residential care facilities,Province of Ontario,,205,cummer avenue,M2M2E8,toronto,on,,Toronto,3520005.0,35,43.78816171,-79.4075617,toronto,0.6496328990472147,0.6552419806390217,0.8,68.92,200
3346,davenhill senior living,retirement home,Nursing and residential care facilities,Province of Ontario,,877,yonge street,M4W3M2,toronto,on,,Toronto,3520005.0,35,43.67423139,-79.38791859,toronto,0.8492234104941779,0.5508573706091393,0.8,73.25,158
3347,davenport perth neighbourhood centre,children's treatment centre,Hospitals,Province of Ontario,,1900,davenport road,M6N1B7,toronto,on,,Toronto,3520005.0,35,43.67068498,-79.45483721,toronto,0.6576128923003434,0.08698675991141014,1.0,54.35,476
3348,davenport-perth neighbourhood & community health centre - css,community support service,Ambulatory health care services,Province of Ontario,,1900,davenport road,M6N1B7,toronto,on,,Toronto,3520005.0,35,43.67068498,-79.45483721,toronto,0.5683086033354716,0.4084532130706987,0.5,49.53,584
3358,deerwood creek care community,long-term care home,Nursing and residential care facilities,Province of Ontario,,70,humberline drive,M9W7H3,toronto,on,,Toronto,3520005.0,35,43.73160489,-79.61744587,toronto,0.09367476782809248,0.372688517012314,0.8,36.79,790
3362,delmanor elgin mills,retirement home,Nursing and residential care facilities,Province of Ontario,,80,elgin mills road e,L4C0L3,richmond hill,on,,Richmond Hill,3519038.0,35,43.89114592,-79.43936142,richmond hill,0.3677158030594335,0.2597537837603262,0.8,43.8,691
3363,delmanor glen abbey,retirement home,Nursing and residential care facilities,Province of Ontario,,1459,nottinghill gate,L6M4W1,oakville,on,,Oakville,3524001.0,35,43.44530143,-79.73083328,oakville,0.26520236768172545,0.7234201136885849,0.8,55.93,440
3364,delmanor northtown,retirement home,Nursing and residential care facilities,Province of Ontario,,5351,yonge street,M2N7L5,toronto,on,,Toronto,3520005.0,35,43.77540511,-79.4141526,toronto,0.24398964337908358,0.4958757350787708,0.8,47.12,623
3365,delmanor prince edward,retirement home,Nursing and residential care facilities,Province of Ontario,,4180,dundas street w,M8X1X8,toronto,on,,Toronto,3520005.0,35,43.66125518,-79.51006583,toronto,0.9730105547524456,0.08104621590764793,0.8,61.76,314
3366,delmanor wynford,retirement home,Nursing and residential care facilities,Province of Ontario,,187,wynford drive,M3C0C7,toronto,on,,Toronto,3520005.0,35,43.7246323,-79.32618287,toronto,0.3930977246667604,0.22018320194981134,0.8,43.43,699
3374,dixie bloor neighbourhood drop-in centre,community support service,Ambulatory health care services,Province of Ontario,,3650,dixie road,L4Y3V9,mississauga,on,,Mississauga,3521005.0,35,43.62129377,-79.60303445,mississauga,0.8920465551771133,0.6832587636595959,0.5,72.1,169
3375,dixon hall,community support service,Ambulatory health care services,Province of Ontario,,58,sumach street,M5A3J7,toronto,on,,Toronto,3520005.0,35,43.65624799,-79.35890658,toronto,0.6311386259972629,0.07613085949030018,0.5,40.41,745
3379,dom lipa,long-term care home,Nursing and residential care facilities,Province of Ontario,,52,neilson drive,M9C1V7,toronto,on,,Toronto,3520005.0,35,43.62949697,-79.56513824,toronto,0.7948113035416484,0.8512069140487687,0.8,81.58,51
3382,don mills fht,family health team - contract,Ambulatory health care services,Province of Ontario,,35,foxden road,M3C2B2,toronto,on,,Toronto,3520005.0,35,43.7286232,-79.34204848,toronto,0.5026370931051921,0.4951465270139743,0.5,49.94,572
3384,donway place,retirement home,Nursing and residential care facilities,Province of Ontario,,8,the donway e,M3C3R7,toronto,on,,Toronto,3520005.0,35,43.734248,-79.34066228,toronto,0.5769038846263591,0.480586577326648,0.8,59.9,348
3387,dorothy ley hospice,community support service,Ambulatory health care services,Province of Ontario,,170,sherway drive,M9C1A6,toronto,on,,Toronto,3520005.0,35,43.60806727,-79.55990744,toronto,0.4925176938188639,0.5924077846595176,0.5,52.93,508
3388,dorval medical associates family health team,family health team - contract,Ambulatory health care services,Province of Ontario,,465,morden road,L6K3W6,oakville,on,,Oakville,3524001.0,35,43.44193983,-79.69414926,oakville,0.1952429877980445,0.8246809659251492,0.5,49.17,593
3392,dowling rest home,retirement home,Nursing and residential care facilities,Province of Ontario,,124,dowling avenue,M6K3A6,toronto,on,,Toronto,3520005.0,35,43.63691448,-79.4389914,toronto,0.7224521152615053,0.34780920790219305,0.8,61.07,328
3393,downsview long term care centre,long-term care home,Nursing and residential care facilities,Province of Ontario,,3595,keele street,M3J1M7,toronto,on,,Toronto,3520005.0,35,43.7511842,-79.48559573,toronto,0.2807723624408558,0.6780161525590636,0.8,54.96,465
3411,durham community health centre,community health centre,Hospitals,Province of Ontario,,115,grassmere avenue,L1H3X7,oshawa,on,,Oshawa,3518013.0,35,43.86928605,-78.84479043,oshawa,0.02431596643145384,0.5657319639957911,1.0,45.77,646
3412,durham hospice,community support service,Ambulatory health care services,Province of Ontario,,1650,dundas street e,L1N2K8,whitby,on,,Whitby,3518009.0,35,43.88801015,-78.91036165,whitby,0.6454722959071678,0.2670282701694213,0.5,47.66,612
3413,durham mental health services,mental health and addiction organization,Nursing and residential care facilities,Province of Ontario,,1525,nichol avenue,L1N8R5,whitby,on,,Whitby,3518009.0,35,43.88199115,-78.91455045,whitby,0.17711067940704894,0.878629986355158,0.8,57.84,389
3414,durham region health department,public health unit office,Ambulatory health care services,Province of Ontario,,605,rossland road e,L1N0B2,whitby,on,,Whitby,3518009.0,35,43.89862715,-78.94031826,whitby,0.9404585843529143,0.7974260216069281,0.5,78.03,86
3419,east end community health centre,children's treatment centre,Hospitals,Province of Ontario,,1619,queen street e,M4L1G4,toronto,on,,Toronto,3520005.0,35,43.66630519,-79.31630836,toronto,0.9539285770025874,0.6584518346584255,1.0,86.2,19
3420,east gta family health team,family health team - contract,Ambulatory health care services,Province of Ontario,,520,ellesmere road,M1R0B1,toronto,on,,Toronto,3520005.0,35,43.76296761,-79.29523607,toronto,0.9148643902204485,0.8505817290942419,0.5,78.86,75
3423,east york meals on wheels,community support service,Ambulatory health care services,Province of Ontario,,2,thorncliffe park drive,M4H1H2,toronto,on,,Toronto,3520005.0,35,43.7065469,-79.35157538,toronto,0.3701587002554444,0.8672942009598024,0.5,57.66,395
3424,east york mental health counselling services agency,mental health and addiction organization,Nursing and residential care facilities,Province of Ontario,,1245,danforth avenue,M4J1M8,toronto,on,,Toronto,3520005.0,35,43.68158869,-79.33065757,toronto,0.015456616528867428,0.7083629767150348,0.8,45.41,653
3431,eastview neighbourhood community centre,community support service,Ambulatory health care services,Province of Ontario,,86,blake street,M4J3C9,toronto,on,,Toronto,3520005.0,35,43.67506329,-79.33978307,toronto,0.9283185625877254,0.837013328363672,0.5,78.93,74
3432,eatonville care centre,long-term care home,Nursing and residential care facilities,Province of Ontario,,420,the east mall,M9B3Z9,toronto,on,,Toronto,3520005.0,35,43.64760318,-79.56046144,toronto,0.42818414831731433,0.6974714616692836,0.8,61.54,318
3433,eden community homes,mental health and addiction organization,Nursing and residential care facilities,Province of Ontario,,196,beverley street,M5T1Z1,toronto,on,,Toronto,3520005.0,35,43.65637419,-79.39509179,toronto,0.9666548190436696,0.6801407717603004,0.8,82.47,42
3441,ehatare nursing home,long-term care home,Nursing and residential care facilities,Province of Ontario,,40,old kingston road,M1E3J5,toronto,on,,Toronto,3520005.0,35,43.77551412,-79.18320493,toronto,0.9636199770892528,0.6186113782151843,0.8,80.2,63
3442,ehatare retirement home,retirement home,Nursing and residential care facilities,Province of Ontario,,40,old kingston road,M1E3J5,toronto,on,,Toronto,3520005.0,35,43.77551412,-79.18320493,toronto,0.8530094554673601,0.7527166395576412,0.8,80.47,61
3447,elginwood,long-term care home,Nursing and residential care facilities,Province of Ontario,,182,yorkland street,L4S2M9,richmond hill,on,,Richmond Hill,3519038.0,35,43.90172983,-79.44169122,richmond hill,0.2944488920695857,0.1586051052930737,0.8,37.33,784
3448,elim springs retirement residence,retirement home,Nursing and residential care facilities,Province of Ontario,,3838,bloor street w,M9B1L1,toronto,on,,Toronto,3520005.0,35,43.64126548,-79.53888573,toronto,0.38509772860192526,0.8808707591989284,0.8,66.23,233
3452,elm grove living centre,long-term care home,Nursing and residential care facilities,Province of Ontario,,35,elm grove avenue,M6K2J2,toronto,on,,Toronto,3520005.0,35,43.64031588,-79.4307008,toronto,0.8511366715168569,0.871843527745232,0.8,84.56,26
3456,emery-keelesdale,nurse practitioner led clinic,Ambulatory health care services,Province of Ontario,,2562,eglinton avenue w,M6M1T4,toronto,on,,Toronto,3520005.0,35,43.69098659,-79.47236762,toronto,0.31692200515627766,0.029247283034559146,0.5,26.2,877
3470,erin mills lodge nursing home,long-term care home,Nursing and residential care facilities,Province of Ontario,,2132,dundas street w,L5K2K7,mississauga,on,,Mississauga,3521005.0,35,43.53474615,-79.66736096,mississauga,0.1694927466860925,0.8258167505647627,0.8,55.68,452
3480,estherville manor,retirement home,Nursing and residential care facilities,Province of Ontario,,10606,mclaughlin road n,L7A0C9,brampton,on,,Brampton,3521010.0,35,43.69601307,-79.79769042,brampton,0.5568012624583502,0.1288698674734452,0.8,46.78,627
3481,etobicoke medical centre family health team,family health team - contract,Ambulatory health care services,Province of Ontario,,400,the east mall,M9B3Z9,toronto,on,,Toronto,3520005.0,35,43.64655638,-79.56056694,toronto,0.936154774160781,0.3351188542591419,0.5,61.68,315
3482,etobicoke service for seniors,community support service,Ambulatory health care services,Province of Ontario,,2245,lawrence avenue w,M9P3W3,toronto,on,,Toronto,3520005.0,35,43.69710409,-79.52690243,toronto,0.696029796674973,0.7435082562916078,0.5,66.36,231
3483,etobicoke service for seniors (toronto central lhin),community support service,Ambulatory health care services,Province of Ontario,,2245,lawrence avenue w,M9P3W3,toronto,on,,Toronto,3520005.0,35,43.69710409,-79.52690243,toronto,0.570061170089365,0.1607598960483082,0.5,40.93,740
3484,evans house,retirement home,Nursing and residential care facilities,Province of Ontario,,63,evans avenue,M8Z1H4,toronto,on,,Toronto,3520005.0,35,43.62017967,-79.50327902,toronto,0.09717649377076854,0.8179670241190622,0.8,52.52,513
3485,evergreen retirement residence,retirement home,Nursing and residential care facilities,Province of Ontario,,820,scollard court,L5V0A1,mississauga,on,,Mississauga,3521005.0,35,43.59259706,-79.67056277,mississauga,0.6150072266991697,0.8321341779577419,0.8,73.72,147
3487,extendicare bayview,long-term care home,Nursing and residential care facilities,Province of Ontario,,550,cummer avenue,M2K2M2,toronto,on,,Toronto,3520005.0,35,43.79341251,-79.3906724,toronto,0.9900538501042633,0.5074677337608362,0.8,77.36,98
3488,extendicare brampton,long-term care home,Nursing and residential care facilities,Province of Ontario,,7891,mclaughlin road,L6Y5H8,brampton,on,,Brampton,3521010.0,35,43.65536347,-79.7356338,brampton,0.14008401523652403,0.00638587171683358,0.8,25.83,880
3491,extendicare guildwood,long-term care home,Nursing and residential care facilities,Province of Ontario,,60,guildwood parkway,M1E1N9,toronto,on,,Toronto,3520005.0,35,43.74686311,-79.20313123,toronto,0.5183296523637367,0.2870381331749128,0.8,50.78,559
3504,extendicare mississauga,long-term care home,Nursing and residential care facilities,Province of Ontario,,855,john watt boulevard,L5W1G2,mississauga,on,,Mississauga,3521005.0,35,43.63238897,-79.72791359,mississauga,0.8773730719279554,0.6169269183757422,0.8,76.69,111
3506,extendicare oshawa,long-term care home,Nursing and residential care facilities,Province of Ontario,,82,park road n,L1J4L1,oshawa,on,,Oshawa,3518013.0,35,43.89733765,-78.87514724,oshawa,0.7407686177542044,0.9811861780274235,0.8,83.97,29
3510,extendicare rouge valley,long-term care home,Nursing and residential care facilities,Province of Ontario,,551,conlins road,M1B5S1,toronto,on,,Toronto,3520005.0,35,43.80332132,-79.18867764,toronto,0.697015740995268,0.6318135270166684,0.8,69.99,186
3511,extendicare scarborough,long-term care home,Nursing and residential care facilities,Province of Ontario,,3830,lawrence avenue e,M1G1R6,toronto,on,,Toronto,3520005.0,35,43.76375641,-79.21012454,toronto,0.7024840839871093,0.2598035810641598,0.8,57.19,411
3526,fairfield residence,retirement home,Nursing and residential care facilities,Province of Ontario,,10,fairfield avenue,M8V2H9,toronto,on,,Toronto,3520005.0,35,43.59791447,-79.52347352,toronto,0.35949115121975517,0.6340057030996114,0.8,56.57,423
3531,fairview lodge,long-term care home,Nursing and residential care facilities,Province of Ontario,,632,dundas street w,L1N5S3,whitby,on,,Whitby,3518009.0,35,43.87912064,-78.95110927,whitby,0.29359184426449336,0.5399853797158555,0.8,50.64,562
3532,fairview lodge (the regional municipality of durham),community support service,Ambulatory health care services,Province of Ontario,,605,rossland road e,L1N6A3,whitby,on,,Whitby,3518009.0,35,43.89862715,-78.94031826,whitby,0.8093611554785136,0.7798453951511436,0.5,72.17,167
3537,fairview nursing home,long-term care home,Nursing and residential care facilities,Province of Ontario,,14,cross street,M6J1S8,toronto,on,,Toronto,3520005.0,35,43.64812078,-79.4285026,toronto,0.8101133946791808,0.10698063882695841,0.8,56.15,433
3539,faith manor nursing home,long-term care home,Nursing and residential care facilities,Province of Ontario,,7900,mclaughlin road s,L6Y5A7,brampton,on,,Brampton,3521010.0,35,43.65401717,-79.7413989,brampton,0.8670723185801037,0.761027902502028,0.8,81.32,54
3540,faith place,community support service,Ambulatory health care services,Province of Ontario,,44,william street w,L1G1J9,oshawa,on,,Oshawa,3518013.0,35,43.89998245,-78.86653234,oshawa,0.9132405525564713,0.5412665786761103,0.5,67.97,212
3541,family association for mental health everywhere (fame),mental health and addiction organization,Nursing and residential care facilities,Province of Ontario,,7700,hurontario street,L6Y4M3,brampton,on,,Brampton,3521010.0,35,43.65860057,-79.72630969,brampton,0.5113423988609378,0.9629920038589946,0.8,74.16,137
3548,family service toronto,senior active living centre,Nursing and residential care facilities,Province of Ontario,,355,church street,M5B1Z8,toronto,on,,Toronto,3520005.0,35,43.66039509,-79.37858618,toronto,0.5015162946871996,0.3418721660386861,0.8,52.03,531
3557,fieldstone commons care community,long-term care home,Nursing and residential care facilities,Province of Ontario,,1000,ellesmere road,M1P5G2,toronto,on,,Toronto,3520005.0,35,43.76728591,-79.27793126,toronto,0.7982951789667752,0.6326218931339481,0.8,74.07,140
3558,fife house,mental health and addiction organization,Nursing and residential care facilities,Province of Ontario,,490,sherbourne street,M4X1K9,toronto,on,,Toronto,3520005.0,35,43.66765829,-79.37508638,toronto,0.6499639307777652,0.9320281055100175,0.8,78.62,77
3559,fife house foundation,community support service,Ambulatory health care services,Province of Ontario,,490,sherbourne street,M4X1K9,toronto,on,,Toronto,3520005.0,35,43.66765829,-79.37508638,toronto,0.7019668772577033,0.10250972799067926,0.5,44.17,678
3564,flemingdon health centre,children's treatment centre,Hospitals,Province of Ontario,,10,gateway boulevard,M3C3A1,toronto,on,,Toronto,3520005.0,35,43.70983,-79.33261657,toronto,0.795792669436101,0.9372284872364511,1.0,89.63,10
3568,forest hill place,retirement home,Nursing and residential care facilities,Province of Ontario,,645,castlefield avenue,M5N3A5,toronto,on,,Toronto,3520005.0,35,43.70622009,-79.4252491,toronto,0.8900053418175663,0.6878857223008134,0.8,79.68,68
3575,forum italia community services - micba,community support service,Ambulatory health care services,Province of Ontario,,155,forum drive,L4Z3M9,mississauga,on,,Mississauga,3521005.0,35,43.61192657,-79.65063147,mississauga,0.3379951568515358,0.0678370591051719,0.5,28.39,862
3576,fosterbrooke,long-term care home,Nursing and residential care facilities,Province of Ontario,,330,king street w,L1B1G9,toronto,on,,Toronto,3520005.0,35,43.64665448,-79.39003029,toronto,0.375582952639944,0.30096356694681625,0.8,45.56,648
3577,fountain view care community,long-term care home,Nursing and residential care facilities,Province of Ontario,,1800,oconnor drive,M4A1W7,toronto,on,,Toronto,3520005.0,35,43.7205599,-79.30496586,toronto,0.093981939840869,0.7081720886452816,0.8,48.55,603
3582,four elms retirement residence,retirement home,Nursing and residential care facilities,Province of Ontario,,1500,steeles avenue w,L4J4H6,vaughan,on,,Vaughan,3519028.0,35,43.7877523,-79.46946902,vaughan,0.578280140996174,0.0673506014687717,0.8,45.49,650
3592,fred victor centre,mental health and addiction organization,Nursing and residential care facilities,Province of Ontario,,444,young street,M5B2H4,toronto,on,,Toronto,3520005.0,35,43.66070949,-79.38355728,toronto,0.035942273796742086,0.5821704601762733,0.8,41.81,724
3595,friends & advocates peel,mental health and addiction organization,Nursing and residential care facilities,Province of Ontario,,239,queen street e,L6W2B6,brampton,on,,Brampton,3521010.0,35,43.69622638,-79.7472506,brampton,0.46559801813246016,0.34588305695295674,0.8,50.73,560
3596,friuli terrace (friuli benevolent corp / friuli),community support service,Ambulatory health care services,Province of Ontario,,60,friuli court,L4L8G8,vaughan,on,,Vaughan,3519028.0,35,43.76625,-79.57303415,vaughan,0.5426446347075766,0.6209155177674771,0.5,55.94,439
3598,fudger house,long-term care home,Nursing and residential care facilities,Province of Ontario,,439,sherbourne street,M4X1K6,toronto,on,,Toronto,3520005.0,35,43.66633069,-79.37402148,toronto,0.2865412521282844,0.04574203381251285,0.8,33.06,826
3601,garden court nursing home,long-term care home,Nursing and residential care facilities,Province of Ontario,,1,sand beach road,M8V2W2,toronto,on,,Toronto,3520005.0,35,43.60195707,-79.49680752,toronto,0.5908332605690108,0.8715368061523763,0.8,74.14,138
3613,george brown college,mental health and addiction organization,Nursing and residential care facilities,Province of Ontario,,200,king street e,M5A3W8,toronto,on,,Toronto,3520005.0,35,43.65124129,-79.37027698,toronto,0.03050024993904943,0.9734889691773969,0.8,55.29,460
3614,george herman house,mental health and addiction organization,Nursing and residential care facilities,Province of Ontario,,158,madison avenue,M5R2S5,toronto,on,,Toronto,3520005.0,35,43.67398969,-79.40582219,toronto,0.03734818874921442,0.9688778552856915,0.8,55.4,459
3629,gerstein crisis centre,mental health and addiction organization,Nursing and residential care facilities,Province of Ontario,,24,silverview drive,M2M2B3,toronto,on,,Toronto,3520005.0,35,43.78638301,-79.4118822,toronto,0.8226005606596583,0.7496518317429247,0.8,79.14,72
3643,glynnwood,retirement home,Nursing and residential care facilities,Province of Ontario,,7700,bayview avenue,L3T5W1,markham,on,,Markham,3519036.0,35,43.81983661,-79.40361491,markham,0.3601906414112629,0.13008624013063197,0.8,38.96,764
3659,good shepherd ministries,community support service,Ambulatory health care services,Province of Ontario,,412,queen street e,M5A1T3,toronto,on,,Toronto,3520005.0,35,43.65615969,-79.36252578,toronto,0.12706051265188478,0.7582631959290226,0.5,44.12,682
3661,good shepherd refuge social ministries,mental health and addiction organization,Nursing and residential care facilities,Province of Ontario,,412,queen street e,M5A1T3,toronto,on,,Toronto,3520005.0,35,43.65615969,-79.36252578,toronto,0.5222432600548044,0.02458691645880151,0.8,41.75,726
3664,"governing council of the salvation army in canada, the",mental health and addiction organization,Nursing and residential care facilities,Province of Ontario,,78,admiral road,M5R2L6,toronto,on,,Toronto,3520005.0,35,43.67333259,-79.40135009,toronto,0.7699935530986108,0.022123551528997254,0.8,51.57,542
3667,grace manor,long-term care home,Nursing and residential care facilities,Province of Ontario,,45,kingknoll drive,L6Y5P2,brampton,on,,Brampton,3521010.0,35,43.65294337,-79.7414379,brampton,0.21582102749684318,0.32361021914954125,0.8,39.96,752
3693,greenview lodge,retirement home,Nursing and residential care facilities,Province of Ontario,,880,lawrence avenue e,M3C1P6,toronto,on,,Toronto,3520005.0,35,43.736373,-79.34886588,toronto,0.6228904758190003,0.48864319040466575,0.8,62.02,309
3694,greenway lodge retirement home,retirement home,Nursing and residential care facilities,Province of Ontario,,860,the greenway,L5G1P6,mississauga,on,,Mississauga,3521005.0,35,43.56395956,-79.56964054,mississauga,0.085347464993768,0.7704074178077932,0.8,50.38,567
3695,greenway retirement village,retirement home,Nursing and residential care facilities,Province of Ontario,,100,ken whillans drive,L6V0A4,brampton,on,,Brampton,3521010.0,35,43.69217287,-79.76373531,brampton,0.0516817211686077,0.6832953766065052,0.8,45.98,640
3726,habitat services (mental health program services of metropolitan toronto),mental health and addiction organization,Nursing and residential care facilities,Province of Ontario,,2238,dundas street w,M6R3A9,toronto,on,,Toronto,3520005.0,35,43.65437708,-79.45149351,toronto,0.531354631568148,0.44590270637674834,0.8,56.86,418
3744,halton cheshire homes incorporated - carey house,community support service,Ambulatory health care services,Province of Ontario,,3060,mainway drive,L7M1A3,burlington,on,,Burlington,3524002.0,35,43.35761511,-79.80927849,burlington,0.5406351216101065,0.2736266662816659,0.5,43.7,693
3746,halton healthcare services,,Hospitals,Canadian Institute for Health Information,,327,reynolds st,L6J3L7,oakville,on,327 reynolds st. oakville on l6j 3l7 canada,Oakville,3524001.0,35,43.453245,-79.67417,oakville,0.6374299014982066,0.9971245001577111,1.0,85.4,22
3749,halton healthcare services - oakville,hospital - corporation,Hospitals,Province of Ontario,,3001,hospital gate,L6M0L8,oakville,on,,Oakville,3524001.0,35,43.44892573,-79.76659729,oakville,0.7260913337226615,0.42618130223597295,1.0,68.96,199
3750,halton healthcare services corporation,midwifery clinic,Ambulatory health care services,Province of Ontario,,3001,hospital gate,L6M0L8,oakville,on,,Oakville,3524001.0,35,43.45041353,-79.76475299,oakville,0.9758520794625346,0.4513870243296755,0.5,67.33,217
3752,halton healthcare services corporation - oakville site,general,Hospitals,Public Health Agency of Canada,,327,reynolds st,L6J3L7,oakville,on,327 reynolds st. oakville on l6j 3l7,Oakville,3524001.0,35,43.453245,-79.6741696,oakville,0.5163003483011953,0.16362382119166918,1.0,51.38,547
3755,halton healthcare services  oakville-trafalgar memorial hospital,"active acute hospital, long term care",Hospitals,Canadian Institute for Health Information,,,,L6M0L8,oakville,on,,Oakville,,35,43.4507462,-79.7288743,oakville,0.32295647294124596,0.7948095487499294,1.0,65.74,240
3757,halton region health department,aids bureau,Ambulatory health care services,Province of Ontario,,3350,fairview street,L7N3L5,burlington,on,,Burlington,3524002.0,35,43.35405261,-79.78458289,burlington,0.7951861947687037,0.6936822257814886,0.5,68.59,204
3789,hampton terrace care centre,long-term care home,Nursing and residential care facilities,Province of Ontario,,75,plains road w,L7T1E8,burlington,on,,Burlington,3524002.0,35,43.3054339,-79.8554984,burlington,0.2708322512620742,0.2207696127887604,0.8,38.56,766
3799,harmony hall centre- call a service inc,community support service,Ambulatory health care services,Province of Ontario,,2,gower street,M4B1E2,toronto,on,,Toronto,3520005.0,35,43.7021584,-79.29886836,toronto,0.4389714207056361,0.0823810456158427,0.5,32.94,827
3800,harmony hill retirement community,retirement home,Nursing and residential care facilities,Province of Ontario,,1335,benson street,L1K0W6,oshawa,on,,Oshawa,3518013.0,35,43.94184456,-78.83499383,oshawa,0.07845638134226596,0.6804993020747131,0.8,46.96,624
3801,harmony hills care community,long-term care home,Nursing and residential care facilities,Province of Ontario,,1800,oconnor drive,M4A1W7,toronto,on,,Toronto,3520005.0,35,43.7205599,-79.30496586,toronto,0.02535074341545751,0.6545112142811352,0.8,43.92,688
3802,harold and grace baker centre,retirement home,Nursing and residential care facilities,Province of Ontario,,1,northwestern avenue,M6M2J7,toronto,on,,Toronto,3520005.0,35,43.69821459,-79.46978092,toronto,0.9626484146779251,0.2732595269982093,0.8,68.07,210
3811,hawthorn woods care community,long-term care home,Nursing and residential care facilities,Province of Ontario,,9257,goreway drive,L6P0N5,brampton,on,,Brampton,3521010.0,35,43.75755779,-79.68888879,brampton,0.8359801205122058,0.9508635622504104,0.8,86.72,17
3812,hawthorne place care centre,long-term care home,Nursing and residential care facilities,Province of Ontario,,2045,finch avenue w,M3N1M9,toronto,on,,Toronto,3520005.0,35,43.7562352,-79.52146844,toronto,0.695974206093698,0.15105789178090023,0.8,53.13,504
3813,hazel burns hospice,community support service,Ambulatory health care services,Province of Ontario,,2562,eglinton avenue w,M6M1T4,toronto,on,,Toronto,3520005.0,35,43.69098659,-79.47236762,toronto,0.4089529444142699,0.4323348010426019,0.5,43.99,685
3815,hazelton place retirement residence,retirement home,Nursing and residential care facilities,Province of Ontario,,111,avenue road,M5R3J8,toronto,on,,Toronto,3520005.0,35,43.67320579,-79.39543479,toronto,0.17329432007084578,0.9436159201675989,0.8,59.96,347
3821,health for all fht,family health team - contract,Ambulatory health care services,Province of Ontario,,379,church street,L6B0T1,markham,on,,Markham,3519036.0,35,43.88472803,-79.23194586,markham,0.15643704267108605,0.4197273169261223,0.5,33.45,821
3828,hearthouse hospice inc.,community support service,Ambulatory health care services,Province of Ontario,,855,matheson boulevard e,L4W4L6,mississauga,on,,Mississauga,3521005.0,35,43.63071277,-79.64556487,mississauga,0.25024289816459533,0.6385259476640855,0.5,44.86,660
3835,hellenic care for seniors (toronto),long-term care home,Nursing and residential care facilities,Province of Ontario,,215,tyrrel avenue,M6G4A9,toronto,on,,Toronto,3520005.0,35,43.67679399,-79.430342,toronto,0.5492266647061205,0.3975943979627943,0.8,55.88,443
3836,hellenic home - scarborough,long-term care home,Nursing and residential care facilities,Province of Ontario,,2411,lawrence avenue e,M1P4X1,toronto,on,,Toronto,3520005.0,35,43.74876471,-79.27408486,toronto,0.7145959227000623,0.27421520234867003,0.8,58.18,385
3837,hellenic home for the aged inc.,community support service,Ambulatory health care services,Province of Ontario,,33,winona drive,M6G3Z7,toronto,on,,Toronto,3520005.0,35,43.67565839,-79.4300414,toronto,0.6601973767177313,0.9839776479598282,0.5,73.35,156
3838,hellenic home for the aged  hellenic care toronto,long term care,Nursing and residential care facilities,Canadian Institute for Health Information,,,,M6G3Z7,toronto,on,,Toronto,,35,43.6548253,-79.388447,toronto,0.27993389694594284,0.409334006315043,0.8,45.52,649
3848,heritage house mississauga,retirement home,Nursing and residential care facilities,Province of Ontario,,73,king street w,L5B1H1,mississauga,on,,Mississauga,3521005.0,35,43.57761356,-79.61660025,mississauga,0.9548652806631941,0.8940992036791344,0.8,89.49,12
3851,heritage place,retirement home,Nursing and residential care facilities,Province of Ontario,,4151,kilmer drive,L7M5A9,burlington,on,,Burlington,3524002.0,35,43.37994,-79.801331,burlington,0.7378969166957685,0.22995460589108618,0.8,57.56,401
3854,hesperus fellowship community of ontario,community support service,Ambulatory health care services,Province of Ontario,,1,hesperus road,L4J0G9,vaughan,on,,Vaughan,3519028.0,35,43.84396791,-79.46448243,vaughan,0.5543540525114007,0.2131047040250833,0.5,42.13,716
3855,hf connecting health,nurse practitioner led clinic,Ambulatory health care services,Province of Ontario,,3320,midland avenue,M1V5E6,toronto,on,,Toronto,3520005.0,35,43.80724932,-79.28926847,toronto,0.6117207462343522,0.03113408288451136,0.5,38.06,772
3864,hillsdale estates,long-term care home,Nursing and residential care facilities,Province of Ontario,,590,oshawa boulevard n,L1G5T9,oshawa,on,,Oshawa,3518013.0,35,43.91384855,-78.86330374,oshawa,0.4196000624277899,0.651666825375885,0.8,59.59,352
3865,hillsdale terraces,long-term care home,Nursing and residential care facilities,Province of Ontario,,600,oshawa boulevard n,L1G5T9,oshawa,on,,Oshawa,3518013.0,35,43.91500165,-78.86454214,oshawa,0.24773098950115746,0.36852634372376114,0.8,42.81,708
3873,holland bloorview kids rehabilitation hospital,rehabilitation,Nursing and residential care facilities,Public Health Agency of Canada,,150,kilgour rd,M4G1R8,toronto,on,150 kilgour rd. toronto on m4g 1r8,Toronto,3520005.0,35,43.7180569,-79.3741804,toronto,0.3559726786512616,0.864358249839637,0.8,64.49,264
3874,holland christian homes,community support service,Ambulatory health care services,Province of Ontario,,7900,mclaughlin road s,L6Y5H8,brampton,on,,Brampton,3521010.0,35,43.65401717,-79.7413989,brampton,0.7578461104643691,0.47320990669155716,0.5,59.38,359
3875,holland christian homes  faith manor nursing home,long term care,Nursing and residential care facilities,Canadian Institute for Health Information,,,,L6Y5A7,brampton,on,,Brampton,,35,43.68816899999999,-79.763015,brampton,0.014393488629755868,0.9681934279147217,0.8,54.46,475
3876,holland christian homes  grace manor,long term care,Nursing and residential care facilities,Canadian Institute for Health Information,,,,L6Y5P2,brampton,on,,Brampton,,35,43.68816899999999,-79.763015,brampton,0.11607264050691624,0.18552551570312115,0.8,31.14,848
3879,homes first society,mental health and addiction organization,Nursing and residential care facilities,Province of Ontario,,1322,bloor street w,M6H1P2,toronto,on,,Toronto,3520005.0,35,43.65838018,-79.4432376,toronto,0.04600264202175275,0.8686231679556108,0.8,52.24,521
3881,hong fook mental health association,mental health and addiction organization,Nursing and residential care facilities,Province of Ontario,,3320,midland avenue,M1V5E6,toronto,on,,Toronto,3520005.0,35,43.80724932,-79.28926847,toronto,0.040728802318970136,0.7765968527917417,0.8,48.81,599
3882,hong fook mental health association (css),community support service,Ambulatory health care services,Province of Ontario,,3320,midland avenue,M1V5E6,toronto,on,,Toronto,3520005.0,35,43.80724932,-79.28926847,toronto,0.8554605840110072,0.770921844644052,0.5,73.7,148
3883,hope place centres,mental health and addiction organization,Nursing and residential care facilities,Province of Ontario,,775,pacific road,L6L6M4,oakville,on,,Oakville,3524001.0,35,43.41330933,-79.73311187,oakville,0.7036578593800237,0.8447832281168877,0.8,77.71,92
3903,hospice palliative care ontario,community support service,Ambulatory health care services,Province of Ontario,,2,carlton street,M5B1J3,toronto,on,,Toronto,3520005.0,35,43.66168609,-79.38275468,toronto,0.4741738290873252,0.7610239909429989,0.5,58.1,386
3907,hospice toronto,aids bureau,Ambulatory health care services,Province of Ontario,,55,eglinton avenue e,M4P1G8,toronto,on,,Toronto,3520005.0,35,43.70685039,-79.39598279,toronto,0.09783416065100148,0.6262203216314154,0.5,38.33,770
3909,hospital for sick children,,Hospitals,Canadian Institute for Health Information,,555,university avenue,M5G1X8,toronto,on,555 university avenue toronto on m5g1x8 canada,Toronto,3520005.0,35,43.657374,-79.387437,toronto,0.49161587511683236,0.13124487768238757,1.0,49.26,591
3910,"hospital for sick children, the",mental health and addiction organization,Nursing and residential care facilities,Province of Ontario,,555,university avenue,M5G1X8,toronto,on,,Toronto,3520005.0,35,43.65710429,-79.38773779,toronto,0.4734717707805657,0.032526179491251916,0.8,40.08,748
3921,house of wellness assisted living,retirement home,Nursing and residential care facilities,Province of Ontario,,15,milford crescent,L6S3E3,brampton,on,,Brampton,3521010.0,35,43.72809588,-79.7407139,brampton,0.17320186991001518,0.9208478478156868,0.8,59.16,365
3922,houselink community homes,mental health and addiction organization,Nursing and residential care facilities,Province of Ontario,,805,bloor street w,M6G1L8,toronto,on,,Toronto,3520005.0,35,43.66279568,-79.4215129,toronto,0.43385164923797304,0.616650314520738,0.8,58.94,370
3924,humber community seniors' services inc.,community support service,Ambulatory health care services,Province of Ontario,,1167,weston road,M6M4P5,toronto,on,,Toronto,3520005.0,35,43.68749609,-79.49003332,toronto,0.39850473439737344,0.7965372909761763,0.5,56.32,428
3925,humber river family health team,family health team - contract,Ambulatory health care services,Province of Ontario,,1315,finch avenue w,M3J2G6,toronto,on,,Toronto,3520005.0,35,43.7633868,-79.48950763,toronto,0.6158500980522165,0.4815223515125501,0.5,53.99,482
3926,humber river hospital,mental health and addiction organization,Nursing and residential care facilities,Province of Ontario,,1235,wilson avenue,M3M0B2,toronto,on,,Toronto,3520005.0,35,43.72377199,-79.48937432,toronto,0.6350936508676438,0.11730818896239448,0.8,49.51,585
3928,humber river hospital - wilson,hospital - site,Hospitals,Province of Ontario,,1235,wilson avenue,M3M0B2,toronto,on,,Toronto,3520005.0,35,43.724252,-79.4877005,toronto,0.04530400977204452,0.12518579220255044,1.0,31.19,846
3929,humber river hospital -york finch,hospital - site,Hospitals,Province of Ontario,,2111,finch avenue w,M3N1N1,toronto,on,,Toronto,3520005.0,35,43.754503,-79.526393,toronto,0.3746126146264712,0.6855652872289714,1.0,63.98,275
3930,humber river hospital  church street site,active acute hospital,Hospitals,Canadian Institute for Health Information,,,,M9N1N8,toronto,on,,Toronto,,35,43.6548253,-79.388447,toronto,0.6258599157142364,0.4303058948994627,1.0,65.1,252
3931,humber river hospital  reactivation care centre church,active acute hospital,Hospitals,Canadian Institute for Health Information,,,,M9N1N8,toronto,on,,Toronto,,35,43.6548253,-79.388447,toronto,0.5031362585800877,0.20052472670033672,1.0,52.14,523
3932,humber river hospital  reactivation care centre finch,active acute hospital,Hospitals,Canadian Institute for Health Information,,,,M3N1N1,toronto,on,,Toronto,,35,43.6548253,-79.388447,toronto,0.8564898411883223,0.4915945467414369,1.0,76.47,115
3933,humber river hospital  wilson site,active acute hospital,Hospitals,Canadian Institute for Health Information,,,,M3M0B2,toronto,on,,Toronto,,35,43.6548253,-79.388447,toronto,0.658693631618945,0.06420893707513409,1.0,53.6,494
3937,humber river regional hospital - keele street site,general,Hospitals,Public Health Agency of Canada,,2175,keele st,M6M3Z4,toronto,on,2175 keele st. toronto on m6m 3z4,Toronto,3520005.0,35,43.6974651,-79.4738514,toronto,0.1629344270814297,0.5819714019143988,1.0,51.89,534
3938,humber valley terrace,long-term care home,Nursing and residential care facilities,Province of Ontario,,95,humber college boulevard,M9V5B5,toronto,on,,Toronto,3520005.0,35,43.72717599,-79.59650396,toronto,0.07056874740042984,0.26899340443509767,0.8,32.24,833
3978,imo's sunnyside home,retirement home,Nursing and residential care facilities,Province of Ontario,,97,curtis drive,L6Y2J6,brampton,on,,Brampton,3521010.0,35,43.66526317,-79.7554343,brampton,0.6424192782063156,0.7975591006371882,0.8,73.61,149
3979,ina grafton gage home,long-term care home,Nursing and residential care facilities,Province of Ontario,,40,bell estate road,M1L0E2,toronto,on,,Toronto,3520005.0,35,43.705765,-79.27714255,toronto,0.026511310541621813,0.31036195892357377,0.8,31.92,839
3984,india rainbow community services of peel,community support service,Ambulatory health care services,Province of Ontario,,3038,hurontario street,L5B3B9,mississauga,on,,Mississauga,3521005.0,35,43.58101986,-79.61814785,mississauga,0.5857755812734633,0.4552201490818012,0.5,51.86,535
3985,indian rainbow community services of peel (central west lhin),community support service,Ambulatory health care services,Province of Ontario,,3038,hurontario street,L5B3B9,mississauga,on,,Mississauga,3521005.0,35,43.58101986,-79.61814785,mississauga,0.9402302414249576,0.011620539908100636,0.5,50.52,565
3989,inner city family health team (formerly seaton house),family health team - contract,Ambulatory health care services,Province of Ontario,,69,quuen street e,M5C1R8,toronto,on,,Toronto,3520005.0,35,43.65289989,-79.37610058,toronto,0.575474177875879,0.07244688779455888,0.5,38.05,773
3997,isabel and arthur meighen manor,long-term care home,Nursing and residential care facilities,Province of Ontario,,155,millwood road,M4S1J6,toronto,on,,Toronto,3520005.0,35,43.70000099,-79.39254279,toronto,0.3881699262065219,0.3924935564066848,0.8,49.26,591
4000,islington centre - etobicoke senior citizens,community support service,Ambulatory health care services,Province of Ontario,,4968,dundas street w,M9A1B7,toronto,on,,Toronto,3520005.0,35,43.64762728,-79.53001033,toronto,0.6432882184423532,0.4799388347171235,0.5,55.03,464
4002,ivan franko home (etobicoke),long-term care home,Nursing and residential care facilities,Province of Ontario,,767,royal york road,M8Y2T3,toronto,on,,Toronto,3520005.0,35,43.63771778,-79.50673762,toronto,0.45825289049151663,0.6000205481193037,0.8,59.33,361
4003,ivan franko home (mississauga),community support service,Ambulatory health care services,Province of Ontario,,3058,winston churchill boulevard,L5L3J1,oakville,on,,Mississauga,3521005.0,35,43.52425545,-79.68407247,oakville,0.5456167893159349,0.29166257870930323,0.5,44.53,667
4009,jane-finch family health team,family health team - contract,Ambulatory health care services,Province of Ontario,,1,york gate boulevard,M3N3A1,toronto,on,,Toronto,3520005.0,35,43.758747,-79.51881,toronto,0.9414648087765252,0.6949818861265425,0.5,74.48,133
4010,jane/finch community and family centre,mental health and addiction organization,Nursing and residential care facilities,Province of Ontario,,4400,jane street,M3N2K4,toronto,on,,Toronto,3520005.0,35,43.7652176,-79.52008044,toronto,0.38610263780077425,0.8601223971892046,0.8,65.55,243
4011,jane/finch community and family centre - css,community support service,Ambulatory health care services,Province of Ontario,,4400,jane street,M3N2K4,toronto,on,,Toronto,3520005.0,35,43.7652176,-79.52008044,toronto,0.9611905638239142,0.7798509888933498,0.5,78.24,82
4028,jean tweed treatment centre,mental health and addiction organization,Nursing and residential care facilities,Province of Ontario,,291,sherbourne street,M5B2C2,toronto,on,,Toronto,3520005.0,35,43.66057999,-79.37141808,toronto,0.9053506419560637,0.039618825348357145,0.8,57.6,400
4034,joseph brant hospital,mental health and addiction organization,Nursing and residential care facilities,Province of Ontario,,1230,north shore boulevard,L7S1W7,burlington,on,,Burlington,3524002.0,35,43.31703371,-79.80267739,burlington,0.19579113478929644,0.48050694725782894,0.8,44.65,665
4035,joseph brant hospital - adult day service,community support service,Ambulatory health care services,Province of Ontario,,1230,northshore boulevard,L7S1W7,burlington,on,,Burlington,3524002.0,35,43.31703371,-79.80267739,burlington,0.06936130087516545,0.10493017841817487,0.5,18.95,903
4036,joseph brant memorial hospital,general,Hospitals,Public Health Agency of Canada,,1230,north shore blvd,L8S1W7,burlington,on,1230 north shore blvd. burlington on l8s 1w7,Burlington,3524002.0,35,43.31715,-79.80262,burlington,0.10077800137742665,0.24204501586252747,1.0,37.5,780
4051,kennedy lodge,long-term care home,Nursing and residential care facilities,Province of Ontario,,1400,kennedy road,M1P4V6,toronto,on,,Toronto,3520005.0,35,43.76265941,-79.28056556,toronto,0.018221825651549728,0.9866625932671464,0.8,55.26,461
4055,kensington eye institute,hospital - corporation,Hospitals,Province of Ontario,,340,college street,M5T3A9,toronto,on,,Toronto,3520005.0,35,43.65733638,-79.40331899,toronto,0.0944429607559284,0.14249554290151323,1.0,33.77,816
4056,kensington place retirement residence,retirement home,Nursing and residential care facilities,Province of Ontario,,866,sheppard avenue w,M3H2T5,toronto,on,,Toronto,3520005.0,35,43.7526538,-79.45399892,toronto,0.6830067734163568,0.49888815345135606,0.8,64.78,257
4066,king gardens,retirement home,Nursing and residential care facilities,Province of Ontario,,85,king street e,L5A4G6,mississauga,on,,Mississauga,3521005.0,35,43.58106776,-79.61299345,mississauga,0.07118864846022899,0.6181557343181191,0.8,44.48,670
4079,kingston health sciences centre (css),community support service,Ambulatory health care services,Province of Ontario,,1200,bay street,M5R2A5,toronto,on,,Toronto,3520005.0,35,43.66999639,-79.38985879,toronto,0.3189756302937613,0.702464970544104,0.5,49.85,575
4085,kingsway,retirement home,Nursing and residential care facilities,Province of Ontario,,4251,dundas street w,M8X2Z5,toronto,on,,Toronto,3520005.0,35,43.65882728,-79.51442973,toronto,0.8448753109694546,0.5596486834869141,0.8,73.38,153
4090,kipling acres,long-term care home,Nursing and residential care facilities,Province of Ontario,,2233,kipling avenue,M9W4L3,toronto,on,,Toronto,3520005.0,35,43.72574509,-79.57339555,toronto,0.023271935735825866,0.00977084741918366,0.8,21.27,898
4099,kristus darzs latvian home,long-term care home,Nursing and residential care facilities,Province of Ontario,,11290,pine valley drive,L4L1A6,vaughan,on,,Vaughan,3519028.0,35,43.87156441,-79.59579547,vaughan,0.8144684825889358,0.3264613082439919,0.8,64.0,274
4100,l'chaim retirement homes inc.,retirement home,Nursing and residential care facilities,Province of Ontario,,718,sheppard avenue w,M3H2S6,toronto,on,,Toronto,3520005.0,35,43.7542485,-79.44534401,toronto,0.28185477477339993,0.5177116433847114,0.8,49.39,588
4103,la salle manor,community support service,Ambulatory health care services,Province of Ontario,,61,fairfax crescent,M1L1Z7,toronto,on,,Toronto,3520005.0,35,43.7155347,-79.2842102,toronto,0.11816482762165625,0.08786649914483335,0.5,20.3,900
4104,labdara lithuanian nursing home,long-term care home,Nursing and residential care facilities,Province of Ontario,,5,resurrection road,M9A5G1,toronto,on,,Toronto,3520005.0,35,43.64373408,-79.53092513,toronto,0.6967371653641506,0.35062693120918076,0.8,60.14,343
4117,lakeridge health - ajax,hospital - site,Hospitals,Province of Ontario,,580,harwood avenue s,L1S2J4,ajax,on,,Ajax,3518005.0,35,43.8376718,-79.0176886,ajax,0.628942846779884,0.033203108791366565,1.0,51.32,548
4119,lakeridge health - oshawa,general,Hospitals,Public Health Agency of Canada,,1,hospital crt,L1G2B9,oshawa,on,1 hospital crt. oshawa on l1g 2b9,Oshawa,3518013.0,35,43.905564,-78.869384,oshawa,0.877472013527053,0.07857849715502074,1.0,62.85,291
4121,lakeridge health - whitby,general,Hospitals,Public Health Agency of Canada,,300,gordon st,L1N5T2,whitby,on,300 gordon st. whitby on l1n 5t2,Whitby,3518009.0,35,43.856003,-78.944334,whitby,0.7350710438038858,0.39692327620159606,1.0,68.3,207
4122,lakeridge health ajax pickering hospital,general,Hospitals,Public Health Agency of Canada,,580,harwood ave s,L1S2J4,ajax,on,580 harwood ave. s. ajax on l1s 2j4,Ajax,3518005.0,35,43.838028,-79.0177,ajax,0.8034809303848486,0.13271575404306035,1.0,61.78,313
4123,lakeridge health corporation,mental health and addiction organization,Nursing and residential care facilities,Province of Ontario,,118,cochrane street,L1N5H8,whitby,on,,Whitby,3518009.0,35,43.87862154,-78.95242597,whitby,0.2820345725713065,0.5675408482615582,0.8,51.15,555
4124,lakeridge health css,community support service,Ambulatory health care services,Province of Ontario,,850,champlain avenue,L1G8R2,oshawa,on,,Oshawa,3518013.0,35,43.87402855,-78.88859885,oshawa,0.17743954377972282,0.6894649691372657,0.5,43.73,692
4125,lakeridge health  ajax and pickering site,"active acute hospital, long term care",Hospitals,Canadian Institute for Health Information,,,,L1S2J4,ajax,on,,Ajax,,35,43.8611288,-79.0259267,ajax,0.7506147516408583,0.8005866991090829,1.0,83.05,35
4127,lakeridge health  oshawa site,"active acute hospital, long term care",Hospitals,Canadian Institute for Health Information,,,,L1G2B9,oshawa,on,,Oshawa,,35,43.8975974,-78.8635999,oshawa,0.806834739267264,0.2001502442448101,1.0,64.28,268
4130,lakeshore area multi-service project inc,community health centre,Hospitals,Province of Ontario,,185,fifth street,M8V2Z5,toronto,on,,Toronto,3520005.0,35,43.60350777,-79.50338882,toronto,0.9905051420006733,0.16748258225906976,1.0,70.48,182
4131,lakeshore area multi-service project inc. (lamp),mental health and addiction organization,Nursing and residential care facilities,Province of Ontario,,2788,lake shore boulevard w,M8V1H5,toronto,on,,Toronto,3520005.0,35,43.60223377,-79.50005012,toronto,0.4126176769114265,0.10456784033440025,0.8,40.16,747
4132,lakeshore lodge,long-term care home,Nursing and residential care facilities,Province of Ontario,,3197,lake shore boulevard w,M8V3X5,toronto,on,,Toronto,3520005.0,35,43.59721667,-79.51845532,toronto,0.37201808579278317,0.6364302495436367,0.8,57.16,412
4133,lakeside long term care centre,long-term care home,Nursing and residential care facilities,Province of Ontario,,150,dunn avenue,M6K2R6,toronto,on,,Toronto,3520005.0,35,43.636584,-79.433168,toronto,0.7764129607419968,0.7064757264869012,0.8,75.78,123
4147,lance krasman memorial centre for community mental health,mental health and addiction organization,Nursing and residential care facilities,Province of Ontario,,10121,yonge street,L4C1T7,richmond hill,on,,Richmond Hill,3519038.0,35,43.87424932,-79.43774412,richmond hill,0.34080354025301784,0.03158614482564204,0.8,34.74,807
4153,langstaff square care community,long-term care home,Nursing and residential care facilities,Province of Ontario,,170,red maple road,L4B4T8,richmond hill,on,,Richmond Hill,3519038.0,35,43.84482422,-79.42478351,richmond hill,0.9307573256035647,0.9362122462436898,0.8,90.0,6
4158,lasalle park retirement community,retirement home,Nursing and residential care facilities,Province of Ontario,,18,plains road w,L7T1E9,burlington,on,,Burlington,3524002.0,35,43.3061966,-79.8527417,burlington,0.8584127518430118,0.05197128365147241,0.8,56.16,432
4174,leaside,retirement home,Nursing and residential care facilities,Province of Ontario,,14,william morgan drive,M4H1E7,toronto,on,,Toronto,3520005.0,35,43.7093926,-79.34114138,toronto,0.42899402737501835,0.5412963353010705,0.8,56.11,435
4182,les centres d'accueil heritage - centre des pionniers (ce lhin),community support service,Ambulatory health care services,Province of Ontario,,33,hahn place,M5A4G2,toronto,on,,Toronto,3520005.0,35,43.64944139,-79.36253118,toronto,0.7508710677914974,0.7090605194509164,0.5,67.35,216
4183,les centres d'accueil heritage- centre des pionniers,community support service,Ambulatory health care services,Province of Ontario,,33,hahn place,M5A4G2,toronto,on,,Toronto,3520005.0,35,43.64944139,-79.36253118,toronto,0.7545428740846823,0.8709691237460856,0.5,73.17,160
4185,lifemark health group  lifemark physiotherapy church street,other,Ambulatory health care services,Canadian Institute for Health Information,,,,L6B1A1,markham,on,,Markham,,35,43.8599076,-79.3349945,markham,0.10312386883593261,0.7140869321324278,0.5,41.62,728
4194,links2care,community support service,Ambulatory health care services,Province of Ontario,,2030,bristol circle,L6H0H2,oakville,on,,Oakville,3524001.0,35,43.51086305,-79.67178966,oakville,0.9025529066795667,0.8017280830697918,0.5,76.66,112
4198,living life on the avenue retirement residence,retirement home,Nursing and residential care facilities,Province of Ontario,,1066,avenue road,M5N0A3,toronto,on,,Toronto,3520005.0,35,43.70583549,-79.4102162,toronto,0.5052523724478571,0.33945019254280606,0.8,52.09,526
4200,loft community service (central lhin),community support service,Ambulatory health care services,Province of Ontario,,15,toronto street,M5C2E3,toronto,on,,Toronto,3520005.0,35,43.65032438,-79.37590518,toronto,0.8264574661077416,0.8148251137465122,0.5,74.08,139
4201,loft community services,mental health and addiction organization,Nursing and residential care facilities,Province of Ontario,,437,sherbourne street,M4X1K5,toronto,on,,Toronto,3520005.0,35,43.66563579,-79.37378508,toronto,0.32004960103061175,0.08011484638467514,0.8,35.61,797
4222,lumacare services,community support service,Ambulatory health care services,Province of Ontario,,497,wilson avenue,M3H1V1,toronto,on,,Toronto,3520005.0,35,43.7346967,-79.44516391,toronto,0.8955232284962005,0.8948166560605276,0.5,79.64,70
4228,lynde creek manor,retirement home,Nursing and residential care facilities,Province of Ontario,,50,paul burns way,L1R2Y9,whitby,on,,Whitby,3518009.0,35,43.91091175,-78.96236807,whitby,0.3892016787341631,0.5475923761537362,0.8,54.73,468
4235,mackenzie health,laboratory - hospital,Ambulatory health care services,Province of Ontario,,10,trench street,L4C4Z3,richmond hill,on,,Richmond Hill,3519038.0,35,43.87045412,-79.45081182,richmond hill,0.01083765148029836,0.8172977699624937,0.5,41.54,730
4236,mackenzie health - richmond hill,hospital - corporation,Hospitals,Province of Ontario,,10,trench street,L4C4Z3,richmond hill,on,,Richmond Hill,3519038.0,35,43.87030772,-79.44955502,richmond hill,0.9053819764192637,0.45231828451830014,1.0,77.05,102
4237,mackenzie health long term care facility,long-term care home,Nursing and residential care facilities,Province of Ontario,,10,trench street,L4C4Z3,richmond hill,on,,Richmond Hill,3519038.0,35,43.87045412,-79.45081182,richmond hill,0.09128667678613356,0.643577695196525,0.8,46.18,637
4238,mackenzie health  mackenzie richmond hill hospital,"active acute hospital, long term care",Hospitals,Canadian Institute for Health Information,,,,L4C4Z3,richmond hill,on,,Richmond Hill,,35,43.8688079,-79.41371529999999,richmond hill,0.31931363759041487,0.5264026609361132,1.0,56.2,430
4239,mackenzie health  reactivation care centre finch,"active acute hospital, long term care",Hospitals,Canadian Institute for Health Information,,,,M3N1N1,toronto,on,,Toronto,,35,43.6548253,-79.388447,toronto,0.9500619670508049,0.7315895217553319,1.0,88.61,14
4240,mackenzie health  urgent care centre,active acute hospital,Hospitals,Canadian Institute for Health Information,,,,L6A4H7,vaughan,on,,Vaughan,,35,43.82622809999999,-79.5561668,vaughan,0.9506071469375561,0.08162998203058958,1.0,65.88,237
4242,mackenzie richmond hill hospital,general,Hospitals,Public Health Agency of Canada,,10,trench st,L4C4Z3,richmond hill,on,10 trench st. richmond hill on l4c 4z3,Richmond Hill,3519038.0,35,43.8705482,-79.4503859,richmond hill,0.5734378881232861,0.0603520839905638,1.0,50.05,569
4243,madison community services,mental health and addiction organization,Nursing and residential care facilities,Province of Ontario,,210,dundas street w,M5G2E8,toronto,on,,Toronto,3520005.0,35,43.65522609,-79.38747389,toronto,0.6318372121697993,0.24710323401014644,0.8,53.92,485
4246,main street terrace,long-term care home,Nursing and residential care facilities,Province of Ontario,,77,main street,M4E2V6,toronto,on,,Toronto,3520005.0,35,43.68160949,-79.29859826,toronto,0.44844552197831977,0.15954468011318834,0.8,43.52,698
4247,mainstay housing,mental health and addiction organization,Nursing and residential care facilities,Province of Ontario,,550,queen street e,M5A1V2,toronto,on,,Toronto,3520005.0,35,43.65746389,-79.35716348,toronto,0.29321077169806453,0.8717835665922017,0.8,62.24,304
4255,malton village long term care centre,long-term care home,Nursing and residential care facilities,Province of Ontario,,7075,rexwood road,L4T4M1,mississauga,on,,Mississauga,3521005.0,35,43.71847959,-79.62437147,mississauga,0.32866454536991596,0.21921398735804432,0.8,40.82,741
4283,maple grove care community,long-term care home,Nursing and residential care facilities,Province of Ontario,,215,sunny meadow boulevard,L6R3B5,brampton,on,,Brampton,3521010.0,35,43.75771219,-79.75483001,brampton,0.6725184560770384,0.9758652558191313,0.8,81.06,58
4292,maple villa long term care centre,long-term care home,Nursing and residential care facilities,Province of Ontario,,441,maple avenue,L7S1L8,burlington,on,,Burlington,3524002.0,35,43.31995171,-79.80289539,burlington,0.75237452943768,0.33689579177110685,0.8,61.89,311
4301,march of dimes canada - durham,community support service,Ambulatory health care services,Province of Ontario,,10,overlea boulevard,M4H1A4,toronto,on,,Toronto,3520005.0,35,43.703519,-79.35245538,toronto,0.7915790437258485,0.18211791568869928,0.5,50.54,564
4305,march of dimes canada - peel,community support service,Ambulatory health care services,Province of Ontario,,2227,south millway,L5L3R6,mississauga,on,,Mississauga,3521005.0,35,43.54312435,-79.68396367,mississauga,0.7896181427945539,0.7896985071424791,0.5,71.72,171
4308,march of dimes canada - toronto,community support service,Ambulatory health care services,Province of Ontario,,10,overlea boulevard,M4H1A4,toronto,on,,Toronto,3520005.0,35,43.703519,-79.35245538,toronto,0.09120610304869037,0.6587077755008761,0.5,39.2,762
4309,march of dimes canada - york,community support service,Ambulatory health care services,Province of Ontario,,13311,yonge street,L4E3L6,richmond hill,on,,Richmond Hill,3519038.0,35,43.95209263,-79.45593283,richmond hill,0.49442030470258147,0.498195716453139,0.5,49.71,579
4310,march of dimes canada - york simcoe,community support service,Ambulatory health care services,Province of Ontario,,13311,yonge street,L4E3L6,richmond hill,on,,Richmond Hill,3519038.0,35,43.95209263,-79.45593283,richmond hill,0.057558760016644284,0.5553635509376312,0.5,34.24,813
4311,margaret's housing and community support services,mental health and addiction organization,Nursing and residential care facilities,Province of Ontario,,301,broadview avenue,M4M2G8,toronto,on,,Toronto,3520005.0,35,43.66414319,-79.35173817,toronto,0.5495288823237355,0.7192017782722638,0.8,67.15,220
4317,mariann home,community support service,Ambulatory health care services,Province of Ontario,,9915,yonge street,L4C1V1,richmond hill,on,,Richmond Hill,3519038.0,35,43.86921402,-79.43615722,richmond hill,0.441530501373377,0.22845474133129873,0.5,38.16,771
4319,markham fht,family health team - contract,Ambulatory health care services,Province of Ontario,,379,church street,L6B1A1,markham,on,,Markham,3519036.0,35,43.88472803,-79.23194586,markham,0.8877041827582998,0.9963339160567419,0.5,82.88,38
4320,markham stouffville hospital,general,Hospitals,Public Health Agency of Canada,,381,church st,L3P7P3,markham,on,381 church st. markham on l3p 7p3,Markham,3519036.0,35,43.883994,-79.231971,markham,0.3509150125520787,0.9747931621467831,1.0,73.15,161
4323,markham stouffville hospital  markham site,"active acute hospital, long term care",Hospitals,Canadian Institute for Health Information,,,,L3P7P3,markham,on,,Markham,,35,43.8599076,-79.3349945,markham,0.11706701642760586,0.6503256863469369,1.0,52.44,516
4324,markham stouffville hospital  reactivation care centre finch,active acute hospital,Hospitals,Canadian Institute for Health Information,,,,M3N1N1,toronto,on,,Toronto,,35,43.6548253,-79.388447,toronto,0.14299168205283586,0.19954245092914513,1.0,37.7,779
4325,markhaven,long-term care home,Nursing and residential care facilities,Province of Ontario,,54,parkway avenue,L3P2G4,markham,on,,Markham,3519036.0,35,43.88371943,-79.25422906,markham,0.7615106317174722,0.6802282424312913,0.8,74.27,135
4326,markhaven home for seniors,long term care,Nursing and residential care facilities,Canadian Institute for Health Information,,,,L3P2G4,markham,on,,Markham,,35,43.8599076,-79.3349945,markham,0.6182180633162611,0.07219840897917584,0.8,47.26,621
4338,maynard nursing home,long-term care home,Nursing and residential care facilities,Province of Ontario,,28,halton street,M6J1R3,toronto,on,,Toronto,3520005.0,35,43.64880888,-79.4191815,toronto,0.10112267612279024,0.030652502205806065,0.8,25.12,883
4339,mccall centre long term care interim unit,long-term care home,Nursing and residential care facilities,Province of Ontario,,140,sherway drive,M9C1A4,toronto,on,,Toronto,3520005.0,35,43.61006437,-79.56210244,toronto,0.08410680611499743,0.2576828885112137,0.8,32.38,832
4343,mccowan retirement residence,retirement home,Nursing and residential care facilities,Province of Ontario,,2881,eglinton avenue e,M1J0A2,toronto,on,,Toronto,3520005.0,35,43.73815011,-79.23978785,toronto,0.70096913145912,0.4626229567393163,0.8,64.23,269
4347,mcnicoll manor/moll berczy haus,retirement home,Nursing and residential care facilities,Province of Ontario,,1020,mcnicoll avenue,M1W2J6,toronto,on,,Toronto,3520005.0,35,43.80577041,-79.33598338,toronto,0.07276300636419353,0.8682725054083805,0.8,53.3,501
4358,meals on wheels and more (north york central meals on wheels inc.),community support service,Ambulatory health care services,Province of Ontario,,80,sheppard avenue w,M2N1M2,toronto,on,,Toronto,3520005.0,35,43.7607988,-79.4148853,toronto,0.8218600592903562,0.727169069766308,0.5,70.83,174
4359,meals on wheels east toronto,community support service,Ambulatory health care services,Province of Ontario,,310,danforth avenue,M4K1N6,toronto,on,,Toronto,3520005.0,35,43.67752429,-79.35373148,toronto,0.7062422271564962,0.742706521199981,0.5,66.74,224
4376,michael garron hospital,"active acute hospital, long term care",Hospitals,Canadian Institute for Health Information,,,,M4C3E7,toronto,on,,Toronto,,35,43.6548253,-79.388447,toronto,0.08134878064189976,0.42549333444807536,1.0,43.15,704
4383,mid toronto community services,community support service,Ambulatory health care services,Province of Ontario,,192,carlton street,M5A2K8,toronto,on,,Toronto,3520005.0,35,43.66390759,-79.37133008,toronto,0.08483771408519192,0.3459349925469629,0.5,28.0,868
4388,midland gardens care community,long-term care home,Nursing and residential care facilities,Province of Ontario,,130,midland avenue,M1N4E6,toronto,on,,Toronto,3520005.0,35,43.7083586,-79.24749635,toronto,0.9866395785011755,0.3710387629846027,0.8,72.45,166
4401,mississauga halton local health integration network,community support service,Ambulatory health care services,Province of Ontario,,700,dorval drive,L6K3V3,oakville,on,,Oakville,3524001.0,35,43.44351973,-79.69677947,oakville,0.3742707957561203,0.9876495637360578,0.5,62.04,308
4402,mississauga halton local health integration network (lhin op),community support service,Ambulatory health care services,Province of Ontario,,700,dorval drive,L6K3V3,oakville,on,,Oakville,3524001.0,35,43.44351973,-79.69677947,oakville,0.3706421470668909,0.04010919141248248,0.5,28.73,860
4403,mississauga integrated care centre (css),community support service,Ambulatory health care services,Province of Ontario,,700,dorval drive,L6K3V3,oakville,on,,Oakville,3524001.0,35,43.44351973,-79.69677947,oakville,0.8127995672575026,0.8670314961224486,0.5,75.36,126
4404,mississauga long term care facility,long-term care home,Nursing and residential care facilities,Province of Ontario,,26,peter street n,L5H2G7,mississauga,on,,Mississauga,3521005.0,35,43.54970386,-79.59094324,mississauga,0.9472485773838587,0.5786754085723934,0.8,78.14,83
4412,momiji health care society,community support service,Ambulatory health care services,Province of Ontario,,3555,kingston road,M1M3W4,toronto,on,,Toronto,3520005.0,35,43.73940621,-79.21524634,toronto,0.9860010638228709,0.43861541918959046,0.5,67.29,218
4413,mon sheong foundation  home for the aged,long term care,Nursing and residential care facilities,Canadian Institute for Health Information,,,,M5T1J7,toronto,on,,Toronto,,35,43.6548253,-79.388447,toronto,0.7533781852589416,0.7252576604151365,0.8,75.52,125
4414,mon sheong foundation  richmond hill long term care centre,long term care,Nursing and residential care facilities,Canadian Institute for Health Information,,,,L4S1L2,richmond hill,on,,Richmond Hill,,35,43.8688079,-79.41371529999999,richmond hill,0.37625958553091576,0.48666894142470285,0.8,52.08,527
4416,mon sheong home for the aged,long-term care home,Nursing and residential care facilities,Province of Ontario,,36,darcy street,M5T1J7,toronto,on,,Toronto,3520005.0,35,43.65527498,-79.39314779,toronto,0.08350071669866876,0.8734232380816606,0.8,53.91,486
4417,mon sheong private care,retirement home,Nursing and residential care facilities,Province of Ontario,,2,sun yat-sen avenue,L3R5Z3,markham,on,,Markham,3519036.0,35,43.82684752,-79.29923177,markham,0.7771469159274368,0.9007018640112585,0.8,82.61,41
4418,mon sheong richmond hill long term care centre,long-term care home,Nursing and residential care facilities,Province of Ontario,,11199,yonge street,L4S1L2,richmond hill,on,,Richmond Hill,3519038.0,35,43.90134473,-79.44320193,richmond hill,0.558404249735805,0.4217209268734554,0.8,57.1,413
4419,mon sheong scarborough long term care centre,long-term care home,Nursing and residential care facilities,Province of Ontario,,2030,mcnicoll avenue,M1V5P4,toronto,on,,Toronto,3520005.0,35,43.81309612,-79.29999097,toronto,0.4242220092469763,0.2768277972350516,0.8,46.66,628
4433,mount nemo christian nursing home,long-term care home,Nursing and residential care facilities,Province of Ontario,,4486,guelph line,L7P0N2,burlington,on,,Burlington,3524002.0,35,43.40257242,-79.87556992,burlington,0.906354385094736,0.5923503285933622,0.8,76.99,105
4434,mount sinai academic family health team,family health team - contract,Ambulatory health care services,Province of Ontario,,60,murray street,M5T3L9,toronto,on,,Toronto,3520005.0,35,43.65782059,-79.39182829,toronto,0.11119748230615134,0.912363345616691,0.5,48.88,597
4435,mount sinai hospital,general,Hospitals,Public Health Agency of Canada,,600,university ave,M5G1X5,toronto,on,600 university ave. toronto on m5g 1x5,Toronto,3520005.0,35,43.6575099,-79.3902938,toronto,0.49262510429085915,0.21066218900566658,1.0,52.08,527
4456,nabors,community support service,Ambulatory health care services,Province of Ontario,,2,carlton street,M5B1J3,toronto,on,,Toronto,3520005.0,35,43.66168609,-79.38275468,toronto,0.011353644767419069,0.6229665835634828,0.5,34.76,804
4460,native canadian centre of toronto,community support service,Ambulatory health care services,Province of Ontario,,16,spadina road,M5R2S7,toronto,on,,Toronto,3520005.0,35,43.66819929,-79.40494999,toronto,0.46866064199412627,0.6315602200925206,0.5,53.35,498
4463,neighbourhood link support services,community support service,Ambulatory health care services,Province of Ontario,,3036,danforth avenue,M4C1N2,toronto,on,,Toronto,3520005.0,35,43.6910508,-79.28983636,toronto,0.05630327568183735,0.733113022415281,0.5,40.41,745
4468,new horizons day centre inc.,community support service,Ambulatory health care services,Province of Ontario,,3565,bathurst street,M6A2Y7,toronto,on,,Toronto,3520005.0,35,43.7309991,-79.43208871,toronto,0.11881791626807192,0.1315676851272598,0.5,21.86,897
4469,new horizons tower,retirement home,Nursing and residential care facilities,Province of Ontario,,1140,bloor street w,M6H4E6,toronto,on,,Toronto,3520005.0,35,43.65988208,-79.4361522,toronto,0.11752624677710488,0.7158249646820886,0.8,49.75,578
4470,new unionville home society,community support service,Ambulatory health care services,Province of Ontario,,4300,highway 7,L3R1L8,markham,on,,Markham,3519036.0,35,43.86143002,-79.31443048,markham,0.6492103021160636,0.909032520665641,0.5,70.28,184
4473,new visions toronto,community support service,Ambulatory health care services,Province of Ontario,,222,the esplanade,M5A4M8,toronto,on,,Toronto,3520005.0,35,43.64955079,-79.36550668,toronto,0.7460448792654233,0.17968310887024197,0.5,48.63,601
4510,nisbet lodge,long-term care home,Nursing and residential care facilities,Province of Ontario,,740,pape avenue,M4K3S7,toronto,on,,Toronto,3520005.0,35,43.68025289,-79.34558197,toronto,0.5833687650971596,0.23754332492387764,0.8,51.65,539
4515,norfinch care community,long-term care home,Nursing and residential care facilities,Province of Ontario,,22,norfinch drive,M3N1X1,toronto,on,,Toronto,3520005.0,35,43.7567876,-79.52618684,toronto,0.9621725484745419,0.9713950940416396,0.8,92.49,2
4550,north park nursing home,long-term care home,Nursing and residential care facilities,Province of Ontario,,450,rustic road,M6L1W9,toronto,on,,Toronto,3520005.0,35,43.71741799,-79.48214652,toronto,0.37487057952370406,0.18097695270948977,0.8,41.33,735
4551,north peel fht,family health team - contract,Ambulatory health care services,Province of Ontario,,157,queen street e,L6W3X4,brampton,on,,Brampton,3521010.0,35,43.69196857,-79.75315951,brampton,0.28571208628186073,0.8543850933695791,0.5,53.83,490
4581,north york family health team inc.,family health team - contract,Ambulatory health care services,Province of Ontario,,240,duncan mill road,M3B3S6,toronto,on,,Toronto,3520005.0,35,43.76219131,-79.35139938,toronto,0.8685991281894603,0.4922778564480348,0.5,64.47,265
4582,north york general hospital,laboratory - hospital,Ambulatory health care services,Province of Ontario,,4001,leslie street,M2K1E1,toronto,on,,Toronto,3520005.0,35,43.76947711,-79.36258599,toronto,0.22359583851945264,0.24723107440317704,0.5,30.1,854
4583,north york general hospital (css),community support service,Ambulatory health care services,Province of Ontario,,4001,leslie street,M2K1E1,toronto,on,,Toronto,3520005.0,35,43.76947711,-79.36258599,toronto,0.9632225394406113,0.8707499012725114,0.5,81.51,52
4587,north york general hospital - general site,hospital - corporation,Hospitals,Province of Ontario,,4001,leslie street,M2K1E1,toronto,on,,Toronto,3520005.0,35,43.7690968,-79.3627441,toronto,0.012154474689816341,0.4453052550026655,1.0,41.07,737
4588,north york general hospital  reactivation care centre finch,active acute hospital,Hospitals,Canadian Institute for Health Information,,,,M3N1N1,toronto,on,,Toronto,,35,43.6548253,-79.388447,toronto,0.969878826707639,0.5148173539296902,1.0,81.81,47
4589,north york general hospital  seniors health centre,long term care,Nursing and residential care facilities,Canadian Institute for Health Information,,,,M2J5A3,toronto,on,,Toronto,,35,43.6548253,-79.388447,toronto,0.04315991195057611,0.3592333693997657,0.8,34.3,811
4590,north york seniors centre,senior active living centre,Nursing and residential care facilities,Province of Ontario,,21,hendon avenue,M2M4G7,toronto,on,,Toronto,3520005.0,35,43.78119791,-79.41746401,toronto,0.8911431136980711,0.5929508514349274,0.8,76.4,116
4591,north yorkers for disabled persons inc,community support service,Ambulatory health care services,Province of Ontario,,2880,bayview avenue,M2N5K3,toronto,on,,Toronto,3520005.0,35,43.7678753,-79.3887495,toronto,0.5277011090862999,0.16352387258502277,0.5,39.33,759
4599,northridge,long-term care home,Nursing and residential care facilities,Province of Ontario,,496,postridge drive,L6H7A2,oakville,on,,Oakville,3524001.0,35,43.48960334,-79.71426817,oakville,0.9929647961193003,0.3910815366517607,0.8,73.41,152
4610,norwood nursing home,long-term care home,Nursing and residential care facilities,Province of Ontario,,122,tyndall avenue,M6K2E2,toronto,on,,Toronto,3520005.0,35,43.63752278,-79.4293819,toronto,0.07379656473539886,0.9694123223352875,0.8,56.88,417
4613,nucleus housing,community support service,Ambulatory health care services,Province of Ontario,,2030,bristol circle,L6H0H2,oakville,on,,Oakville,3524001.0,35,43.51086305,-79.67178966,oakville,0.5538542844013208,0.25813343270112754,0.5,43.69,694
4614,nucleus housing incorporated,community support service,Ambulatory health care services,Province of Ontario,,2030,bristol circle,L6H0H2,oakville,on,,Oakville,3524001.0,35,43.51086305,-79.67178966,oakville,0.969302535619099,0.6567366645412922,0.5,74.26,136
4616,oak ridges retirement community,retirement home,Nursing and residential care facilities,Province of Ontario,,12925,yonge street,L4E0T7,richmond hill,on,,Richmond Hill,3519038.0,35,43.94277283,-79.45320773,richmond hill,0.5230978441701488,0.3251900642246949,0.8,52.31,518
4619,oaklands regional centre,mental health,,Public Health Agency of Canada,,53,bond st,L6K1L8,oakville,on,53 bond st. oakville on l6k 1l8,Oakville,3524001.0,35,43.444444,-79.6782414,oakville,0.6293986381352625,0.7734731256866006,0.5,64.75,259
4620,oakmed family health team,family health team - contract,Ambulatory health care services,Province of Ontario,,231,oak park boulevard,L6H7S8,oakville,on,,Oakville,3524001.0,35,43.48264074,-79.71632578,oakville,0.6957486889846172,0.13087366071834983,0.5,44.91,659
4623,oakville kiwanis meals on wheels,community support service,Ambulatory health care services,Province of Ontario,,165,cross avenue,L6J0A9,oakville,on,,Oakville,3524001.0,35,43.45576294,-79.68516326,oakville,0.45454106476777323,0.9698210450785447,0.5,64.63,261
4624,oakville senior citizens residence,community support service,Ambulatory health care services,Province of Ontario,,2222,lakeshore road,L6L5G5,oakville,on,,Oakville,3524001.0,35,43.39955423,-79.70524236,oakville,0.6275580800840634,0.45378954138363925,0.5,53.48,497
4625,oakville wheels to meals,community support service,Ambulatory health care services,Province of Ontario,,1565,old lakeshore road,L6L6N1,oakville,on,,Oakville,3524001.0,35,43.40493173,-79.69712876,oakville,0.5843143119231002,0.23605046334646396,0.5,44.13,681
4629,odette cancer centre - sunnybrook health sciences centre,cancer,Hospitals,Public Health Agency of Canada,,2075,bayview ave,M4N3M5,toronto,on,2075 bayview ave. toronto on m4n 3m5,Toronto,3520005.0,35,43.720661,-79.378057,toronto,0.901158010490989,0.07349674733001266,1.0,63.62,280
4651,one kenton place,retirement home,Nursing and residential care facilities,Province of Ontario,,3,kenton road,M2R2H6,toronto,on,,Toronto,3520005.0,35,43.7781514,-79.44369931,toronto,0.04544638034145787,0.16975790508754074,0.8,27.76,869
4656,ontario association of residents' councils - oarc,community support service,Ambulatory health care services,Province of Ontario,,80,fulton way,L4B1J5,richmond hill,on,,Richmond Hill,3519038.0,35,43.85204332,-79.3801191,richmond hill,0.2809631895922303,0.5197739485560177,0.5,41.93,718
4658,ontario college of family physicians - css,community support service,Ambulatory health care services,Province of Ontario,,400,university avenue,M5G1S5,toronto,on,,Toronto,3520005.0,35,43.65344758,-79.38824899,toronto,0.9504114840765587,0.3370031764312863,0.5,62.31,300
4659,ontario community support association (css),community support service,Ambulatory health care services,Province of Ontario,,970,lawrence avenue w,M6A3B6,toronto,on,,Toronto,3520005.0,35,43.71371849,-79.45837461,toronto,0.8902637838909163,0.8288833658826095,0.5,77.12,101
4660,ontario federation of indian friendship centres,community support service,Ambulatory health care services,Province of Ontario,,219,front street e,M5A1E8,toronto,on,,Toronto,3520005.0,35,43.65076979,-79.36576928,toronto,0.45565675278571294,0.43088752366180594,0.5,45.81,644
4661,ontario federation of indigenous friendship centres,mental health and addiction organization,Nursing and residential care facilities,Province of Ontario,,219,front street e,M5A1E8,toronto,on,,Toronto,3520005.0,35,43.65076979,-79.36576928,toronto,0.6201325978015367,0.2487142725876299,0.8,53.51,495
4667,ontario shores centre for mental health sciences,psychiatric,Hospitals,Public Health Agency of Canada,,700,gordon st,L1N5S9,whitby,on,700 gordon st. whitby on l1n 5s9,Whitby,3518009.0,35,43.849046,-78.947981,whitby,0.2773811829811327,0.61714498660403,1.0,57.7,393
4668,opportunity for advancement,mental health and addiction organization,Nursing and residential care facilities,Province of Ontario,,54,wollesley street,M5T1A5,toronto,on,,Toronto,3520005.0,35,43.64849718,-79.40278569,toronto,0.1881211597237613,0.7067772168854458,0.8,52.26,520
4671,orchard villa,long-term care home,Nursing and residential care facilities,Province of Ontario,,1955,valley farm road,L1V3R6,pickering,on,,Pickering,3518001.0,35,43.84623863,-79.0826885,pickering,0.46369840493998216,0.16704190790094986,0.8,44.39,674
4674,oshawa community health centre,children's treatment centre,Hospitals,Province of Ontario,,115,grassmere avenue,L1H3X7,oshawa,on,,Oshawa,3518013.0,35,43.86928605,-78.84479043,oshawa,0.3533522280260528,0.16761921628831766,1.0,45.0,656
4675,oshawa senior citizens centre- john & northview branch,community support service,Ambulatory health care services,Province of Ontario,,43,john street w,L1H1W8,oshawa,on,,Oshawa,3518013.0,35,43.89348755,-78.86343644,oshawa,0.5836561118508721,0.03667142693354297,0.5,37.13,786
4689,pace independent living,community support service,Ambulatory health care services,Province of Ontario,,970,lawrence avenue w,M6A3B6,toronto,on,,Toronto,3520005.0,35,43.71371849,-79.45837461,toronto,0.07773463696498484,0.7364020150656405,0.5,41.38,733
4690,pace independent living (toronto central lhin),community support service,Ambulatory health care services,Province of Ontario,,970,lawrence avenue w,M6A3B6,toronto,on,,Toronto,3520005.0,35,43.71371849,-79.45837461,toronto,0.9743948076661665,0.6638045276218051,0.5,74.71,131
4691,palermo village retirement residence,retirement home,Nursing and residential care facilities,Province of Ontario,,3136,dundas street w,L6M4J3,oakville,on,,Oakville,3524001.0,35,43.43165293,-79.77985319,oakville,0.9862107444796029,0.4746308757498139,0.8,76.06,119
4696,park avenue manor,retirement home,Nursing and residential care facilities,Province of Ontario,,924,park avenue w,L7T1N7,burlington,on,,Burlington,3524002.0,35,43.3045489,-79.8518665,burlington,0.6981617140197451,0.8441704489691971,0.8,77.47,96
4704,parkdale activity - recreation centre,community support service,Ambulatory health care services,Province of Ontario,,1499,queen street w,M6R1A3,toronto,on,,Toronto,3520005.0,35,43.63958288,-79.4405301,toronto,0.5360963663441204,0.8056701529500532,0.5,62.14,306
4705,"parkdale activity - recreation centre (parc), the",mental health and addiction organization,Nursing and residential care facilities,Province of Ontario,,1499,queen street w,M6R1A3,toronto,on,,Toronto,3520005.0,35,43.63958288,-79.4405301,toronto,0.30952761628632774,0.5853543643967521,0.8,52.87,509
4706,parkdale golden age foundation,senior active living centre,Nursing and residential care facilities,Province of Ontario,,27,roncesvalles avenue,M6R2K4,toronto,on,,Toronto,3520005.0,35,43.63979888,-79.4461661,toronto,0.8137950197069487,0.8682712805132586,0.8,82.94,37
4707,parkdale queen west community health centre,community health centre,Hospitals,Province of Ontario,,168,bathurst street,M5V2R4,toronto,on,,Toronto,3520005.0,35,43.64659738,-79.40423059,toronto,0.6847311725538793,0.20584121003676825,1.0,59.59,352
4708,parkland on the glen,retirement home,Nursing and residential care facilities,Province of Ontario,,1665,the collegeway,L5L0A9,mississauga,on,,Mississauga,3521005.0,35,43.54388615,-79.66402826,mississauga,0.1626169393448913,0.11191961939772788,0.8,30.42,853
4720,participation house - hamilton and district,community support service,Ambulatory health care services,Province of Ontario,,1022,waterdown road,L7T1N3,burlington,on,,Burlington,3524002.0,35,43.3071135,-79.853595,burlington,0.9109271844938425,0.2697496115169896,0.5,58.38,380
4723,participation house toronto,community support service,Ambulatory health care services,Province of Ontario,,1,burnview crescent,M1H1B4,toronto,on,,Toronto,3520005.0,35,43.75353751,-79.23432495,toronto,0.822537242923169,0.05708685608931485,0.5,47.4,617
4731,pearl and pine retirement residence,retirement home,Nursing and residential care facilities,Province of Ontario,,390,pearl street,L7R0A4,burlington,on,,Burlington,3524002.0,35,43.32623411,-79.79452329,burlington,0.949799913291924,0.531169528001032,0.8,76.58,114
4732,"peel addiction assessment and referral centre, the",mental health and addiction organization,Nursing and residential care facilities,Province of Ontario,,60,west drive,L6T3T6,brampton,on,,Brampton,3521010.0,35,43.70302348,-79.7251084,brampton,0.72571950838836,0.9366056922949615,0.8,81.81,47
4733,peel halton dufferin acquired brain injury services,community support service,Ambulatory health care services,Province of Ontario,,176,robert speck parkway,L4Z3G1,mississauga,on,,Mississauga,3521005.0,35,43.59702356,-79.63297036,mississauga,0.6134151959357899,0.03934354066850965,0.5,38.41,768
4734,peel manor,long-term care home,Nursing and residential care facilities,Province of Ontario,,525,main street n,L6X1N9,brampton,on,,Brampton,3521010.0,35,43.69999507,-79.78142981,brampton,0.4182430362906189,0.1221099140100268,0.8,41.0,738
4735,peel senior link,community support service,Ambulatory health care services,Province of Ontario,,50,burnhamthorpe road w,L5B3C2,mississauga,on,,Mississauga,3521005.0,35,43.59177946,-79.63634556,mississauga,0.9327284833540133,0.4521990282834353,0.5,65.64,241
4736,peel senior link (central west lhin),community support service,Ambulatory health care services,Province of Ontario,,50,burnhamthorpe road west,,mississauga,on,,Mississauga,3521005.0,35,43.59177946,-79.63634556,mississauga,0.8660638895004084,0.9338750175279049,0.5,79.83,67
4752,perram house,community support service,Ambulatory health care services,Province of Ontario,,4,wellesley place,M4Y2K4,toronto,on,,Toronto,3520005.0,35,43.66735509,-79.37711618,toronto,0.04521867010618941,0.3161561049767505,0.5,25.37,882
4753,personal attendant care,community support service,Ambulatory health care services,Province of Ontario,,1615,dundas street e,L1N2L1,whitby,on,,Whitby,3518009.0,35,43.88470215,-78.91099185,whitby,0.026366974497252005,0.5072348086883924,0.5,31.31,844
4770,phillip aziz centre for hospice care,community support service,Ambulatory health care services,Province of Ontario,,558,gerrard street e,M4M1X8,toronto,on,,Toronto,3520005.0,35,43.66538039,-79.35387628,toronto,0.3764633668780496,0.0415728590503921,0.5,29.01,859
4776,pilot place society,mental health and addiction organization,Nursing and residential care facilities,Province of Ontario,,70,lombard street,M5C2W2,toronto,on,,Toronto,3520005.0,35,43.65201689,-79.37469238,toronto,0.8105533307818329,0.14834320096208886,0.8,57.61,398
4779,pine river institute,mental health and addiction organization,Nursing and residential care facilities,Province of Ontario,,180,dundas street w,M5G1Z8,toronto,on,,Toronto,3520005.0,35,43.65541839,-79.38637899,toronto,0.9872761293149445,0.9866301229588469,0.8,94.02,1
4797,planned parenthood of toronto,community health centre,Ambulatory health care services,Province of Ontario,,36,prince arthur avenue,M5R1A9,toronto,on,,Toronto,3520005.0,35,43.66954919,-79.39730609,toronto,0.15041689110352818,0.9651186964360455,0.5,52.3,519
4806,port credit residences,retirement home,Nursing and residential care facilities,Province of Ontario,,33,hurontario street,L5G3E8,mississauga,on,,Mississauga,3521005.0,35,43.55675776,-79.58341274,mississauga,0.5941307153521351,0.004939980934409616,0.8,43.94,687
4815,post inn village,long-term care home,Nursing and residential care facilities,Province of Ontario,,203,georgian drive,L6H7H9,oakville,on,,Oakville,3524001.0,35,43.48026034,-79.71675247,oakville,0.3808908566310215,0.951811785423239,0.8,68.55,205
4819,presentation manor for senior,retirement home,Nursing and residential care facilities,Province of Ontario,,61,fairfax crescent,M1L1Z7,toronto,on,,Toronto,3520005.0,35,43.7159154,-79.28576136,toronto,0.9699143978146032,0.6391199378155004,0.8,81.17,56
4821,primacare living solutions  burton manor,long term care,Nursing and residential care facilities,Canadian Institute for Health Information,,,,L6Y5P3,brampton,on,,Brampton,,35,43.68816899999999,-79.763015,brampton,0.8421189231357087,0.8679182945200221,0.8,84.06,28
4831,progress place,mental health and addiction organization,Nursing and residential care facilities,Province of Ontario,,200,wellesley street,M4X1G3,toronto,on,,Toronto,3520005.0,35,43.66811959,-79.37366898,toronto,0.8383287047111379,0.4547398556338591,0.8,69.45,194
4842,providence healthcare,chronic care,Nursing and residential care facilities,Public Health Agency of Canada,,3276,st clair ave e,M1L1W1,toronto,on,3276 st. clair ave. e. toronto on m1l 1w1,Toronto,3520005.0,35,43.7122051,-79.2850295,toronto,0.4686931597949703,0.5155960285792502,0.8,56.79,419
4844,providence st. joseph's and st. michael's healthcare - providence,hospital - corporation,Hospitals,Province of Ontario,,3276,st clair avenue e,M1L1W1,toronto,on,,Toronto,3520005.0,35,43.7115277,-79.28365376,toronto,0.4148195023376652,0.4888465802569202,1.0,58.7,375
4845,providence st. joseph's and st. michael's healthcare - st. joseph's,hospital - corporation,Hospitals,Province of Ontario,,30,the queensway,M6R1B5,toronto,on,,Toronto,3520005.0,35,43.640642,-79.450215,toronto,0.27340707193070624,0.6668642575461043,1.0,59.28,363
4846,providence st. joseph's and st. michael's healthcare - st. michael's,hospital - corporation,Hospitals,Province of Ontario,,30,bond street,M5B1W8,toronto,on,,Toronto,3520005.0,35,43.65372609,-79.37730728,toronto,0.056375496650927115,0.1396512547563129,1.0,32.14,835
4847,providence st. joseph's and st. michael's hospital - (css),community support service,Ambulatory health care services,Province of Ontario,,22,adelaide street w,M5H4E3,toronto,on,,Toronto,3520005.0,35,43.65054688,-79.37946838,toronto,0.8647223762550532,0.029973589872677953,0.5,48.14,606
4850,punjabi community health services,community support service,Ambulatory health care services,Province of Ontario,,2980,drew road,L4T0A7,mississauga,on,,Mississauga,3521005.0,35,43.7102895,-79.6521369,mississauga,0.8129010091300776,0.3079299415911909,0.5,55.79,445
4851,punjabi community health services (pchs),mental health and addiction organization,Nursing and residential care facilities,Province of Ontario,,2980,drew road,L4T0A7,mississauga,on,,Mississauga,3521005.0,35,43.70988098,-79.65170517,mississauga,0.9997176732861306,0.7046807627366467,0.8,84.65,24
4852,queen square fht,family health team - contract,Ambulatory health care services,Province of Ontario,,366,main street n,L6V1P8,brampton,on,,Brampton,3521010.0,35,43.69503067,-79.77137851,brampton,0.9966368370739054,0.20185345212294836,0.5,59.43,358
4856,queens avenue retirement residence,retirement home,Nursing and residential care facilities,Province of Ontario,,1056,queens avenue,L6H6R3,oakville,on,,Oakville,3524001.0,35,43.46395854,-79.68888876,oakville,0.5554317056026274,0.6734324333249173,0.8,65.79,238
4880,r. s. mclaughlin durham regional cancer centre,cancer,Hospitals,Public Health Agency of Canada,,1,hospital ct,L1G2B9,oshawa,on,1 hospital ct. oshawa on l1g 2b9,Oshawa,3518013.0,35,43.9066084,-78.8703454,oshawa,0.7689874151805105,0.9699120461072704,1.0,89.71,8
4887,rayoak place,retirement home,Nursing and residential care facilities,Province of Ontario,,1340,york mills road,M3A3R1,toronto,on,,Toronto,3520005.0,35,43.76323831,-79.32006477,toronto,0.944765729882428,0.09390071578941839,0.8,61.08,327
4889,reconnect community health services,mental health and addiction organization,Nursing and residential care facilities,Province of Ontario,,1281,st clair avenue w,M6E1B8,toronto,on,,Toronto,3520005.0,35,43.67675159,-79.44756641,toronto,0.8496473906774115,0.6726021182251263,0.8,77.53,95
4890,reconnect community health services (css),community support service,Ambulatory health care services,Province of Ontario,,1281,saint clair avenue w,M6E1B8,toronto,on,,Toronto,3520005.0,35,43.67675159,-79.44756641,toronto,0.24734810174319766,0.44375021930457115,0.5,37.93,776
4895,red maple assistive living,retirement home,Nursing and residential care facilities,Province of Ontario,,25,windermere court,L6X2L5,brampton,on,,Brampton,3521010.0,35,43.68078827,-79.78407931,brampton,0.4505441353100935,0.8681422543775054,0.8,68.41,206
4904,regeneration house inc.,mental health and addiction organization,Nursing and residential care facilities,Province of Ontario,,2238,dundas street w,M6R3A9,toronto,on,,Toronto,3520005.0,35,43.65437708,-79.45149351,toronto,0.12915941515149498,0.1771497894473859,0.8,31.37,842
4906,regent park community health centre,children's treatment centre,Hospitals,Province of Ontario,,150,berry road,M8Y1W3,toronto,on,,Toronto,3520005.0,35,43.63785208,-79.48844552,toronto,0.9540510272587224,0.6926259522261645,1.0,87.4,15
4908,region of durham  fairview lodge,long term care,Nursing and residential care facilities,Canadian Institute for Health Information,,,,L1N5S3,whitby,on,,Whitby,,35,43.8997643,-78.9400809,whitby,0.60617463445088,0.8381152896481102,0.8,73.58,150
4909,region of durham  hillsdale estates,long term care,Nursing and residential care facilities,Canadian Institute for Health Information,,,,L1N5S3,whitby,on,,Whitby,,35,43.8997643,-78.9400809,whitby,0.22864280550346272,0.9446142194740232,0.8,62.21,305
4910,region of durham  hillsdale terraces,long term care,Nursing and residential care facilities,Canadian Institute for Health Information,,,,L1G5T9,oshawa,on,,Oshawa,,35,43.8975974,-78.8635999,oshawa,0.6717006844058567,0.6832480282896458,0.8,70.78,175
4914,regional geriatric program of toronto - psychogeriatric resource consultation,community support service,Ambulatory health care services,Province of Ontario,,2075,bayview avenue,M4N3M5,toronto,on,,Toronto,3520005.0,35,43.7228543,-79.37287829,toronto,0.6181282404578958,0.4971747640084273,0.5,54.63,470
4921,regional municipality of halton  creek way village,long term care,Nursing and residential care facilities,Canadian Institute for Health Information,,,,L7L7G7,burlington,on,,Burlington,,35,43.3255196,-79.7990319,burlington,0.3581627180328405,0.6178472402012138,0.8,55.95,438
4922,regional municipality of halton  post inn village,long term care,Nursing and residential care facilities,Canadian Institute for Health Information,,,,L6H7H9,oakville,on,,Oakville,,35,43.4507462,-79.7288743,oakville,0.11355759219962902,0.8689049844787182,0.8,54.95,466
4932,regional municipality of peel,community support service,Ambulatory health care services,Province of Ontario,,7120,hurontario street,L5M2C2,mississauga,on,,Mississauga,3521005.0,35,43.64747107,-79.70905269,mississauga,0.6715731955927996,0.5706097466388297,0.5,59.33,361
4933,regional municipality of peel  malton village long term care centre,long term care,Nursing and residential care facilities,Canadian Institute for Health Information,,,,L4T4M1,mississauga,on,,Mississauga,,35,43.5852972,-79.64498379999999,mississauga,0.5203077009037933,0.03038705969683686,0.8,41.88,719
4934,regional municipality of peel  peel manor,long term care,Nursing and residential care facilities,Canadian Institute for Health Information,,,,L6X1N9,brampton,on,,Brampton,,35,43.68816899999999,-79.763015,brampton,0.7723183917356393,0.9309486955069778,0.8,83.48,31
4935,regional municipality of peel  sheridan villa,long term care,Nursing and residential care facilities,Canadian Institute for Health Information,,,,L5J3Z8,mississauga,on,,Mississauga,,35,43.5852972,-79.64498379999999,mississauga,0.5201635011119934,0.6895267510315611,0.8,64.94,254
4936,regional municipality of peel  tall pines long term care centre,long term care,Nursing and residential care facilities,Canadian Institute for Health Information,,,,L6R2Y3,brampton,on,,Brampton,,35,43.68816899999999,-79.763015,brampton,0.8521815003185401,0.6765133857772465,0.8,77.77,90
4944,"renascent fellowship, the",mental health and addiction organization,Nursing and residential care facilities,Province of Ontario,,356,dundas street w,M5T1G5,toronto,on,,Toronto,3520005.0,35,43.65426168,-79.39321379,toronto,0.5519068387744855,0.21567515239771717,0.8,49.62,582
4951,responsive health management inc.  cedarvale terrace long term care home,long term care,Nursing and residential care facilities,Canadian Institute for Health Information,,,,M5P2X9,toronto,on,,Toronto,,35,43.6548253,-79.388447,toronto,0.5609379715353863,0.6588854702326572,0.8,65.5,245
4954,responsive health management inc.  the oneill centre,long term care,Nursing and residential care facilities,Canadian Institute for Health Information,,,,M6G3B1,toronto,on,,Toronto,,35,43.6548253,-79.388447,toronto,0.876653602658345,0.3938644056541585,0.8,68.85,202
4955,responsive health management inc.  vermont square,long term care,Nursing and residential care facilities,Canadian Institute for Health Information,,,,M5R3G5,toronto,on,,Toronto,,35,43.6548253,-79.388447,toronto,0.40348286621239704,0.6512329770414921,0.8,58.93,371
4956,retirement suites by the lake,retirement home,Nursing and residential care facilities,Province of Ontario,,2121,kingston road,M1N1T5,toronto,on,,Toronto,3520005.0,35,43.7005841,-79.25423655,toronto,0.13401522845064073,0.10659303030799072,0.8,29.09,858
4958,revera inc.  bay ridges long term care centre,long term care,Nursing and residential care facilities,Canadian Institute for Health Information,,,,L1W1Z4,pickering,on,,Pickering,,35,43.83841839999999,-79.086902,pickering,0.028782676313338973,0.657845304603036,0.8,44.18,677
4962,revera inc.  burloak long term care centre,long term care,Nursing and residential care facilities,Canadian Institute for Health Information,,,,L7L6W5,burlington,on,,Burlington,,35,43.3255196,-79.7990319,burlington,0.755137255673619,0.9994137257706666,0.8,85.18,23
4969,revera inc.  elginwood long term care centre,long term care,Nursing and residential care facilities,Canadian Institute for Health Information,,,,L4S2M9,richmond hill,on,,Richmond Hill,,35,43.8688079,-79.41371529999999,richmond hill,0.6203095513534647,0.04821203886055603,0.8,46.5,633
4975,revera inc.  harold and grace baker centre,long term care,Nursing and residential care facilities,Canadian Institute for Health Information,,,,M6M2J7,toronto,on,,Toronto,,35,43.6548253,-79.388447,toronto,0.7040797680992236,0.9771741842213173,0.8,82.36,45
4984,revera inc.  main street terrace,long term care,Nursing and residential care facilities,Canadian Institute for Health Information,,,,M4E2V6,toronto,on,,Toronto,,35,43.6548253,-79.388447,toronto,0.21296416150891073,0.4069079607228706,0.8,42.76,709
4986,revera inc.  northridge long term care centre,long term care,Nursing and residential care facilities,Canadian Institute for Health Information,,,,L6H7A2,oakville,on,,Oakville,,35,43.4507462,-79.7288743,oakville,0.13637147558676976,0.8707534503372591,0.8,55.93,440
5001,revera inc.  thorntonview,long term care,Nursing and residential care facilities,Canadian Institute for Health Information,,,,L1J5Y2,oshawa,on,,Oshawa,,35,43.8975974,-78.8635999,oshawa,0.014544665667881929,0.7823854840582735,0.8,47.97,608
5006,revera inc.  west oak village,long term care,Nursing and residential care facilities,Canadian Institute for Health Information,,,,L6M4E2,oakville,on,,Oakville,,35,43.4507462,-79.7288743,oakville,0.350587558806597,0.5670162609866678,0.8,53.87,487
5007,revera inc.  winbourne park,long term care,Nursing and residential care facilities,Canadian Institute for Health Information,,,,L1T4K6,ajax,on,,Ajax,,35,43.8611288,-79.0259267,ajax,0.5899176868546331,0.7384492092513265,0.8,69.44,196
5009,rexdale community health centre,senior active living centre,Nursing and residential care facilities,Province of Ontario,,8,taber road,M9W3A4,toronto,on,,Toronto,3520005.0,35,43.71934439,-79.57220015,toronto,0.3922440450997323,0.8785155613013479,0.8,66.44,229
5010,rexdale community health centre (css),community support service,Ambulatory health care services,Province of Ontario,,8,taber road,M9W3A4,toronto,on,,Toronto,3520005.0,35,43.71934439,-79.57220015,toronto,0.43747492202372906,0.404140321651033,0.5,44.14,679
5012,richmond hill retirement residence,retirement home,Nursing and residential care facilities,Province of Ontario,,70,bernard avenue,L4C0W7,richmond hill,on,,Richmond Hill,3519038.0,35,43.89552572,-79.44037102,richmond hill,0.9041586944937484,0.3270331615632387,0.8,67.61,215
5016,richview community care services corporation,community support service,Ambulatory health care services,Province of Ontario,,1540,kipling avenue,M9R4C6,toronto,on,,Toronto,3520005.0,35,43.68064368,-79.55247414,toronto,0.34825546702330035,0.6675933855635847,0.5,49.8,576
5017,richview manor retirement living,retirement home,Nursing and residential care facilities,Province of Ontario,,10500,dufferin street,L6A4R1,vaughan,on,,Vaughan,3519028.0,35,43.87877462,-79.49212484,vaughan,0.5139894891598108,0.8078459419412586,0.8,68.83,203
5051,rockcliffe care community,long-term care home,Nursing and residential care facilities,Province of Ontario,,3015,lawrence avenue e,M1P2V7,toronto,on,,Toronto,3520005.0,35,43.75467751,-79.24789355,toronto,0.7836530127411431,0.7622851347766157,0.8,78.03,86
5055,rose of sharon korean long term care,long-term care home,Nursing and residential care facilities,Province of Ontario,,17,maplewood avenue,M6C4B3,toronto,on,,Toronto,3520005.0,35,43.68583989,-79.4218175,toronto,0.39654278232127016,0.7978136488586345,0.8,63.79,276
5058,rosedale retirement residence,retirement home,Nursing and residential care facilities,Province of Ontario,,12,william street,L6V1L2,brampton,on,,Brampton,3521010.0,35,43.69126697,-79.76581591,brampton,0.6220867002278735,0.435583314812933,0.8,60.13,345
5067,rouge valley health system (css),community support service,Ambulatory health care services,Province of Ontario,,2867,ellesmere road,M1E4B9,toronto,on,,Toronto,3520005.0,35,43.78040642,-79.20455254,toronto,0.8623637087467452,0.8178342161750216,0.5,75.62,124
5068,rouge valley health system - centenary,general,Hospitals,Public Health Agency of Canada,,2867,ellesmere rd,M1E4B9,toronto,on,2867 ellesmere rd. toronto on m1e 4b9,Toronto,3520005.0,35,43.7807594,-79.2050226,toronto,0.9495206236576421,0.12020905537060844,1.0,67.19,219
5082,royalton retirement home,retirement home,Nursing and residential care facilities,Province of Ontario,,531,16 avenue,L4C7A7,richmond hill,on,,Richmond Hill,3519038.0,35,43.85601072,-79.41728601,richmond hill,0.14707348092903794,0.5444890979608495,0.8,44.94,658
5084,runnymede healthcare centre,chronic care,Nursing and residential care facilities,Public Health Agency of Canada,,625,runnymede rd,M6S3A3,toronto,on,625 runnymede rd. toronto on m6s 3a3,Toronto,3520005.0,35,43.6641822,-79.4811296,toronto,0.9265876251614944,0.0057586604981215705,0.8,57.27,408
5092,rykka care centres lp  cooksville care centre,long term care,Nursing and residential care facilities,Canadian Institute for Health Information,,,,L5B1B5,mississauga,on,,Mississauga,,35,43.5852972,-79.64498379999999,mississauga,0.4921162930795382,0.3245858299002703,0.8,51.05,557
5097,rykka care centres lp  wellington park care centre,long term care,Nursing and residential care facilities,Canadian Institute for Health Information,,,,L7S1X2,burlington,on,,Burlington,,35,43.3255196,-79.7990319,burlington,0.25824438829895835,0.3664615348713979,0.8,43.16,703
5107,s.e.n.a.c.a. seniors day program - halton incorporated,community support service,Ambulatory health care services,Province of Ontario,,53,bond street,L6K1L8,oakville,on,,Oakville,3524001.0,35,43.44271483,-79.67788876,oakville,0.4591357562382613,0.3961726916092554,0.5,44.73,662
5109,saint elizabeth foundation,community support service,Ambulatory health care services,Province of Ontario,,90,allstate parkway,L3R6H3,markham,on,,Markham,3519036.0,35,43.85374742,-79.3693504,markham,0.980032575285477,0.6954672066898622,0.5,76.04,120
5113,salvation army toronto grace health centre,hospital - corporation,Hospitals,Province of Ontario,,47,austin terrace,M5R1Y8,toronto,on,,Toronto,3520005.0,35,43.670323,-79.383211,toronto,0.4926180939928696,0.38855810127034573,1.0,58.3,383
5127,scarborough academic family health team,family health team - contract,Ambulatory health care services,Province of Ontario,,3000,lawrence avenue e,M1P2V1,toronto,on,,Toronto,3520005.0,35,43.75513221,-79.24956745,toronto,0.3287516102875082,0.44869362262253065,0.5,41.35,734
5128,scarborough and rouge hospital,mental health and addiction organization,Nursing and residential care facilities,Province of Ontario,,2867,ellesmere road,M1E4B9,toronto,on,,Toronto,3520005.0,35,43.78040642,-79.20455254,toronto,0.6334008543167258,0.23754413087432746,0.8,53.65,493
5129,scarborough and rouge hospital (css),community support service,Ambulatory health care services,Province of Ontario,,22,adelaide street w,M5H4E3,toronto,on,,Toronto,3520005.0,35,43.65054688,-79.37946838,toronto,0.24014561877819307,0.3732517916293401,0.5,35.17,802
5133,scarborough centre for healthy communities,community health centre,Hospitals,Province of Ontario,,3545,kingston road,M1M1R6,toronto,on,,Toronto,3520005.0,35,43.73904541,-79.21573104,toronto,0.07586332810866392,0.22726962726315147,1.0,35.99,795
5135,scarborough health network  centenary,"active acute hospital, long term care",Hospitals,Canadian Institute for Health Information,,,,M1E4B9,toronto,on,,Toronto,,35,43.6548253,-79.388447,toronto,0.12887972191064923,0.07319592376844364,1.0,32.72,830
5137,scarborough retirement residence,retirement home,Nursing and residential care facilities,Province of Ontario,,148,markham road,M1M2Z8,toronto,on,,Toronto,3520005.0,35,43.74077741,-79.21877154,toronto,0.12804583895777244,0.6034485933813779,0.8,46.24,636
5138,schizophrenia society of ontario,mental health and addiction organization,Nursing and residential care facilities,Province of Ontario,,235,lakeshore road e,L6J1H7,oakville,on,,Oakville,3524001.0,35,43.44647254,-79.66785156,oakville,0.15190269351229435,0.6682127985550163,0.8,49.46,586
5140,schlegel villages  erin mills lodge long term care,long term care,Nursing and residential care facilities,Canadian Institute for Health Information,,,,L5K2K7,mississauga,on,,Mississauga,,35,43.5852972,-79.64498379999999,mississauga,0.13882717264941014,0.6194903460096145,0.8,47.24,622
5141,schlegel villages  fairview nursing home,long term care,Nursing and residential care facilities,Canadian Institute for Health Information,,,,M6J1S8,toronto,on,,Toronto,,35,43.6548253,-79.388447,toronto,0.6408747448032146,0.46349404380057235,0.8,61.86,312
5143,schlegel villages  maynard nursing home,long term care,Nursing and residential care facilities,Canadian Institute for Health Information,,,,M6J1R3,toronto,on,,Toronto,,35,43.6548253,-79.388447,toronto,0.18188008439914483,0.3797857801792298,0.8,40.57,743
5148,schlegel villages  the village of erin meadows,long term care,Nursing and residential care facilities,Canadian Institute for Health Information,,,,L5M7M4,mississauga,on,,Mississauga,,35,43.5852972,-79.64498379999999,mississauga,0.3456672833238632,0.8633336495718252,0.8,64.04,271
5152,schlegel villages  the village of sandalwood park,long term care,Nursing and residential care facilities,Canadian Institute for Health Information,,,,L6R2W8,brampton,on,,Brampton,,35,43.68816899999999,-79.763015,brampton,0.8967884099060118,0.519081785136218,0.8,74.04,141
5153,schlegel villages  the village of tansley woods,long term care,Nursing and residential care facilities,Canadian Institute for Health Information,,,,L7M4W8,burlington,on,,Burlington,,35,43.3255196,-79.7990319,burlington,0.47396164026287235,0.47918187762973097,0.8,55.73,448
5154,schlegel villages  the village of taunton mills,long term care,Nursing and residential care facilities,Canadian Institute for Health Information,,,,L1R3A5,whitby,on,,Whitby,,35,43.8997643,-78.9400809,whitby,0.6675577385210272,0.025642065806435688,0.8,47.6,614
5157,scoc supportive services,community support service,Ambulatory health care services,Province of Ontario,,2701,st clair avenue e,M4B3M3,toronto,on,,Toronto,3520005.0,35,43.7056131,-79.31276747,toronto,0.17231987120162984,0.34124782762615635,0.5,31.34,843
5175,second mile club of toronto - four branch,community support service,Ambulatory health care services,Province of Ontario,,340,college street,M5T3A9,toronto,on,,Toronto,3520005.0,35,43.65757158,-79.40343899,toronto,0.19228901880867078,0.38019561878585706,0.5,33.5,820
5178,self help resource centre of greater toronto,community support service,Ambulatory health care services,Province of Ontario,,40,st clair avenue e,M4T1M9,toronto,on,,Toronto,3520005.0,35,43.68812419,-79.39575409,toronto,0.04086861626647886,0.3988227808969005,0.5,28.09,866
5179,self-directed care organization,community support service,Ambulatory health care services,Province of Ontario,,80,grosvenor street,M7A1E9,toronto,on,,Toronto,3520005.0,35,43.66224179,-79.38852459,toronto,0.16893506307216455,0.5801723692273323,0.5,39.56,756
5180,self-directed personal support services ontario,community support service,Ambulatory health care services,Province of Ontario,,80,grosvenor street,M7A1E9,toronto,on,,Toronto,3520005.0,35,43.66224179,-79.38852459,toronto,0.2785903390319586,0.5336025467268785,0.5,42.32,713
5181,senior adult services in the annex,senior active living centre,Nursing and residential care facilities,Province of Ontario,,707,st clair avenue w,M6C4A1,toronto,on,,Toronto,3520005.0,35,43.68123159,-79.4266182,toronto,0.17701048427674682,0.6079050927934446,0.8,48.36,605
5182,"senior peoples' resources in north toronto, inc.",community support service,Ambulatory health care services,Province of Ontario,,140,merton street,M4S1A1,toronto,on,,Toronto,3520005.0,35,43.69746889,-79.39182829,toronto,0.08870253375705561,0.7648832615421283,0.5,42.82,707
5183,senior persons living connected,community support service,Ambulatory health care services,Province of Ontario,,3333,finch avenue e,M1W2R9,toronto,on,,Toronto,3520005.0,35,43.79635041,-79.31678308,toronto,0.12063587110060081,0.8129857387160935,0.5,45.78,645
5184,senior persons living connected - cmhp,community support service,Ambulatory health care services,Province of Ontario,,3333,finch avenue e,M1W2R9,toronto,on,,Toronto,3520005.0,35,43.79635041,-79.31678308,toronto,0.46077876803272577,0.7181230762264944,0.5,56.07,436
5187,seniors life enhancement centres,community support service,Ambulatory health care services,Province of Ontario,,2030,bristol circle,L6H0H2,oakville,on,,Oakville,3524001.0,35,43.51086305,-79.67178966,oakville,0.2063337184057925,0.9555236959549347,0.5,54.2,479
5188,seniors' health centre,long-term care home,Nursing and residential care facilities,Province of Ontario,,2,buchan court,M2J5A3,toronto,on,,Toronto,3520005.0,35,43.77304721,-79.36002319,toronto,0.36426986104807546,0.01823258267636163,0.8,35.21,801
5199,services and housing in the province (ship) - css,community support service,Ambulatory health care services,Province of Ontario,,969,derry road e,L5T2J7,mississauga,on,,Mississauga,3521005.0,35,43.66503417,-79.68613508,mississauga,0.5034172708548569,0.1957779856835461,0.5,39.49,757
5205,seven oaks,long-term care home,Nursing and residential care facilities,Province of Ontario,,9,neilson road,M1E5E1,toronto,on,,Toronto,3520005.0,35,43.78117732,-79.20432774,toronto,0.6903948286293653,0.00756287497814212,0.8,47.88,609
5222,shepherd lodge,long-term care home,Nursing and residential care facilities,Province of Ontario,,3760,sheppard avenue e,M1T3K9,toronto,on,,Toronto,3520005.0,35,43.78271331,-79.29413397,toronto,0.039312139841098936,0.647474714154603,0.8,44.23,676
5223,shepherd terrace retirement residence,retirement home,Nursing and residential care facilities,Province of Ontario,,3758,sheppard avenue e,M1T3K9,toronto,on,,Toronto,3520005.0,35,43.78183521,-79.29511607,toronto,0.7994103989090426,0.8980305489499869,0.8,83.41,32
5225,sherbourne family health team,family health team - contract,Ambulatory health care services,Province of Ontario,,333,sherbourne street,M5A2S5,toronto,on,,Toronto,3520005.0,35,43.66230769,-79.37202078,toronto,0.6279003894909078,0.24348229657629927,0.5,46.14,638
5226,sherbourne health centre,mental health and addiction organization,Nursing and residential care facilities,Province of Ontario,,333,sherbourne street,M5A2S5,toronto,on,,Toronto,3520005.0,35,43.66230769,-79.37202078,toronto,0.08175903194887191,0.9270345447963066,0.8,55.72,449
5227,sherbourne place,long-term care home,Nursing and residential care facilities,Province of Ontario,,345,sherbourne street,M5A2S3,toronto,on,,Toronto,3520005.0,35,43.66267759,-79.37266528,toronto,0.8735786241067772,0.06026739028956085,0.8,57.05,414
5229,sheridan villa,long-term care home,Nursing and residential care facilities,Province of Ontario,,2460,truscott drive,L5J3Z8,mississauga,on,,Mississauga,3521005.0,35,43.51060205,-79.64829886,mississauga,0.9208724005318132,0.9344360268055143,0.8,89.54,11
5230,sherwood court long term care centre,long-term care home,Nursing and residential care facilities,Province of Ontario,,300,ravineview drive,L6A3P8,vaughan,on,,Vaughan,3519028.0,35,43.88950162,-79.51877245,vaughan,0.06107795985486375,0.3516226872396344,0.8,34.75,806
5241,sienna senior living inc.  camilla care community,long term care,Nursing and residential care facilities,Canadian Institute for Health Information,,,,L5B1M8,mississauga,on,,Mississauga,,35,43.5852972,-79.64498379999999,mississauga,0.2768776481472037,0.10142082844921652,0.8,34.62,808
5244,sienna senior living inc.  cheltenham care community,long term care,Nursing and residential care facilities,Canadian Institute for Health Information,,,,M2R1Y8,toronto,on,,Toronto,,35,43.6548253,-79.388447,toronto,0.8062012797930613,0.48587175918632564,0.8,69.25,197
5251,sienna senior living inc.  harmony hills care community,long term care,Nursing and residential care facilities,Canadian Institute for Health Information,,,,M4A1W7,toronto,on,,Toronto,,35,43.6548253,-79.388447,toronto,0.7482596903836584,0.25677656772050794,0.8,58.92,372
5252,sienna senior living inc.  hawthorn woods care community,long term care,Nursing and residential care facilities,Canadian Institute for Health Information,,,,L6P0N5,brampton,on,,Brampton,,35,43.68816899999999,-79.763015,brampton,0.18452101935637732,0.28487290196192283,0.8,37.35,783
5253,sienna senior living inc.  langstaff square care community,long term care,Nursing and residential care facilities,Canadian Institute for Health Information,,,,L4B4T8,richmond hill,on,,Richmond Hill,,35,43.8688079,-79.41371529999999,richmond hill,0.2093493233367103,0.3072899649262866,0.8,39.13,763
5255,sienna senior living inc.  maple grove care community,long term care,Nursing and residential care facilities,Canadian Institute for Health Information,,,,L6R3B5,brampton,on,,Brampton,,35,43.68816899999999,-79.763015,brampton,0.370472102791382,0.8030258978326634,0.8,62.92,290
5262,sienna senior living inc.  silverthorn care community,long term care,Nursing and residential care facilities,Canadian Institute for Health Information,,,,L5M7C8,mississauga,on,,Mississauga,,35,43.5852972,-79.64498379999999,mississauga,0.4845229851910213,0.5391612766752545,0.8,58.25,384
5264,sienna senior living inc.  st. george care community,long term care,Nursing and residential care facilities,Canadian Institute for Health Information,,,,M5R2M2,toronto,on,,Toronto,,35,43.6548253,-79.388447,toronto,0.618254771530296,0.31130769915600365,0.8,55.63,455
5265,sienna senior living inc.  streetsville care community,long term care,Nursing and residential care facilities,Canadian Institute for Health Information,,,,L5M1X9,mississauga,on,,Mississauga,,35,43.5852972,-79.64498379999999,mississauga,0.3689136395697724,0.6103337833109184,0.8,56.12,434
5267,sienna senior living inc.  tullamore care community,long term care,Nursing and residential care facilities,Canadian Institute for Health Information,,,,L6W3G3,brampton,on,,Brampton,,35,43.68816899999999,-79.763015,brampton,0.4625347161331479,0.7161506742231936,0.8,63.57,283
5269,sienna senior living inc.  weston terrace care community,long term care,Nursing and residential care facilities,Canadian Institute for Health Information,,,,M9N3V4,toronto,on,,Toronto,,35,43.6548253,-79.388447,toronto,0.7474709381337565,0.27262400073353377,0.8,59.44,357
5271,sienna senior living inc.  woodhall park care community,long term care,Nursing and residential care facilities,Canadian Institute for Health Information,,,,L6Z4N7,brampton,on,,Brampton,,35,43.68816899999999,-79.763015,brampton,0.0366832028905979,0.4135491015253515,0.8,35.94,796
5272,silverthorn care community,long-term care home,Nursing and residential care facilities,Province of Ontario,,4350,mississauga road,L5M7C8,mississauga,on,,Mississauga,3521005.0,35,43.56232545,-79.68858187,mississauga,0.25243694434402075,0.12188609333694755,0.8,34.36,810
5278,sinai health system,mental health and addiction organization,Nursing and residential care facilities,Province of Ontario,,600,university avenue,M5G1X5,toronto,on,,Toronto,3520005.0,35,43.65753069,-79.38999619,toronto,0.7133495858845524,0.18114934953468032,0.8,54.87,467
5279,sinai health system (css),community support service,Ambulatory health care services,Province of Ontario,,600,university avenue,M5G1X5,toronto,on,,Toronto,3520005.0,35,43.65753069,-79.38999619,toronto,0.8952068376871993,0.6811178539649828,0.5,72.15,168
5280,sinai health system - bridgepoint,hospital - site,Hospitals,Province of Ontario,,14,st mathews road,M4M2B5,toronto,on,,Toronto,3520005.0,35,43.66596059,-79.35550928,toronto,0.5116774421156661,0.18143834769562694,1.0,51.82,537
5281,sinai health system - mount sinai,hospital - corporation,Hospitals,Province of Ontario,,600,university avenue,M5G1X5,toronto,on,,Toronto,3520005.0,35,43.65770559,-79.38972699,toronto,0.5321134852653157,0.5251633836670602,1.0,64.67,260
5282,sinai health system  bridgepoint hospital,"active acute hospital, long term care",Hospitals,Canadian Institute for Health Information,,,,M4M2B5,toronto,on,,Toronto,,35,43.6548253,-79.388447,toronto,0.10717201133977605,0.7090462617224327,1.0,54.1,480
5283,sinai health system  mount sinai hospital,active acute hospital,Hospitals,Canadian Institute for Health Information,,,,M5G1X5,toronto,on,,Toronto,,35,43.6548253,-79.388447,toronto,0.44741236682345464,0.10687692309474384,1.0,46.64,629
5292,sistering - a woman's place,mental health and addiction organization,Nursing and residential care facilities,Province of Ontario,,220,cowan avenue,M6K2N6,toronto,on,,Toronto,3520005.0,35,43.64077598,-79.4332507,toronto,0.5326172664550232,0.5673122196289035,0.8,61.16,324
5301,society of sharing - inner-city volunteers,community support service,Ambulatory health care services,Province of Ontario,,10,saint mary street,M4Y1P9,toronto,on,,Toronto,3520005.0,35,43.66800979,-79.38663819,toronto,0.24247050363472966,0.25656278370136376,0.5,31.18,847
5302,"society of st. vincent de paul, toronto central council",mental health and addiction organization,Nursing and residential care facilities,Province of Ontario,,240,church street,M5B1Z2,toronto,on,,Toronto,3520005.0,35,43.65585569,-79.37700068,toronto,0.26924323094938096,0.9629268752375798,0.8,64.47,265
5305,sound times support services of metropolitan toronto,mental health and addiction organization,Nursing and residential care facilities,Province of Ontario,,1001,queen street w,M6J1H4,toronto,on,,Toronto,3520005.0,35,43.64308398,-79.41732259,toronto,0.37728416310462265,0.4835456467199247,0.8,52.02,532
5324,south east toronto fht,family health team - contract,Ambulatory health care services,Province of Ontario,,833,coxwell avenue,M4C3E8,toronto,on,,Toronto,3520005.0,35,43.69079619,-79.32641447,toronto,0.02007119777772637,0.8059925497751581,0.5,41.51,731
5328,south riverdale community health centre,senior active living centre,Nursing and residential care facilities,Province of Ontario,,2,gower street,M4B1E2,toronto,on,,Toronto,3520005.0,35,43.7021584,-79.29886836,toronto,0.3220791655831783,0.5502265421562618,0.8,52.14,523
5329,south riverdale community health centre (css),community support service,Ambulatory health care services,Province of Ontario,,955,queen street e,M4M3P3,toronto,on,,Toronto,3520005.0,35,43.66115189,-79.33920577,toronto,0.21144800699654465,0.043412532854819164,0.5,22.48,895
5347,southbridge care homes inc.  orchard villa,long term care,Nursing and residential care facilities,Canadian Institute for Health Information,,,,L1V3R6,pickering,on,,Pickering,,35,43.83841839999999,-79.086902,pickering,0.32749735217791465,0.6331513755940223,0.8,55.26,461
5365,southbrook retirement community,retirement home,Nursing and residential care facilities,Province of Ontario,,400,ray lawson boulevard,L6Y4G4,brampton,on,,Brampton,3521010.0,35,43.65401857,-79.7322165,brampton,0.11976213181925122,0.951403342206657,0.8,58.09,387
5372,southlake regional health centre  reactivation care centre church,active acute hospital,Hospitals,Canadian Institute for Health Information,,,,M9N1N8,toronto,on,,Toronto,,35,43.6548253,-79.388447,toronto,0.890527280739895,0.6016118201463312,1.0,81.68,49
5373,southlake regional health centre  reactivation care centre finch,active acute hospital,Hospitals,Canadian Institute for Health Information,,,,M3N1N1,toronto,on,,Toronto,,35,43.6548253,-79.388447,toronto,0.5935924535540487,0.8191888594267902,1.0,77.42,97
5382,spinal cord injury ontario,community support service,Ambulatory health care services,Province of Ontario,,520,sutherland drive,M4G3V9,toronto,on,,Toronto,3520005.0,35,43.718498,-79.36971499,toronto,0.6791023191444896,0.8842064633484078,0.5,70.61,180
5389,st christopher house (soc. integrat.),community support service,Ambulatory health care services,Province of Ontario,,588,queen street w,M6J1E3,toronto,on,,Toronto,3520005.0,35,43.64740068,-79.40429659,toronto,0.7891712386073383,0.22807977194893247,0.5,52.05,529
5396,st. bernard's residence,retirement home,Nursing and residential care facilities,Province of Ontario,,685,finch avenue w,M2R1P2,toronto,on,,Toronto,3520005.0,35,43.7706405,-79.45685582,toronto,0.4984421989290573,0.21204483990822665,0.8,47.36,618
5399,st. christopher house,community support service,Ambulatory health care services,Province of Ontario,,588,queen street w,M6J1E3,toronto,on,,Toronto,3520005.0,35,43.64740068,-79.40429659,toronto,0.08692028808742369,0.6109809888509917,0.5,37.36,782
5400,st. clair o'connor community inc,community support service,Ambulatory health care services,Province of Ontario,,2701,st clair avenue e,M4B3M3,toronto,on,,Toronto,3520005.0,35,43.7056131,-79.31276747,toronto,0.5371065418185478,0.4110284698067047,0.5,48.37,604
5401,st. clair o'connor community nursing home,long-term care home,Nursing and residential care facilities,Province of Ontario,,2701,saint clair avenue e,M4B3M3,toronto,on,,Toronto,3520005.0,35,43.7056131,-79.31276747,toronto,0.5868411180208791,0.8398613028667203,0.8,72.87,163
5402,st. clair west services for seniors,community support service,Ambulatory health care services,Province of Ontario,,2562,eglington avenue w,M6M1T4,toronto,on,,Toronto,3520005.0,35,43.69098659,-79.47236762,toronto,0.74543947418433,0.9000231233980112,0.5,73.82,145
5403,st. clair west services for seniors (css),community support service,Ambulatory health care services,Province of Ontario,,2562,eglington avenue w,M6M1T4,toronto,on,,Toronto,3520005.0,35,43.69098659,-79.47236762,toronto,0.4316595462296794,0.3534213793027181,0.5,42.14,715
5404,st. clair west services for seniors (toronto central lhin),community support service,Ambulatory health care services,Province of Ontario,,2562,eglington avenue w,M6M1T4,toronto,on,,Toronto,3520005.0,35,43.69098659,-79.47236762,toronto,0.12758030279556376,0.23687055897448206,0.5,25.89,879
5405,st. demetrius supportive care services,community support service,Ambulatory health care services,Province of Ontario,,60,richview road,M9A5E4,toronto,on,,Toronto,3520005.0,35,43.68434358,-79.51869943,toronto,0.28377590579872447,0.7805255152438618,0.5,51.17,554
5409,st. george care community,long-term care home,Nursing and residential care facilities,Province of Ontario,,225,st george street,M5R2M2,toronto,on,,Toronto,3520005.0,35,43.67253289,-79.40161649,toronto,0.3630822963986351,0.2748060355481361,0.8,44.14,679
5410,st. hilda's towers,community support service,Ambulatory health care services,Province of Ontario,,2339,dufferin street,M6E4Z5,toronto,on,,Toronto,3520005.0,35,43.69477959,-79.44946361,toronto,0.6459172413316012,0.8226143185136784,0.5,67.13,221
5413,st. john's rehabilitation hospital,rehabilitation,Nursing and residential care facilities,Public Health Agency of Canada,,285,cummer ave,M2M2G1,toronto,on,285 cummer ave. toronto on m2m 2g1,Toronto,3520005.0,35,43.7875454,-79.4040568,toronto,0.5707783046689119,0.42373825364876283,0.8,57.66,395
5427,st. joseph's health centre,mental health and addiction organization,Nursing and residential care facilities,Province of Ontario,,30,the queensway,M6R1B5,toronto,on,,Toronto,3520005.0,35,43.64055838,-79.45002,toronto,0.35609672589784624,0.6675498992914705,0.8,57.61,398
5429,st. joseph's health centre - toronto,general,Hospitals,Public Health Agency of Canada,,30,the queensway,M6R1B5,toronto,on,30 the queensway toronto on m6r 1b5,Toronto,3520005.0,35,43.640631,-79.450314,toronto,0.9865152487929797,0.09553531383466818,1.0,67.8,214
5439,st. joseph's infirmary,chronic care,Nursing and residential care facilities,Public Health Agency of Canada,,2,oconnor dr,M4K2K1,toronto,on,2 o'connor dr. toronto on m4k 2k1,Toronto,3520005.0,35,43.708582,-79.343706,toronto,0.6057748193568872,0.623859324676573,0.8,66.07,235
5442,st. joseph's urban family health team,family health team - contract,Ambulatory health care services,Province of Ontario,,30,the queensway,M6R1B5,toronto,on,,Toronto,3520005.0,35,43.64055838,-79.45002,toronto,0.23722679173599448,0.4517676787372291,0.5,37.8,778
5454,st. jude community homes,mental health and addiction organization,Nursing and residential care facilities,Province of Ontario,,431,dundas street e,M5A2B1,toronto,on,,Toronto,3520005.0,35,43.65914419,-79.36670818,toronto,0.10178247262040374,0.5866084631754741,0.8,44.6,666
5462,st. matthew's bracondale house,community support service,Ambulatory health care services,Province of Ontario,,707,st clair avenue w,M6C4A1,toronto,on,,Toronto,3520005.0,35,43.68123159,-79.4266182,toronto,0.15285913918433203,0.16801420774486342,0.5,24.49,885
5464,st. michael's homes,mental health and addiction organization,Nursing and residential care facilities,Province of Ontario,,277,rusholme road,M6H2Y9,toronto,on,,Toronto,3520005.0,35,43.65822408,-79.4299437,toronto,0.24595772838450813,0.7368737449441821,0.8,55.63,455
5465,st. michael's hospital,mental health and addiction organization,Nursing and residential care facilities,Province of Ontario,,193,young street,M5B1M8,toronto,on,,Toronto,3520005.0,35,43.65312289,-79.37938728,toronto,0.16068137325955567,0.8627970775432285,0.8,56.63,421
5466,st. michael's hospital - bond st. site,general,Hospitals,Public Health Agency of Canada,,30,bond st,M5B1W8,toronto,on,30 bond st. toronto on m5b 1w8,Toronto,3520005.0,35,43.6539147,-79.3776706,toronto,0.18656702405130576,0.21673980009077565,1.0,40.05,750
5467,st. michael's hospital academic family health team,family health team - contract,Ambulatory health care services,Province of Ontario,,410,sherbourne street,M4X1K2,toronto,on,,Toronto,3520005.0,35,43.66473609,-79.37417518,toronto,0.2850951686938471,0.09571455552016173,0.5,27.25,872
5471,st. paul l'amoreaux centre,community support service,Ambulatory health care services,Province of Ontario,,3333,finch avenue e,M1W2R9,toronto,on,,Toronto,3520005.0,35,43.79635041,-79.31678308,toronto,0.17337359529475482,0.023638586046336396,0.5,20.26,901
5473,st. stephen's community house,senior active living centre,Nursing and residential care facilities,Province of Ontario,,340,college street,M5T3A9,toronto,on,,Toronto,3520005.0,35,43.65757158,-79.40343899,toronto,0.8967654246264252,0.641971500443266,0.8,78.34,81
5485,stonegate community health centre,children's treatment centre,Hospitals,Province of Ontario,,2398,yonge street,M4P2H4,toronto,on,,Toronto,3520005.0,35,43.70972309,-79.39930509,toronto,0.08023374566164221,0.6070940360887808,1.0,49.46,586
5488,storefront humber,community support service,Ambulatory health care services,Province of Ontario,,2445,lakeshore boulevard w,M8V1C5,toronto,on,,Toronto,3520005.0,35,43.61354377,-79.48895881,toronto,0.5245113895702547,0.54669741271407,0.5,52.61,512
5495,"street haven at the crossroads, the",mental health and addiction organization,Nursing and residential care facilities,Province of Ontario,,87,pembroke street,M5A2N9,toronto,on,,Toronto,3520005.0,35,43.65925109,-79.37243298,toronto,0.4103968269896615,0.23194709611597542,0.8,44.53,667
5496,street health community nursing foundation,mental health and addiction organization,Nursing and residential care facilities,Province of Ontario,,338,dundas street e,M5A2A1,toronto,on,,Toronto,3520005.0,35,43.65869789,-79.37001078,toronto,0.9823786169086064,0.39090599590551467,0.8,72.98,162
5497,streetsville care community,long-term care home,Nursing and residential care facilities,Province of Ontario,,1742,bristol road w,L5M1X9,mississauga,on,,Mississauga,3521005.0,35,43.58212646,-79.70532398,mississauga,0.11203890216805235,0.594476335186173,0.8,45.29,654
5498,sts. peter and paul residence,retirement home,Nursing and residential care facilities,Province of Ontario,,221,milner avenue,M1S4P4,toronto,on,,Toronto,3520005.0,35,43.78816992,-79.24005215,toronto,0.39785559904574164,0.4967668588591694,0.8,53.3,501
5499,student assistance in north toronto for seniors,community support service,Ambulatory health care services,Province of Ontario,,25,wanless avenue,M4N1V5,toronto,on,,Toronto,3520005.0,35,43.7263871,-79.4013591,toronto,0.9694704332753689,0.9877855202148873,0.5,85.85,21
5503,summerville fht,family health team - contract,Ambulatory health care services,Province of Ontario,,101,queensway w,L5B2P7,mississauga,on,,Mississauga,3521005.0,35,43.57213966,-79.61082055,mississauga,0.8655071258939803,0.13643975255673313,0.5,51.9,533
5504,summit housing & outreach programs,mental health and addiction organization,Nursing and residential care facilities,Province of Ontario,,760,brant street,L7R4B7,burlington,on,,Burlington,3524002.0,35,43.33226941,-79.80880339,burlington,0.8170720709492799,0.6951445540475938,0.8,77.01,103
5509,sunnybrook academic fht,family health team - contract,Ambulatory health care services,Province of Ontario,,2075,bayview avenue,M4N3M5,toronto,on,,Toronto,3520005.0,35,43.7228543,-79.37287829,toronto,0.25790282704493983,0.4043187681042921,0.5,36.97,789
5510,sunnybrook health sciences centre,mental health and addiction organization,Nursing and residential care facilities,Province of Ontario,,2075,bayview avenue,M4N3M5,toronto,on,,Toronto,3520005.0,35,43.7228543,-79.37287829,toronto,0.17088758739006582,0.42819961492561476,0.8,41.82,723
5511,sunnybrook health sciences centre - bayview campus,general,Hospitals,Public Health Agency of Canada,,2075,bayview ave,M4N3M5,toronto,on,2075 bayview ave. toronto on m4n 3m5,Toronto,3520005.0,35,43.72242,-79.374019,toronto,0.668643219924431,0.7175977656581762,1.0,76.86,107
5512,sunnybrook health sciences centre - holland orthopaedic & arthritic centre,hospital - site,Hospitals,Province of Ontario,,43,wellesley street e,M4Y1H1,toronto,on,,Toronto,3520005.0,35,43.66534149,-79.38242888,toronto,0.9293759891275858,0.6924361513243696,1.0,86.41,18
5513,sunnybrook health sciences centre - holland orthopaedic and arthritic inst.,orthopedic,Hospitals,Public Health Agency of Canada,,43,wellesley st e,M4Y1H1,toronto,on,43 wellesley st. e. toronto on m4y 1h1,Toronto,3520005.0,35,43.6650195,-79.3823361,toronto,0.5567628930139298,0.9912559937021883,1.0,81.96,46
5514,sunnybrook health sciences centre - st. john's rehab,hospital - site,Hospitals,Province of Ontario,,285,cummer avenue,M2M2G1,toronto,on,,Toronto,3520005.0,35,43.78762,-79.403968,toronto,0.5716126894698998,0.12839428945412523,1.0,52.36,517
5515,sunnybrook health sciences centre - women's college hospital,orthopedic,Hospitals,Public Health Agency of Canada,,76,grenville st,M5S1B2,toronto,on,76 grenville st. toronto on m5s 1b2,Toronto,3520005.0,35,43.66171,-79.387745,toronto,0.2799790936602842,0.10410964938416634,1.0,39.84,754
5516,sunnybrook health sciences centre  reactivation care centre church,active acute hospital,Hospitals,Canadian Institute for Health Information,,,,M9N1N8,toronto,on,,Toronto,,35,43.6548253,-79.388447,toronto,0.7694929331919369,0.7243388171287412,1.0,81.13,57
5517,sunnybrook health sciences centre  st. johns rehab hospital,active acute hospital,Hospitals,Canadian Institute for Health Information,,,,M2M2G1,toronto,on,,Toronto,,35,43.6548253,-79.388447,toronto,0.18704374855752337,0.5783869170064091,1.0,52.73,510
5518,sunnybrook health sciences centre  sunnybrook campus,"active acute hospital, long term care",Hospitals,Canadian Institute for Health Information,,,,M4N3M5,toronto,on,,Toronto,,35,43.6548253,-79.388447,toronto,0.3236792364042437,0.27416066655980587,1.0,47.54,615
5519,sunnycrest nursing home,long-term care home,Nursing and residential care facilities,Province of Ontario,,1635,dundas street e,L1N2K9,whitby,on,,Whitby,3518009.0,35,43.88695065,-78.90906825,whitby,0.4254364386164168,0.0794193689889866,0.8,39.8,755
5522,sunrise of burlington,retirement home,Nursing and residential care facilities,Province of Ontario,,5401,lakeshore road,L7L6S5,burlington,on,,Burlington,3524002.0,35,43.36880982,-79.72973777,burlington,0.507610378684455,0.08565824959643054,0.8,43.3,702
5523,sunrise of thornhill,retirement home,Nursing and residential care facilities,Province of Ontario,,484,steeles avenue w,L4J0C7,vaughan,on,,Vaughan,3519028.0,35,43.79523551,-79.43742711,vaughan,0.24240973241508024,0.8941908746641183,0.8,60.99,329
5525,sunrise senior living of erin mills,retirement home,Nursing and residential care facilities,Province of Ontario,,4046,erin mills parkway,L5L2W7,mississauga,on,,Mississauga,3521005.0,35,43.54899385,-79.68808997,mississauga,0.11483682473920354,0.1918673247187429,0.8,31.31,844
5526,sunrise senior living of mississauga,retirement home,Nursing and residential care facilities,Province of Ontario,,1279,burnhamthorpe road e,L4Y3V7,mississauga,on,,Mississauga,3521005.0,35,43.62096837,-79.60555515,mississauga,0.6106200424416326,0.32337156211552076,0.8,55.74,447
5527,sunrise senior living of oakville,retirement home,Nursing and residential care facilities,Province of Ontario,,456,trafalgar road,L6J7X1,oakville,on,,Oakville,3524001.0,35,43.45397384,-79.68064656,oakville,0.28863055324025577,0.22665640222698802,0.8,39.48,758
5528,sunrise senior living of richmond hill,retirement home,Nursing and residential care facilities,Province of Ontario,,9800,yonge street,L4C0P5,richmond hill,on,,Richmond Hill,3519038.0,35,43.86580402,-79.43672372,richmond hill,0.5812382214226123,0.3549963058319373,0.8,55.67,453
5529,sunrise senior living of unionville,retirement home,Nursing and residential care facilities,Province of Ontario,,38,swansea road,L3R5K2,markham,on,,Markham,3519036.0,35,43.86308503,-79.29911048,markham,0.1543627152742023,0.06942384274609337,0.8,28.6,861
5531,sunrise seniors place,community support service,Ambulatory health care services,Province of Ontario,,75,john street w,L1H1W9,oshawa,on,,Oshawa,3518013.0,35,43.89323215,-78.86458634,oshawa,0.4811401018548175,0.5190597909082704,0.5,49.91,573
5535,suomi-koti toronto nursing home,long-term care home,Nursing and residential care facilities,Province of Ontario,,795,eglinton avenue e,M4G4E4,toronto,on,,Toronto,3520005.0,35,43.7131299,-79.36614148,toronto,0.5325894325515859,0.0676125635922149,0.8,43.67,696
5541,supportive housing in peel (s.h.i.p.) css,community support service,Ambulatory health care services,Province of Ontario,,969,derry road e,L5T2J7,mississauga,on,,Mississauga,3521005.0,35,43.6651732,-79.687076,mississauga,0.05182353682242691,0.8003565078223616,0.5,42.59,711
5547,taddle creek family health team,family health team - contract,Ambulatory health care services,Province of Ontario,,790,bay street,M5G1N8,toronto,on,,Toronto,3520005.0,35,43.66050619,-79.38606199,toronto,0.3366042781939206,0.23371208191043302,0.5,34.14,814
5548,taibu community health centre,children's treatment centre,Hospitals,Province of Ontario,,1371,nelson road,M1B4Z8,toronto,on,,Toronto,3520005.0,35,43.80929512,-79.22088655,toronto,0.13441467693897424,0.5400119146045106,1.0,49.28,590
5549,tall pines long term care centre,long-term care home,Nursing and residential care facilities,Province of Ontario,,1001,peter robertson boulevard,L6R2Y3,brampton,on,,Brampton,3521010.0,35,43.75057309,-79.74244701,brampton,0.06337497047276774,0.8800790875614583,0.8,53.34,499
5550,tapestry at village gate west,retirement home,Nursing and residential care facilities,Province of Ontario,,15,summerland terrace,M9A0B5,toronto,on,,Toronto,3520005.0,35,43.64399278,-79.53220393,toronto,0.9899602323899452,0.6508773690471942,0.8,82.38,44
5560,tendercare living centre,long-term care home,Nursing and residential care facilities,Province of Ontario,,1020,mcnicoll avenue,M1W2J6,toronto,on,,Toronto,3520005.0,35,43.80577041,-79.33598338,toronto,0.32235384497472297,0.5329577865513353,0.8,51.55,543
5561,terrace gardens,retirement home,Nursing and residential care facilities,Province of Ontario,,3705,bathurst street,M6A2E8,toronto,on,,Toronto,3520005.0,35,43.7353822,-79.43311861,toronto,0.8098744458546349,0.3243337531153756,0.8,63.75,277
5563,terraces of baycrest,retirement home,Nursing and residential care facilities,Province of Ontario,,55,ameer avenue,M6A2Z1,toronto,on,,Toronto,3520005.0,35,43.7286636,-79.44013881,toronto,0.25464065476376385,0.33300191305819793,0.8,41.84,722
5567,the annex,retirement home,Nursing and residential care facilities,Province of Ontario,,123,spadina road,M5R2T1,toronto,on,,Toronto,3520005.0,35,43.671751,-79.405509,toronto,0.6815027222239293,0.6694869551981901,0.8,70.69,178
5568,the arthritis society,community support service,Ambulatory health care services,Province of Ontario,,393,university avenue,M5G1E6,toronto,on,,Toronto,3520005.0,35,43.65402329,-79.38729799,toronto,0.7602278598896866,0.9941393612211675,0.5,77.7,93
5569,the baycrest day care centre,community support service,Ambulatory health care services,Province of Ontario,,3560,bathurst street,M6A2E1,toronto,on,,Toronto,3520005.0,35,43.7300765,-79.43421181,toronto,0.5956387406078443,0.6618391898493786,0.5,59.49,356
5570,the beechwood,retirement home,Nursing and residential care facilities,Province of Ontario,,1500,rathburn road e,L4W4L7,mississauga,on,,Mississauga,3521005.0,35,43.62827797,-79.60432645,mississauga,0.47157618855015837,0.5577834173700249,0.8,58.39,379
5573,the briton house,retirement home,Nursing and residential care facilities,Province of Ontario,,720,mount pleasant road,M4S2N4,toronto,on,,Toronto,3520005.0,35,43.70654559,-79.38981869,toronto,0.41184091414726853,0.7306505102392461,0.8,62.05,307
5575,the canadian hearing society - peel/waterloo region,community support service,Ambulatory health care services,Province of Ontario,,2227,south millway,L5L3R6,mississauga,on,,Mississauga,3521005.0,35,43.54312435,-79.68396367,mississauga,0.3488682665429953,0.46520561228371815,0.5,42.74,710
5578,the canadian hearing society - toronto,community support service,Ambulatory health care services,Province of Ontario,,271,spadina road,M5R2V3,toronto,on,,Toronto,3520005.0,35,43.67720559,-79.40777439,toronto,0.9295291442478258,0.060142342600785215,0.5,51.79,538
5580,the canadian hearing society - york region,community support service,Ambulatory health care services,Province of Ontario,,271,spadina road,M5R2V3,toronto,on,,Toronto,3520005.0,35,43.67720559,-79.40777439,toronto,0.8306194077877291,0.5622968158779098,0.5,65.41,247
5591,the canadian red cross society-community health division - toronto,community support service,Ambulatory health care services,Province of Ontario,,421,dundas street w,M8X1Y6,toronto,on,,Toronto,3520005.0,35,43.65313278,-79.39521489,toronto,0.9650269106665126,0.9576252845053802,0.5,84.62,25
5595,the carriage house retirement residence,retirement home,Nursing and residential care facilities,Province of Ontario,,60,bond street e,L1G8C9,oshawa,on,,Oshawa,3518013.0,35,43.89926785,-78.86188844,oshawa,0.12429722348554473,0.17530294235765964,0.8,31.11,850
5597,the central canadian district of the cama in canada  cama woodlands nursing home,long term care,Nursing and residential care facilities,Canadian Institute for Health Information,,,,L7P5A6,burlington,on,,Burlington,,35,43.3255196,-79.7990319,burlington,0.7308674752036443,0.6900048908206657,0.8,73.38,153
5598,the claremont,retirement home,Nursing and residential care facilities,Province of Ontario,,305,balliol street,M4S3H5,toronto,on,,Toronto,3520005.0,35,43.69894059,-79.38687049,toronto,0.9383404568210378,0.20093368865905648,0.8,64.57,262
5606,the dunfield retirement residence,retirement home,Nursing and residential care facilities,Province of Ontario,,77,dunfield avenue,M4S2H3,toronto,on,,Toronto,3520005.0,35,43.70671009,-79.39470579,toronto,0.18123306616566015,0.5358276844730813,0.8,46.0,639
5612,the erinview,retirement home,Nursing and residential care facilities,Province of Ontario,,2132,dundas street w,L5K2K7,mississauga,on,,Mississauga,3521005.0,35,43.53474615,-79.66736096,mississauga,0.0664962673667775,0.09667644964671962,0.8,26.04,878
5613,the first step group home,retirement home,Nursing and residential care facilities,Province of Ontario,,138,janray drive,M1G1Y9,toronto,on,,Toronto,3520005.0,35,43.76899051,-79.22035714,toronto,0.741120649290059,0.45037093625818514,0.8,65.41,247
5616,the four villages community health centre,community health centre,Hospitals,Province of Ontario,,1700,bloor street w,M6P4C3,toronto,on,,Toronto,3520005.0,35,43.65535868,-79.45842661,toronto,0.5744731131799119,0.7561633288952461,1.0,74.44,134
5619,the good neighbours' club,community support service,Ambulatory health care services,Province of Ontario,,170,jarvis street,M5B2B7,toronto,on,,Toronto,3520005.0,35,43.65557079,-79.37433158,toronto,0.8418287767582721,0.3475715242389821,0.5,58.34,382
5623,the helping hand on rhapsody,retirement home,Nursing and residential care facilities,Province of Ontario,,10,rhapsody crescent,L6P4E7,brampton,on,,Brampton,3521010.0,35,43.78734059,-79.74182051,brampton,0.1397723766262895,0.664911724487218,0.8,48.86,598
5625,the heritage nursing home,long-term care home,Nursing and residential care facilities,Province of Ontario,,1195,queen street e,M4M1L6,toronto,on,,Toronto,3520005.0,35,43.66272499,-79.33111227,toronto,0.7952673118598902,0.7954499607897292,0.8,79.65,69
5626,the hospital for sick children (css),community support service,Ambulatory health care services,Province of Ontario,,555,university avenue,M5G1X8,toronto,on,,Toronto,3520005.0,35,43.65710429,-79.38773779,toronto,0.20162732004774453,0.9271778194794527,0.5,53.02,506
5628,the jewish home for the aged,long-term care home,Nursing and residential care facilities,Province of Ontario,,3560,bathurst street,M6A2E1,toronto,on,,Toronto,3520005.0,35,43.7300765,-79.43421181,toronto,0.1636559428657045,0.23464208185545354,0.8,34.76,804
5630,the kensington,retirement home,Nursing and residential care facilities,Province of Ontario,,25,lakeshore road w,L6K1C6,oakville,on,,Oakville,3524001.0,35,43.44195673,-79.67261076,oakville,0.16426579793099294,0.39931591580930814,0.8,40.55,744
5631,the kensington gardens,long-term care home,Nursing and residential care facilities,Province of Ontario,,25,brunswick avenue,M5S2L9,toronto,on,,Toronto,3520005.0,35,43.65819899,-79.40343829,toronto,0.8145747202313821,0.15241601333041743,0.8,57.92,388
5632,the lance krasman memorial centre for community mental health - css,community support service,Ambulatory health care services,Province of Ontario,,10121,yonge street,L4C1T7,richmond hill,on,,Richmond Hill,3519038.0,35,43.87424932,-79.43774412,richmond hill,0.6651972206962001,0.9924835021583752,0.5,73.84,144
5643,the millwood,retirement home,Nursing and residential care facilities,Province of Ontario,,921,millwood road,M4G1X2,toronto,on,,Toronto,3520005.0,35,43.70293019,-79.36354308,toronto,0.5230654247691193,0.9270009679242953,0.8,73.37,155
5644,the neighbourhood group community service,community support service,Ambulatory health care services,Province of Ontario,,349,ontario street,M5A2V8,toronto,on,,Toronto,3520005.0,35,43.66055229,-79.36895398,toronto,0.3588304841235025,0.5399571302805596,0.5,45.75,647
5646,the o'neill centre,long-term care home,Nursing and residential care facilities,Province of Ontario,,33,christie street,M6G3B1,toronto,on,,Toronto,3520005.0,35,43.66476219,-79.4186887,toronto,0.8772005408131083,0.8420332943764213,0.8,84.56,26
5647,the o'neill centre long term care and retirement living,retirement home,Nursing and residential care facilities,Province of Ontario,,33,christie street,M6G3B1,toronto,on,,Toronto,3520005.0,35,43.66476219,-79.4186887,toronto,0.3924451074226354,0.5209579772720422,0.8,53.93,484
5648,the ontario caregiver organization,community support service,Ambulatory health care services,Province of Ontario,,22,adelaide street w,M5H4E3,toronto,on,,Toronto,3520005.0,35,43.65054688,-79.37946838,toronto,0.8165994394715771,0.6235856880027597,0.5,66.99,222
5649,the ontario community centre for the deaf (bob rumball centre for the deaf),community support service,Ambulatory health care services,Province of Ontario,,2395,bayview avenue,M2L1A2,toronto,on,,Toronto,3520005.0,35,43.7346352,-79.38037639,toronto,0.4391349085702184,0.08912443211601662,0.5,33.18,825
5667,the rekai centres at sherbourne place,community support service,Ambulatory health care services,Province of Ontario,,345,sherbourne street,M5A2S3,toronto,on,,Toronto,3520005.0,35,43.66267759,-79.37266528,toronto,0.3769444294249076,0.7552704204968079,0.5,54.01,481
5668,the rekai centres at wellesley street,community support service,Ambulatory health care services,Province of Ontario,,160,wellesley street e,M4Y1J2,toronto,on,,Toronto,3520005.0,35,43.66687279,-79.37566588,toronto,0.46267978566960644,0.12771348363523483,0.5,35.48,800
5669,the rekai centres  the rekai centre at sherbourne place,long term care,Nursing and residential care facilities,Canadian Institute for Health Information,,,,M5A2S3,toronto,on,,Toronto,,35,43.6548253,-79.388447,toronto,0.3013778741641421,0.8260676302525284,0.8,60.97,330
5670,the rekai centres  the rekai centre at wellesley central place,long term care,Nursing and residential care facilities,Canadian Institute for Health Information,,,,M4Y1J2,toronto,on,,Toronto,,35,43.6548253,-79.388447,toronto,0.7476093801762511,0.7820280876703859,0.8,77.28,99
5678,the russell hill retirement residence,retirement home,Nursing and residential care facilities,Province of Ontario,,262,st clair avenue w,M4V1R8,toronto,on,,Toronto,3520005.0,35,43.68553589,-79.40841779,toronto,0.5027203900924792,0.7087446977429764,0.8,64.91,255
5679,the salvation army - meighen retirement residence,community support service,Ambulatory health care services,Province of Ontario,,84,davisville avenue,M4S1G1,toronto,on,,Toronto,3520005.0,35,43.69944179,-79.39315659,toronto,0.2322126951468173,0.036160380524762115,0.5,23.05,891
5684,the salvation army toronto grace health centre,chronic care,Nursing and residential care facilities,Public Health Agency of Canada,,650,church st,M4Y2G5,toronto,on,650 church st. toronto on m4y 2g5,Toronto,3520005.0,35,43.670326,-79.3832017,toronto,0.8995745732745685,0.3031283559453286,0.8,66.59,227
5688,the second mile club of toronto,community support service,Ambulatory health care services,Province of Ontario,,340,college street,M5T3A9,toronto,on,,Toronto,3520005.0,35,43.65757158,-79.40343899,toronto,0.3838912213732114,0.26311256991084286,0.5,37.06,787
5692,the st. christopher house,mental health and addiction organization,Nursing and residential care facilities,Province of Ontario,,1499,queen street w,M6R1A3,toronto,on,,Toronto,3520005.0,35,43.63958288,-79.4405301,toronto,0.5435528611139886,0.3601364074715191,0.8,54.35,476
5693,the teddington,retirement home,Nursing and residential care facilities,Province of Ontario,,4,teddington park avenue,M4N2C3,toronto,on,,Toronto,3520005.0,35,43.7332454,-79.4038491,toronto,0.9064721109645469,0.08764274676383854,0.8,59.33,361
5704,the village of erin meadows,long-term care home,Nursing and residential care facilities,Province of Ontario,,2930,erin centre boulevard,L5M7M4,mississauga,on,,Mississauga,3521005.0,35,43.55312755,-79.72147048,mississauga,0.6242379959139921,0.9369578230310628,0.8,77.76,91
5706,the village of humber heights,long-term care home,Nursing and residential care facilities,Province of Ontario,,2245,lawrence avenue w,M9P3W3,toronto,on,,Toronto,3520005.0,35,43.69710409,-79.52690243,toronto,0.11689804070836407,0.5538022407123763,0.8,44.06,684
5708,the village of sandalwood park,long-term care home,Nursing and residential care facilities,Province of Ontario,,425,great lakes drive,L6R2W8,brampton,on,,Brampton,3521010.0,35,43.7410087,-79.7717325,brampton,0.9398321236134751,0.30552431065802355,0.8,68.29,208
5709,the village of tansley woods,long-term care home,Nursing and residential care facilities,Province of Ontario,,4100,upper middle road,L7M4W8,burlington,on,,Burlington,3524002.0,35,43.38367062,-79.79950979,burlington,0.6277080530714179,0.3969815170742834,0.8,59.0,368
5710,the village of taunton mills,long-term care home,Nursing and residential care facilities,Province of Ontario,,3800,brock street n,L1R3A5,whitby,on,,Whitby,3518009.0,35,43.91312705,-78.95825897,whitby,0.3349056146570861,0.44720254050483565,0.8,49.05,596
5723,the wexford,long-term care home,Nursing and residential care facilities,Province of Ontario,,1860,lawrence avenue e,M1R5B1,toronto,on,,Toronto,3520005.0,35,43.7439777,-79.30345907,toronto,0.13927207266338726,0.6005943333606173,0.8,46.59,631
5725,the wharton medical clinic inc. - css,community support service,Ambulatory health care services,Province of Ontario,,2951,walkers line,L7M4Y1,burlington,on,,Burlington,3524002.0,35,43.39210732,-79.8216486,burlington,0.794025189270296,0.5156794276964978,0.5,62.31,300
5726,the williamsburg,retirement home,Nursing and residential care facilities,Province of Ontario,,1893,appleby line,L7L0G5,burlington,on,,Burlington,3524002.0,35,43.39273432,-79.78777969,burlington,0.6200727559285135,0.9193919732144173,0.8,76.98,106
5730,the youth centre,children's treatment centre,Hospitals,Province of Ontario,,360,bayly street w,L1S1P1,ajax,on,,Ajax,3518005.0,35,43.84185373,-79.03228419,ajax,0.5334610919763215,0.49696348290583026,1.0,63.73,278
5734,thistletown regional centre for children and adolescents,psychiatric,,Public Health Agency of Canada,,51,panorama crt,M9V4L8,toronto,on,51 panorama crt. toronto on m9v 4l8,Toronto,3520005.0,35,43.7474338,-79.5767771,toronto,0.8938925830509576,0.9921580148233127,0.5,82.98,36
5735,thompson house,long-term care home,Nursing and residential care facilities,Province of Ontario,,1,overland drive,M3C2C3,toronto,on,,Toronto,3520005.0,35,43.7324901,-79.34677178,toronto,0.7885972112245307,0.8514249577450957,0.8,81.34,53
5737,thorntonview,long-term care home,Nursing and residential care facilities,Province of Ontario,,186,thornton road s,L1J5Y2,oshawa,on,,Oshawa,3518013.0,35,43.8859505,-78.8922213,oshawa,0.15167487973275118,0.2085105143573358,0.8,33.36,823
5739,three trilliums community place inc.,community support service,Ambulatory health care services,Province of Ontario,,25,elm street,M5G2G5,toronto,on,,Toronto,3520005.0,35,43.65754079,-79.38291138,toronto,0.31172206779554823,0.9305952146439163,0.5,57.54,402
5763,tobias house attendant care inc.,community support service,Ambulatory health care services,Province of Ontario,,695,coxwell avenue,M4C5R6,toronto,on,,Toronto,3520005.0,35,43.68309609,-79.32334507,toronto,0.24848913981446574,0.11636639788547609,0.5,26.51,875
5764,tony stacey centre for veterans' care,long-term care home,Nursing and residential care facilities,Province of Ontario,,59,lawson road,M1C2J1,toronto,on,,Toronto,3520005.0,35,43.78323942,-79.16339403,toronto,0.743946292572677,0.8174497084911916,0.8,78.37,80
5765,toronto central local health integration network,local health integration network office,Ambulatory health care services,Province of Ontario,,425,bloor street e,M4W3R4,toronto,on,,Toronto,3520005.0,35,43.67212719,-79.37638908,toronto,0.03353243473577938,0.3806232934765801,0.5,27.16,873
5766,toronto central local health integration network (lhin op),community support service,Ambulatory health care services,Province of Ontario,,425,bloor street e,M4W3R4,toronto,on,,Toronto,3520005.0,35,43.67212719,-79.37638908,toronto,0.5698896848713165,0.8779743204450695,0.5,66.02,236
5767,toronto east general hospital,general,Hospitals,Public Health Agency of Canada,,825,coxwell ave,M4C3E7,toronto,on,825 coxwell ave. toronto on m4c 3e7,Toronto,3520005.0,35,43.6897586,-79.3259225,toronto,0.7624586857406905,0.8680566901074503,1.0,85.88,20
5768,toronto east health network,mental health and addiction organization,Nursing and residential care facilities,Province of Ontario,,2,college street,M5G1K3,toronto,on,,Toronto,3520005.0,35,43.66144329,-79.38348678,toronto,0.8767656367617495,0.8059254001176211,0.8,83.28,33
5769,toronto intergenerational partnerships,community support service,Ambulatory health care services,Province of Ontario,,800,greenwood avenue,M4J4B7,toronto,on,,Toronto,3520005.0,35,43.68283639,-79.33415687,toronto,0.34208174871590746,0.7900304363070614,0.5,53.83,490
5770,toronto north support services,mental health and addiction organization,Nursing and residential care facilities,Province of Ontario,,132,railside road,M3A1A3,toronto,on,,Toronto,3520005.0,35,43.7365707,-79.32659547,toronto,0.8212573046720129,0.3046791390980408,0.8,63.51,284
5771,toronto people with aids foundation-pwa,community support service,Ambulatory health care services,Province of Ontario,,200,gerrard street e,M5A2E6,toronto,on,,Toronto,3520005.0,35,43.66144079,-79.37176928,toronto,0.11063173695520723,0.08091928305125218,0.5,19.76,902
5772,toronto public health,public health unit office,Ambulatory health care services,Province of Ontario,,277,victoria street,M5B1W2,toronto,on,,Toronto,3520005.0,35,43.65654429,-79.37938038,toronto,0.8464522917345182,0.40298017876516146,0.5,60.46,338
5773,toronto rehabilitation institute - css,community support service,Ambulatory health care services,Province of Ontario,,550,university avenue,M5G2A2,toronto,on,,Toronto,3520005.0,35,43.65678129,-79.38979619,toronto,0.12748866233198242,0.17352451498650867,0.5,23.67,890
5774,toronto rehabilitation institute - e. w. bickle centre,rehabilitation,Nursing and residential care facilities,Public Health Agency of Canada,,130,dunn ave,M6K2R7,toronto,on,130 dunn ave. toronto on m6k 2r7,Toronto,3520005.0,35,43.6348034,-79.4327094,toronto,0.39728729056036727,0.6949510889024617,0.8,60.21,341
5775,toronto rehabilitation institute - hillcrest centre,rehabilitation,Nursing and residential care facilities,Public Health Agency of Canada,,47,austin terrace,M5R1Y8,toronto,on,47 austin terrace toronto on m5r 1y8,Toronto,3520005.0,35,43.6775465,-79.4155915,toronto,0.7972953657795536,0.34609972653778553,0.8,64.01,273
5776,toronto rehabilitation institute - lyndhurst centre,rehabilitation,Nursing and residential care facilities,Public Health Agency of Canada,,520,sutherland dr,M4G3V9,toronto,on,520 sutherland dr. toronto on m4g 3v9,Toronto,3520005.0,35,43.7184894,-79.3697116,toronto,0.14991742734877378,0.9756102008599149,0.8,60.14,343
5777,toronto rehabilitation institute - rumsey centre,rehabilitation,Nursing and residential care facilities,Public Health Agency of Canada,,345 347,rumsey rd,M4G1R7,toronto,on,345 - 347 rumsey rd. toronto on m4g 1r7,Toronto,3520005.0,35,43.7187286,-79.3715512,toronto,0.22925139523264149,0.640972077345332,0.8,51.6,540
5778,toronto rehabilitation institute - university centre,rehabilitation,Nursing and residential care facilities,Public Health Agency of Canada,,550,university ave,M5G2A2,toronto,on,550 university ave. toronto on m5g 2a2,Toronto,3520005.0,35,43.6567107,-79.3899079,toronto,0.7222525683930663,0.822480563634361,0.8,77.68,94
5779,town of whitby (whitby seniors' activity centre),community support service,Ambulatory health care services,Province of Ontario,,801,brock street s,L1N4L4,whitby,on,,Whitby,3518009.0,35,43.87255314,-78.93868316,whitby,0.7200365365460744,0.13252467274184843,0.5,45.94,641
5781,traditions of durham retirement residence,retirement home,Nursing and residential care facilities,Province of Ontario,,1255,bloor street e,L1H0B3,oshawa,on,,Oshawa,3518013.0,35,43.89015215,-78.81017172,oshawa,0.6411476328852973,0.8620144822726226,0.8,75.82,121
5782,trafalgar lodge,retirement home,Nursing and residential care facilities,Province of Ontario,,299,randall street,L6J6B4,oakville,on,,Oakville,3524001.0,35,43.44891054,-79.66803676,oakville,0.6939484444671,0.9227571905133943,0.8,80.05,64
5783,transcare community support services,community support service,Ambulatory health care services,Province of Ontario,,1045,mcnicoll avenue,M1W3W6,toronto,on,,Toronto,3520005.0,35,43.80385871,-79.33390698,toronto,0.5427244433475962,0.4870619188189359,0.5,51.26,551
5784,transition house incorporated,mental health and addiction organization,Nursing and residential care facilities,Province of Ontario,,162,madison avenue,M5R2S6,toronto,on,,Toronto,3520005.0,35,43.67413319,-79.40586279,toronto,0.25179905890695276,0.6062529377509774,0.8,51.29,549
5793,trillium health centre,,Hospitals,Canadian Institute for Health Information,,100,queensway w,L5B1B8,mississauga,on,100 queensway west mississauga on l5b 1b8 canada,Mississauga,3521005.0,35,43.571601,-79.608483,mississauga,0.34569599350391944,0.7648098009029954,1.0,65.6,242
5794,trillium health centre - mississauga,general,Hospitals,Public Health Agency of Canada,,100,queensway w,L5B1B8,mississauga,on,100 queensway w. mississauga on l5b 1b8,Mississauga,3521005.0,35,43.571586,-79.607685,mississauga,0.18159771680142567,0.17483862726041255,1.0,38.38,769
5795,trillium health partners,mental health and addiction organization,Nursing and residential care facilities,Province of Ontario,,150,sherway drive,M9C1A5,toronto,on,,Toronto,3520005.0,35,43.60904697,-79.56182134,toronto,0.9084505613336283,0.5025660764634424,0.8,73.93,143
5796,trillium health partners - credit valley,hospital - site,Hospitals,Province of Ontario,,2200,eglinton avenue w,L5M2N1,mississauga,on,,Mississauga,3521005.0,35,43.5591213,-79.7037003,mississauga,0.5833917947661205,0.3986630277723131,1.0,62.29,302
5798,trillium health partners -css,community support service,Ambulatory health care services,Province of Ontario,,100,queensway w,L5B1B8,mississauga,on,,Mississauga,3521005.0,35,43.57143586,-79.60855415,mississauga,0.4008514167636399,0.1463739921622491,0.5,33.66,818
5799,trillium health partners  credit valley hospital,"active acute hospital, long term care",Hospitals,Canadian Institute for Health Information,,,,L5M2N1,mississauga,on,,Mississauga,,35,43.5852972,-79.64498379999999,mississauga,0.4620058036441327,0.36753442229153144,1.0,56.34,427
5800,trillium health partners  mississauga hospital,"active acute hospital, long term care",Hospitals,Canadian Institute for Health Information,,,,L5B1B8,mississauga,on,,Mississauga,,35,43.5852972,-79.64498379999999,mississauga,0.9472833396118153,0.06817230938549357,1.0,65.28,250
5801,trillium health partners  reactivation care centre church,active acute hospital,Hospitals,Canadian Institute for Health Information,,,,M9N1N8,toronto,on,,Toronto,,35,43.6548253,-79.388447,toronto,0.1533514031160802,0.025811906949486985,1.0,32.04,838
5803,trillium health partners- mississauga,hospital - corporation,Hospitals,Province of Ontario,,100,queensway w,L5B1B8,mississauga,on,,Mississauga,3521005.0,35,43.57225606,-79.60962385,mississauga,0.5862298320167972,0.13516628915482276,1.0,53.18,503
5804,trillium health partners- queensway,hospital - site,Hospitals,Province of Ontario,,150,sherway drive,M9C1A5,toronto,on,,Toronto,3520005.0,35,43.60968137,-79.56136044,toronto,0.505888678884466,0.9631151115891738,1.0,78.94,73
5808,trinity square cafe,mental health and addiction organization,Nursing and residential care facilities,Province of Ontario,,10,trinity square,M5G1B1,toronto,on,,Toronto,3520005.0,35,43.65488599,-79.38147328,toronto,0.6114542354346478,0.549529535895017,0.8,63.69,279
5813,true davidson acres,long-term care home,Nursing and residential care facilities,Province of Ontario,,200,dawes road,M4C5M8,toronto,on,,Toronto,3520005.0,35,43.6960602,-79.29840606,toronto,0.01811018382084051,0.96582216115322,0.8,54.53,473
5814,true davidson meals on wheels (east york) inc.,community support service,Ambulatory health care services,Province of Ontario,,25,waterman avenue,M4B1Y6,toronto,on,,Toronto,3520005.0,35,43.7124332,-79.31575107,toronto,0.8721239089441515,0.432497878330132,0.5,62.52,294
5821,tullamore care community,long-term care home,Nursing and residential care facilities,Province of Ontario,,133,kennedy road s,L6W3G3,brampton,on,,Brampton,3521010.0,35,43.68480267,-79.7360306,brampton,0.9321182824836124,0.3118161330852596,0.8,68.2,209
5828,tyndall nursing home,long-term care home,Nursing and residential care facilities,Province of Ontario,,1060,eglinton avenue e,L4W1K3,mississauga,on,,Mississauga,3521005.0,35,43.62835307,-79.62744866,mississauga,0.5651331835892089,0.5061418628402441,0.8,60.32,340
5829,uhn toronto western family health team,family health team - contract,Ambulatory health care services,Province of Ontario,,,bathurst street,M5T2S8,toronto,on,,Toronto,3520005.0,35,43.7448438,-79.43584941,toronto,0.6966508238768923,0.4395116886329101,0.5,55.75,446
5830,ukrainian canadian care centre,long-term care home,Nursing and residential care facilities,Province of Ontario,,60,richview road,M9A5E4,toronto,on,,Toronto,3520005.0,35,43.68434358,-79.51869943,toronto,0.9224993811772957,0.10566468426174391,0.8,60.6,336
5832,unger nursing homes ltd.  hampton terrace,long term care,Nursing and residential care facilities,Canadian Institute for Health Information,,,,L7T1E8,burlington,on,,Burlington,,35,43.3255196,-79.7990319,burlington,0.7072386343133986,0.6408263146902062,0.8,70.72,177
5834,union villa,long-term care home,Nursing and residential care facilities,Province of Ontario,,4300,highway 7,L3R1L8,markham,on,,Markham,3519036.0,35,43.86143002,-79.31443048,markham,0.15253904291426135,0.2160381825095996,0.8,33.66,818
5835,unison health and community services.,community health centre,Hospitals,Province of Ontario,,12,flemington road,M6A2N4,toronto,on,,Toronto,3520005.0,35,43.71953449,-79.44494411,toronto,0.5762883601668132,0.6195879548978296,1.0,69.74,192
5837,united achievers community services,community support service,Ambulatory health care services,Province of Ontario,,36,queen street e,L6V1A2,brampton,on,,Brampton,3521010.0,35,43.68689667,-79.75928921,brampton,0.6067150463828559,0.6502010923981534,0.5,59.53,355
5839,unity health toronto  providence healthcare,"active acute hospital, long term care",Hospitals,Canadian Institute for Health Information,,,,M1L1W1,toronto,on,,Toronto,,35,43.6548253,-79.388447,toronto,0.424130671302386,0.1520248531286481,1.0,47.29,619
5840,unity health toronto  reactivation care centre church,active acute hospital,Hospitals,Canadian Institute for Health Information,,,,M9N1N8,toronto,on,,Toronto,,35,43.6548253,-79.388447,toronto,0.7364442356247228,0.06134962711066816,1.0,56.61,422
5841,unity health toronto  st. josephs health centre toronto,active acute hospital,Hospitals,Canadian Institute for Health Information,,,,M6R1B5,toronto,on,,Toronto,,35,43.6548253,-79.388447,toronto,0.9343670147690148,0.7807615860684398,1.0,89.7,9
5842,unity health toronto  st. michaels hospital,active acute hospital,Hospitals,Canadian Institute for Health Information,,,,M5B1W8,toronto,on,,Toronto,,35,43.6548253,-79.388447,toronto,0.9255685129067763,0.4598004237693202,1.0,78.12,85
5843,university health network,mental health and addiction organization,Nursing and residential care facilities,Province of Ontario,,892,dundas street w,M6J1W1,toronto,on,,Toronto,3520005.0,35,43.65127938,-79.41224359,toronto,0.4508393714041321,0.05816379550547579,0.8,40.07,749
5844,university health network (css),community support service,Ambulatory health care services,Province of Ontario,,190,elizabeth street,M5G2C4,toronto,on,,Toronto,3520005.0,35,43.65839159,-79.38719389,toronto,0.11323804584075525,0.9948663171697671,0.5,51.85,536
5845,university health network - bickle centre,hospital - site,Hospitals,Province of Ontario,,130,dunn avenue,M6K2R7,toronto,on,,Toronto,3520005.0,35,43.634892,-79.432714,toronto,0.9848411989623346,0.05778056099636664,1.0,66.42,230
5846,university health network - hillcrest,hospital - site,Hospitals,Province of Ontario,,550,university avenue,M5G2A2,toronto,on,,Toronto,3520005.0,35,43.65680509,-79.38935669,toronto,0.8388980864459341,0.6950352288585532,1.0,82.88,38
5847,university health network - lyndhurst,hospital - site,Hospitals,Province of Ontario,,520,sutherland drive,M4G3V9,toronto,on,,Toronto,3520005.0,35,43.7183272,-79.36934819,toronto,0.12466268120326685,0.9836789252634136,1.0,64.42,267
5848,university health network - princess margaret,hospital - site,Hospitals,Province of Ontario,,610,university avenue,M5G2M9,toronto,on,,Toronto,3520005.0,35,43.65822539,-79.38994659,toronto,0.9208418826173723,0.23918010421592562,1.0,70.2,185
5849,university health network - princess margaret hospital,cancer,Hospitals,Public Health Agency of Canada,,610,university ave,M5G2M9,toronto,on,610 university ave. toronto on m5g 2m9,Toronto,3520005.0,35,43.6580743,-79.3905974,toronto,0.8698963620621283,0.14224936868719618,1.0,64.77,258
5850,university health network - toronto general,hospital - corporation,Hospitals,Province of Ontario,,200,elizabeth street,M5G2C4,toronto,on,,Toronto,3520005.0,35,43.65958679,-79.38706779,toronto,0.5188380571260721,0.1213849394224289,1.0,50.0,570
5851,university health network - toronto general hospital,general,Hospitals,Public Health Agency of Canada,,200,elizabeth st,M5G2C4,toronto,on,200 elizabeth st. toronto on m5g 2c4,Toronto,3520005.0,35,43.6591111,-79.3882094,toronto,0.5912754357449292,0.30327514756759555,1.0,59.27,364
5852,university health network - toronto western,hospital - site,Hospitals,Province of Ontario,,399,bathrust street,M5T2S8,toronto,on,,Toronto,3520005.0,35,43.65336208,-79.40641059,toronto,0.39900270387013026,0.10104581101064669,1.0,44.5,669
5853,university health network - toronto western hospital,general,Hospitals,Public Health Agency of Canada,,399,bathurst st,M5T2S8,toronto,on,399 bathurst st. toronto on m5t 2s8,Toronto,3520005.0,35,43.6537025,-79.4060937,toronto,0.05476163882203133,0.6921613416941319,1.0,51.42,546
5854,university health network  toronto rehab e. w. bickle centre for complex continuing care,long term care,Nursing and residential care facilities,Canadian Institute for Health Information,,,,M6K2R7,toronto,on,,Toronto,,35,43.6548253,-79.388447,toronto,0.3351972416459009,0.06229179813006269,0.8,35.59,798
5855,university health network  toronto rehab lakeside long term care centre,long term care,Nursing and residential care facilities,Canadian Institute for Health Information,,,,M6K2R6,toronto,on,,Toronto,,35,43.6548253,-79.388447,toronto,0.8028534485980114,0.5094221281497897,0.8,69.94,187
5856,university health network  toronto rehab lyndhurst centre,active acute hospital,Hospitals,Canadian Institute for Health Information,,,,M4G3V9,toronto,on,,Toronto,,35,43.6548253,-79.388447,toronto,0.004632023004602859,0.9966968538529768,1.0,60.07,346
5857,university health network  toronto rehab university centre,active acute hospital,Hospitals,Canadian Institute for Health Information,,,,M5G2A2,toronto,on,,Toronto,,35,43.6548253,-79.388447,toronto,0.3334991716911442,0.8139702695060188,1.0,66.83,223
5859,university of toronto,community support service,Ambulatory health care services,Province of Ontario,,500,university avenue,M5G1V7,toronto,on,,Toronto,3520005.0,35,43.65544169,-79.38896099,toronto,0.3981686935909433,0.6152194382310109,0.5,49.96,571
5866,v care retirement home,retirement home,Nursing and residential care facilities,Province of Ontario,,8,bridlington street,M1H2L5,toronto,on,,Toronto,3520005.0,35,43.77087331,-79.23954525,toronto,0.5373956029379229,0.30625362078661167,0.8,52.21,522
5868,v!va thornhill woods retirement community,retirement home,Nursing and residential care facilities,Province of Ontario,,9700,bathurst street,L6A4V2,vaughan,on,,Vaughan,3519028.0,35,43.85502132,-79.46108083,vaughan,0.9198556164127605,0.6238958362916385,0.8,78.63,76
5869,v.o.n -toronto york region (scarborough),community support service,Ambulatory health care services,Province of Ontario,,2150,islington avenue,M9P3V4,toronto,on,,Toronto,3520005.0,35,43.70532049,-79.55183004,toronto,0.34634599436596125,0.5270414639116516,0.5,44.8,661
5877,valleyview residence,long-term care home,Nursing and residential care facilities,Province of Ontario,,541,finch avenue w,M2R3Y3,toronto,on,,Toronto,3520005.0,35,43.7708832,-79.44630321,toronto,0.3469532018962277,0.4260833838903715,0.8,48.79,600
5878,vaughan community health centre,community health centre,Hospitals,Province of Ontario,,9401,jane street,L6A4H7,vaughan,on,,Vaughan,3519028.0,35,43.83562281,-79.53180675,vaughan,0.7375012481097484,0.13071037674019947,1.0,59.07,366
5880,vermont square,long-term care home,Nursing and residential care facilities,Province of Ontario,,914,bathurst street,M5R3G5,toronto,on,,Toronto,3520005.0,35,43.66830209,-79.41276169,toronto,0.45221794088980716,0.8866042152404667,0.8,69.12,198
5895,victorian order of nurses (von) canada - ontario branch,mental health and addiction organization,Nursing and residential care facilities,Province of Ontario,,1615,dundas street e,L1N2L1,whitby,on,,Whitby,3518009.0,35,43.88470215,-78.91099185,whitby,0.22460482293998196,0.4497846488213225,0.8,44.73,662
5901,victorian order of nurses for canada - ontario branch - peel site,community support service,Ambulatory health care services,Province of Ontario,,2150,islington avenue,M9P3V4,toronto,on,,Toronto,3520005.0,35,43.70532049,-79.55183004,toronto,0.4524395161326934,0.19462251182076507,0.5,37.41,781
5910,villa colombo,community support service,Ambulatory health care services,Province of Ontario,,40,playfair avenue,M6B2P9,toronto,on,,Toronto,3520005.0,35,43.71064079,-79.45648501,toronto,0.14085702037979986,0.3677593508772896,0.5,31.01,851
5911,villa colombo homes for the aged,long-term care home,Nursing and residential care facilities,Province of Ontario,,40,playfair avenue,M6B2P9,toronto,on,,Toronto,3520005.0,35,43.71064079,-79.45648501,toronto,0.1763869865062233,0.41412975252892703,0.8,41.55,729
5912,villa colombo seniors centre (vaughan),long-term care home,Nursing and residential care facilities,Province of Ontario,,10443,highway 27,L0J1C0,vaughan,on,,Vaughan,,35,43.839618,79.631803,vaughan,0.49836777273947974,0.8275378955668743,0.8,68.9,201
5913,villa da vinci retirement residence,retirement home,Nursing and residential care facilities,Province of Ontario,,7371,martin grove road,L4L9E4,vaughan,on,,Vaughan,3519028.0,35,43.76663009,-79.60660827,vaughan,0.4189254495045479,0.733614380561402,0.8,62.43,297
5916,villa forum,long-term care home,Nursing and residential care facilities,Province of Ontario,,175,forum drive,L4Z4E5,mississauga,on,,Mississauga,3521005.0,35,43.61180807,-79.65152977,mississauga,0.9148459010681,0.7693048936413398,0.8,83.52,30
5918,villa karuna home for seniors,retirement home,Nursing and residential care facilities,Province of Ontario,,602,brimley road,M1J1B5,toronto,on,,Toronto,3520005.0,35,43.74168081,-79.25075635,toronto,0.3623938991166331,0.011031264428647214,0.8,34.88,803
5919,villa leonardo gambin,long-term care home,Nursing and residential care facilities,Province of Ontario,,40,friuli court,L4L9T3,vaughan,on,,Vaughan,3519028.0,35,43.7661994,-79.57417395,vaughan,0.5805883502780435,0.4161539981797615,0.8,57.79,390
5924,village family health team,family health team - contract,Ambulatory health care services,Province of Ontario,,171,east liberty street,M5S2P7,toronto,on,,Toronto,3520005.0,35,43.63813068,-79.41815949,toronto,0.6322642879195304,0.4813441516353236,0.5,54.64,469
5934,vistamere retirement residence,retirement home,Nursing and residential care facilities,Province of Ontario,,380,sherin drive,L6L4J3,oakville,on,,Oakville,3524001.0,35,43.41596933,-79.70567767,oakville,0.013094456588333636,0.019192276823056686,0.8,21.2,899
5935,vitanova foundation,mental health and addiction organization,Nursing and residential care facilities,Province of Ontario,,6299,rutherford road,L4L1A7,vaughan,on,,Vaughan,3519028.0,35,43.8076987,-79.63927978,vaughan,0.6635373720167106,0.2598132087450342,0.8,55.63,455
5936,viva mississauga retirement community,retirement home,Nursing and residential care facilities,Province of Ontario,,5575,bonnie street,L5M0N8,mississauga,on,,Mississauga,3521005.0,35,43.559595,-79.735105,mississauga,0.17803596686975143,0.760289823122135,0.8,53.73,492
5937,viva pickering retirement community,retirement home,Nursing and residential care facilities,Province of Ontario,,1880,glengrove road,L1V1X2,pickering,on,,Pickering,3518001.0,35,43.839668,-79.086045,pickering,0.9610703174694551,0.13710970572899905,0.8,63.24,287
5938,volunteer centre of toronto,community support service,Ambulatory health care services,Province of Ontario,,344,bloor street w,M5S3A7,toronto,on,,Toronto,3520005.0,35,43.66677279,-79.40446909,toronto,0.14866272775311296,0.5353101314525917,0.5,37.18,785
5942,von - ontario branch-peel branch (ww lhin),community support service,Ambulatory health care services,Province of Ontario,,2150,islington avenue,M9P3V4,toronto,on,,Toronto,3520005.0,35,43.70532049,-79.55183004,toronto,0.41462412372702373,0.2152018720172375,0.5,36.62,792
5952,walden circle retirement community,retirement home,Nursing and residential care facilities,Province of Ontario,,1907,lakeshore road w,L5J1J7,mississauga,on,,Mississauga,3521005.0,35,43.51402375,-79.62731705,mississauga,0.08534966807864386,0.012120774643893273,0.8,23.84,889
5955,warden woods community centre,aids bureau,Ambulatory health care services,Province of Ontario,,74,firvalley court,M1L1N9,toronto,on,,Toronto,3520005.0,35,43.703961,-79.27812675,toronto,0.9968742518459474,0.24120145759954148,0.5,60.82,332
5972,wawel villa incorporated,community support service,Ambulatory health care services,Province of Ontario,,880,clarkson road,L5J4N4,mississauga,on,,Mississauga,3521005.0,35,43.51334465,-79.62142035,mississauga,0.5021950103312426,0.9758737549100538,0.5,66.74,224
5973,wawel villa seniors residence,retirement home,Nursing and residential care facilities,Province of Ontario,,880,clarkson road s,L5J4N4,mississauga,on,,Mississauga,3521005.0,35,43.51334465,-79.62142035,mississauga,0.5953850173200438,0.8015371118829896,0.8,71.87,170
5994,wellesley central place,long-term care home,Nursing and residential care facilities,Province of Ontario,,160,wellesley street e,M4Y1J2,toronto,on,,Toronto,3520005.0,35,43.66687279,-79.37566588,toronto,0.06707647738842748,0.9595766443210334,0.8,56.27,429
5995,wellfort community health services (css),community support service,Ambulatory health care services,Province of Ontario,,40,finchgate boulevard,L6T3J1,brampton,on,,Brampton,3521010.0,35,43.72807748,-79.7120768,brampton,0.7499604703991778,0.48785404392636245,0.5,59.57,354
5998,wellington park care centre,long-term care home,Nursing and residential care facilities,Province of Ontario,,802,hager avenue,L7S1X2,burlington,on,,Burlington,3524002.0,35,43.33141191,-79.81188229,burlington,0.20990559309558576,0.1097361986775035,0.8,32.24,833
6004,wesburn manor,long-term care home,Nursing and residential care facilities,Province of Ontario,,400,the west mall,M9C5S1,toronto,on,,Toronto,3520005.0,35,43.64388927,-79.56745924,toronto,0.8980542894407137,0.547959488973693,0.8,75.1,128
6005,wesburn manor - city of toronto,community support service,Ambulatory health care services,Province of Ontario,,400,the west mall,M9C5S1,toronto,on,,Toronto,3520005.0,35,43.6437519,-79.5673627,toronto,0.20513964048200717,0.4543773345599609,0.5,36.61,793
6006,wesburn manor - city of toronto - css,community support service,Ambulatory health care services,Province of Ontario,,400,the west mall,M9C5S1,toronto,on,,Toronto,3520005.0,35,43.64388927,-79.56745924,toronto,0.19068772066366657,0.844357082739616,0.5,49.68,581
6011,west durham family health team,family health team - contract,Ambulatory health care services,Province of Ontario,,1885,glenanna road,L1V6R6,pickering,on,,Pickering,3518001.0,35,43.83852473,-79.08552541,pickering,0.03654966784809488,0.09808258078424459,0.5,17.39,905
6021,west oak village,long-term care home,Nursing and residential care facilities,Province of Ontario,,2370,third line,L6M4E2,oakville,on,,Oakville,3524001.0,35,43.44708343,-79.75633228,oakville,0.47206694510999925,0.4882411370217782,0.8,55.97,437
6023,west park healthcare centre,rehabilitation,Nursing and residential care facilities,Public Health Agency of Canada,,82,buttonwood ave,M6M2J5,toronto,on,82 buttonwood ave. toronto on m6m 2j5,Toronto,3520005.0,35,43.690044,-79.5081813,toronto,0.5648411332626164,0.15004866469398426,0.8,47.85,611
6024,west park healthcare centre (css),community support service,Ambulatory health care services,Province of Ontario,,82,buttonwood avenue,M6M2J5,toronto,on,,Toronto,3520005.0,35,43.68933979,-79.50788773,toronto,0.06570863942835237,0.32467592689006,0.5,26.49,876
6025,west park long term care centre,long-term care home,Nursing and residential care facilities,Province of Ontario,,82,buttonwood avenue,M6M2J5,toronto,on,,Toronto,3520005.0,35,43.68933979,-79.50788773,toronto,0.7755276166950106,0.7373570773877997,0.8,76.83,108
6028,west scarborough neighbourhood community centre,community support service,Ambulatory health care services,Province of Ontario,,313,pharmacy avenue,M1L3E7,toronto,on,,Toronto,3520005.0,35,43.70128,-79.28466866,toronto,0.4532888347480276,0.47601812936876653,0.5,47.29,619
6030,west toronto support services,community support service,Ambulatory health care services,Province of Ontario,,1709,bloor street w,M6P4E5,toronto,on,,Toronto,3520005.0,35,43.65465168,-79.45883361,toronto,0.52439026932758,0.37588828514576933,0.5,46.63,630
6036,westney gardens,retirement home,Nursing and residential care facilities,Province of Ontario,,1010,westney road n,L1T4K6,ajax,on,,Ajax,3518005.0,35,43.87634744,-79.0441159,ajax,0.44076274693822814,0.3944762785700353,0.8,51.44,545
6037,weston gardens retirement residence,retirement home,Nursing and residential care facilities,Province of Ontario,,303,queens drive,M6L3C1,toronto,on,,Toronto,3520005.0,35,43.70752129,-79.50224663,toronto,0.400763060875326,0.45944676840598664,0.8,52.11,525
6038,weston terrace care community,long-term care home,Nursing and residential care facilities,Province of Ontario,,2005,lawrence avenue w,M9N3V4,toronto,on,,Toronto,3520005.0,35,43.70123959,-79.51015143,toronto,0.5596403313082179,0.7850165438370569,0.8,69.86,188
6039,westover treatment centre,mental health and addiction organization,Nursing and residential care facilities,Province of Ontario,,1476,speers road,L6L2X6,oakville,on,,Oakville,3524001.0,35,43.42015843,-79.71529937,oakville,0.1552402459307125,0.8920846889402344,0.8,57.43,404
6040,westside,long-term care home,Nursing and residential care facilities,Province of Ontario,,1145,albion road,M9V4J7,toronto,on,,Toronto,3520005.0,35,43.73728579,-79.56777145,toronto,0.18192813049527112,0.9553346865039283,0.8,60.71,333
6051,william osler health centre - brampton civic hospital,general,Hospitals,Public Health Agency of Canada,,2100,bovaird dr e,L6T3S1,brampton,on,2100 bovaird dr. e. brampton on l6t 3s1,Brampton,3521010.0,35,43.747466,-79.743223,brampton,0.8617856210135173,0.7869033862552951,1.0,87.01,16
6052,william osler health centre - css,community support service,Ambulatory health care services,Province of Ontario,,2100,bovaird drive e,L6R3J7,brampton,on,,Brampton,3521010.0,35,43.74730468,-79.74302421,brampton,0.9461154621336327,0.31540689574801273,0.5,61.38,322
6053,william osler health system,mental health and addiction organization,Nursing and residential care facilities,Province of Ontario,,2100,bovaird drive e,L6R3J7,brampton,on,,Brampton,3521010.0,35,43.74730468,-79.74302421,brampton,0.37330931627975295,0.6881347060865421,0.8,59.02,367
6054,william osler health system - civic,hospital - corporation,Hospitals,Province of Ontario,,2100,bovaird drive e,L6R3J7,brampton,on,,Brampton,3521010.0,35,43.7474659,-79.7432227,brampton,0.27074467314355377,0.4376031240553919,1.0,51.15,555
6056,william osler health system - peel memorial,hospital - site,Hospitals,Province of Ontario,,20,lynch street,L6W2Z8,brampton,on,,Brampton,3521010.0,35,43.690476,-79.751431,brampton,0.6439995432390158,0.2546706220460512,1.0,59.67,350
6057,william osler health system  brampton civic hospital,"active acute hospital, long term care",Hospitals,Canadian Institute for Health Information,,,,L6R3J7,brampton,on,,Brampton,,35,43.68816899999999,-79.763015,brampton,0.4087341710980964,0.8408715794259226,1.0,70.78,175
6059,william osler health system  peel memorial centre for integrated health and wellness,active acute hospital,Hospitals,Canadian Institute for Health Information,,,,L6W2Z8,brampton,on,,Brampton,,35,43.68816899999999,-79.763015,brampton,0.02538635566034486,0.038426348962324997,1.0,27.36,871
6060,william osler health system  reactivation care centre church,active acute hospital,Hospitals,Canadian Institute for Health Information,,,,M9N1N8,toronto,on,,Toronto,,35,43.6548253,-79.388447,toronto,0.15615259736619036,0.9017619921354235,1.0,62.81,292
6066,winbourne park,long-term care home,Nursing and residential care facilities,Province of Ontario,,1020,westney road n,L1T4K6,ajax,on,,Ajax,3518005.0,35,43.87711914,-79.0444691,ajax,0.7159722288473975,0.46147746462473416,0.8,64.79,256
6082,wise elephant fht,family health team - contract,Ambulatory health care services,Province of Ontario,,247,main street n,L6X1N3,brampton,on,,Brampton,3521010.0,35,43.69054447,-79.76666441,brampton,0.6589239419101514,0.6372014768082804,0.5,61.16,324
6085,women's college fht,family health team - contract,Ambulatory health care services,Province of Ontario,,76,grenville street,M5S1B2,toronto,on,,Toronto,3520005.0,35,43.66162909,-79.38763979,toronto,0.02709599250348349,0.6593539222057827,0.5,36.66,791
6086,women's college hospital,general,Hospitals,Public Health Agency of Canada,,76,grenville st,M5S1B2,toronto,on,76 grenville st. toronto on m5s 1b2,Toronto,3520005.0,35,43.6615988,-79.3874511,toronto,0.22197216193294944,0.8951177407065364,1.0,65.21,251
6087,women's health in women's hands community health centre,community health centre,Hospitals,Province of Ontario,,2,carlton street,M5B1J3,toronto,on,,Toronto,3520005.0,35,43.66168609,-79.38275468,toronto,0.2310747965880714,0.6366696821672073,1.0,56.53,425
6089,woodbine family health team (formerly canes),family health team - contract,Ambulatory health care services,Province of Ontario,,135,queens plate drive,M9W6V1,toronto,on,,Toronto,3520005.0,35,43.71686989,-79.59203906,toronto,0.6718927435987284,0.6139335847600618,0.5,60.86,331
6090,woodbridge medical centre fht,family health team - contract,Ambulatory health care services,Province of Ontario,,9600,islington avenue,L4H2T1,vaughan,on,,Vaughan,3519028.0,35,43.8252479,-79.60942347,vaughan,0.019710537754364155,0.06665204056068996,0.5,15.62,906
6091,woodbridge vista care community,long-term care home,Nursing and residential care facilities,Province of Ontario,,5400,steeles avenue w,L4L9S1,vaughan,on,,Vaughan,3519028.0,35,43.75961009,-79.59777826,vaughan,0.10410858198457384,0.5184080219452041,0.8,42.31,714
6092,woodgreen community services,mental health and addiction organization,Nursing and residential care facilities,Province of Ontario,,1070,queen street e,M4M3M4,toronto,on,,Toronto,3520005.0,35,43.66190209,-79.33705167,toronto,0.7999160853731894,0.15016900081704165,0.8,57.25,409
6093,woodhall park care community,long-term care home,Nursing and residential care facilities,Province of Ontario,,10260,kennedy road n,L6Z4N7,brampton,on,,Brampton,3521010.0,35,43.72036028,-79.78370712,brampton,0.1785446620543336,0.7374337687214856,0.8,52.95,507
6094,woodhall park retirement village,retirement home,Nursing and residential care facilities,Province of Ontario,,10250,kennedy road,L6Z4N7,brampton,on,,Brampton,3521010.0,35,43.72028488,-79.78293342,brampton,0.6527461078518747,0.5122219208126745,0.8,64.04,271
6105,working for change,mental health and addiction organization,Nursing and residential care facilities,Province of Ontario,,250,college street,M5T1R8,toronto,on,,Toronto,3520005.0,35,43.65841319,-79.39897099,toronto,0.23818278104672652,0.6802277792083533,0.8,53.34,499
6107,wyndham manor,long term care,Nursing and residential care facilities,Canadian Institute for Health Information,,,,L6J3L5,oakville,on,,Oakville,,35,43.4507462,-79.7288743,oakville,0.09944139275934516,0.041672900602384266,0.8,25.44,881
6108,wyndham manor long term care centre,long-term care home,Nursing and residential care facilities,Province of Ontario,,291,reynolds street,L6J3L5,oakville,on,,Oakville,3524001.0,35,43.45245024,-79.67269066,oakville,0.24317219099945409,0.08479201604580322,0.8,32.69,831
6109,yee hong centre - markham,community support service,Ambulatory health care services,Province of Ontario,,2780,bur oak avenue,L6B1C9,markham,on,,Markham,3519036.0,35,43.89427733,-79.23115846,markham,0.7222669318556592,0.7163233880626823,0.5,66.46,228
6110,yee hong centre - mississauga,long-term care home,Nursing and residential care facilities,Province of Ontario,,5510,mavis road,L5V2X5,mississauga,on,,Mississauga,3521005.0,35,43.60476896,-79.68690548,mississauga,0.8556964681062857,0.07208433599867337,0.8,56.75,420
6111,yee hong centre - scarborough finch,long-term care home,Nursing and residential care facilities,Province of Ontario,,60,scottfield drive,M1S5T7,toronto,on,,Toronto,3520005.0,35,43.80871682,-79.25466546,toronto,0.8302198645669916,0.0712567277652586,0.8,55.7,450
6112,yee hong centre - scarborough mcnicoll,long-term care home,Nursing and residential care facilities,Province of Ontario,,2311,mcnicoll avenue,M1V5L3,toronto,on,,Toronto,3520005.0,35,43.81423242,-79.29021727,toronto,0.3971835296184548,0.01210847523488745,0.8,36.31,794
6113,yee hong centre - scarborough mcnicoll - css,community support service,Ambulatory health care services,Province of Ontario,,2311,mcnicoll avenue,M1V5L3,toronto,on,,Toronto,3520005.0,35,43.81423242,-79.29021727,toronto,0.6680851365706462,0.9565013982994801,0.5,72.7,165
6114,yee hong centre for geriatric care,community support service,Ambulatory health care services,Province of Ontario,,5510,mavis road,L5V2X5,mississauga,on,,Mississauga,3521005.0,35,43.60476896,-79.68690548,mississauga,0.20498429541582097,0.737508359459007,0.5,46.51,632
6115,yee hong centre for geriatric care  yee hong centre markham,long term care,Nursing and residential care facilities,Canadian Institute for Health Information,,,,L6B1C9,markham,on,,Markham,,35,43.8599076,-79.3349945,markham,0.29314773026101326,0.35325140850206416,0.8,44.09,683
6116,yee hong centre for geriatric care  yee hong centre mississauga,long term care,Nursing and residential care facilities,Canadian Institute for Health Information,,,,L5V2X5,mississauga,on,,Mississauga,,35,43.5852972,-79.64498379999999,mississauga,0.8963358185211198,0.2965355812876552,0.8,66.23,233
6119,ymca of greater toronto,mental health and addiction organization,Nursing and residential care facilities,Province of Ontario,,151,city centre drive,L5B1M7,mississauga,on,,Mississauga,3521005.0,35,43.59072586,-79.63981896,mississauga,0.013001923510736035,0.34970322974584955,0.8,32.76,829
6120,york central hospital,,Hospitals,Canadian Institute for Health Information,,10,trench street,L4C4Z3,richmond hill,on,10 trench street richmond hill on l4c 4z3 canada,Richmond Hill,3519038.0,35,43.87062,-79.45081,richmond hill,0.08550853085446808,0.7746535311811819,1.0,55.53,457
6121,york central hospital - adult day program,community support service,Ambulatory health care services,Province of Ontario,,10,trench street,L4C4Z3,richmond hill,on,,Richmond Hill,3519038.0,35,43.87045412,-79.45081182,richmond hill,0.20788625514602732,0.6613706110704144,0.5,43.96,686
6122,york region maple health centre,long-term care home,Nursing and residential care facilities,Province of Ontario,,10424,keele street,L6A2L1,vaughan,on,,Vaughan,3519028.0,35,43.86500652,-79.51564435,vaughan,0.026532203873819715,0.18519556786746794,0.8,27.54,870
6125,york support services network,mental health and addiction organization,Nursing and residential care facilities,Province of Ontario,,50,mcintosh drive,L3R9T3,markham,on,,Markham,3519036.0,35,43.85480762,-79.35861539,markham,0.18143543508979731,0.17410933533408435,0.8,33.35,824
6126,york west active living centre,community support service,Ambulatory health care services,Province of Ontario,,1901,weston road,M9N3P5,toronto,on,,Toronto,3520005.0,35,43.70070059,-79.51567843,toronto,0.5830415609696922,0.09839564971339732,0.5,39.27,760
6127,yorkminster park mow,community support service,Ambulatory health care services,Province of Ontario,,1585,yonge street,M4T1Z9,toronto,on,,Toronto,3520005.0,35,43.69083799,-79.39420099,toronto,0.42142455059249795,0.6603027197013381,0.5,52.47,514
6130,ywca toronto,mental health and addiction organization,Nursing and residential care facilities,Province of Ontario,,150,elizabeth street,M5G0A9,toronto,on,,Toronto,3520005.0,35,43.65653939,-79.38600829,toronto,0.8926717110769748,0.7643726622217359,0.8,82.46,43
