{
  "type": "FeatureCollection",
  "features": [
    {
      "type": "Feature",
      "geometry": {
        "type": "Point",
        "coordinates": [
          -79.76659729,
          43.44892573
        ]
      },
      "properties": {
        "name": "halton healthcare services - oakville",
        "type": "Hospitals",
        "city": "oakville",
        "address": "",
        "outage_risk_score": 1.0,
        "solar_potential_score": 0.2,
        "facility_score": 1.0,
        "final_score": 72.0,
        "rank": 1,
        "solar_kwh_per_m2": 66.73
      }
    },
    {
      "type": "Feature",
      "geometry": {
        "type": "Point",
        "coordinates": [
          -79.7288743,
          43.4507462
        ]
      },
      "properties": {
        "name": "halton healthcare services \u0097 oakville-trafalgar memorial hospital",
        "type": "Hospitals",
        "city": "oakville",
        "address": "",
        "outage_risk_score": 1.0,
        "solar_potential_score": 0.2,
        "facility_score": 1.0,
        "final_score": 72.0,
        "rank": 2,
        "solar_kwh_per_m2": 66.73
      }
    },
    {
      "type": "Feature",
      "geometry": {
        "type": "Point",
        "coordinates": [
          -79.80262,
          43.31715
        ]
      },
      "properties": {
        "name": "joseph brant memorial hospital",
        "type": "Hospitals",
        "city": "burlington",
        "address": "1230 north shore blvd. burlington on l8s 1w7",
        "outage_risk_score": 0.99,
        "solar_potential_score": 0.2,
        "facility_score": 1.0,
        "final_score": 71.62,
        "rank": 3,
        "solar_kwh_per_m2": 66.73
      }
    },
    {
      "type": "Feature",
      "geometry": {
        "type": "Point",
        "coordinates": [
          -79.607685,
          43.571586
        ]
      },
      "properties": {
        "name": "trillium health centre - mississauga",
        "type": "Hospitals",
        "city": "mississauga",
        "address": "100 queensway w. mississauga on l5b 1b8",
        "outage_risk_score": 0.973,
        "solar_potential_score": 0.2,
        "facility_score": 1.0,
        "final_score": 70.93,
        "rank": 4,
        "solar_kwh_per_m2": 66.73
      }
    },
    {
      "type": "Feature",
      "geometry": {
        "type": "Point",
        "coordinates": [
          -79.67417,
          43.453245
        ]
      },
      "properties": {
        "name": "halton healthcare services",
        "type": "Hospitals",
        "city": "oakville",
        "address": "327 reynolds st. oakville on l6j 3l7 canada",
        "outage_risk_score": 0.929,
        "solar_potential_score": 0.2,
        "facility_score": 1.0,
        "final_score": 69.18,
        "rank": 5,
        "solar_kwh_per_m2": 66.73
      }
    },
    {
      "type": "Feature",
      "geometry": {
        "type": "Point",
        "coordinates": [
          -79.608483,
          43.571601
        ]
      },
      "properties": {
        "name": "trillium health centre",
        "type": "Hospitals",
        "city": "mississauga",
        "address": "100 queensway west mississauga on l5b 1b8 canada",
        "outage_risk_score": 0.92,
        "solar_potential_score": 0.2,
        "facility_score": 1.0,
        "final_score": 68.81,
        "rank": 6,
        "solar_kwh_per_m2": 66.73
      }
    },
    {
      "type": "Feature",
      "geometry": {
        "type": "Point",
        "coordinates": [
          -79.6741696,
          43.453245
        ]
      },
      "properties": {
        "name": "halton healthcare services corporation - oakville site",
        "type": "Hospitals",
        "city": "oakville",
        "address": "327 reynolds st. oakville on l6j 3l7",
        "outage_risk_score": 0.915,
        "solar_potential_score": 0.2,
        "facility_score": 1.0,
        "final_score": 68.59,
        "rank": 7,
        "solar_kwh_per_m2": 66.73
      }
    },
    {
      "type": "Feature",
      "geometry": {
        "type": "Point",
        "coordinates": [
          -79.7032464,
          43.5593496
        ]
      },
      "properties": {
        "name": "credit valley hospital",
        "type": "Hospitals",
        "city": "mississauga",
        "address": "2200 eglinton ave. w. mississauga on l5m 2n1",
        "outage_risk_score": 0.892,
        "solar_potential_score": 0.2,
        "facility_score": 1.0,
        "final_score": 67.67,
        "rank": 8,
        "solar_kwh_per_m2": 66.73
      }
    },
    {
      "type": "Feature",
      "geometry": {
        "type": "Point",
        "coordinates": [
          -79.71469797,
          43.39473282
        ]
      },
      "properties": {
        "name": "amica at oakville",
        "type": "Nursing and residential care facilities",
        "city": "oakville",
        "address": "",
        "outage_risk_score": 1.0,
        "solar_potential_score": 0.2,
        "facility_score": 0.8,
        "final_score": 67.0,
        "rank": 9,
        "solar_kwh_per_m2": 66.73
      }
    },
    {
      "type": "Feature",
      "geometry": {
        "type": "Point",
        "coordinates": [
          -79.80381069,
          43.31651571
        ]
      },
      "properties": {
        "name": "chartwell brant centre long term care residence",
        "type": "Nursing and residential care facilities",
        "city": "burlington",
        "address": "",
        "outage_risk_score": 1.0,
        "solar_potential_score": 0.2,
        "facility_score": 0.8,
        "final_score": 67.0,
        "rank": 10,
        "solar_kwh_per_m2": 66.73
      }
    },
    {
      "type": "Feature",
      "geometry": {
        "type": "Point",
        "coordinates": [
          -79.78182398,
          43.34219451
        ]
      },
      "properties": {
        "name": "chartwell christopher terrace retirement residence",
        "type": "Nursing and residential care facilities",
        "city": "burlington",
        "address": "",
        "outage_risk_score": 1.0,
        "solar_potential_score": 0.2,
        "facility_score": 0.8,
        "final_score": 67.0,
        "rank": 11,
        "solar_kwh_per_m2": 66.73
      }
    },
    {
      "type": "Feature",
      "geometry": {
        "type": "Point",
        "coordinates": [
          -79.71759898,
          43.48067364
        ]
      },
      "properties": {
        "name": "chartwell oakville retirement residence",
        "type": "Nursing and residential care facilities",
        "city": "oakville",
        "address": "",
        "outage_risk_score": 1.0,
        "solar_potential_score": 0.2,
        "facility_score": 0.8,
        "final_score": 67.0,
        "rank": 12,
        "solar_kwh_per_m2": 66.73
      }
    },
    {
      "type": "Feature",
      "geometry": {
        "type": "Point",
        "coordinates": [
          -79.7288743,
          43.4507462
        ]
      },
      "properties": {
        "name": "chartwell retirement residences \u0097 the waterford long term care residence",
        "type": "Nursing and residential care facilities",
        "city": "oakville",
        "address": "",
        "outage_risk_score": 1.0,
        "solar_potential_score": 0.2,
        "facility_score": 0.8,
        "final_score": 67.0,
        "rank": 13,
        "solar_kwh_per_m2": 66.73
      }
    },
    {
      "type": "Feature",
      "geometry": {
        "type": "Point",
        "coordinates": [
          -79.76329719,
          43.42740353
        ]
      },
      "properties": {
        "name": "chartwell waterford retirement residence",
        "type": "Nursing and residential care facilities",
        "city": "oakville",
        "address": "",
        "outage_risk_score": 1.0,
        "solar_potential_score": 0.2,
        "facility_score": 0.8,
        "final_score": 67.0,
        "rank": 14,
        "solar_kwh_per_m2": 66.73
      }
    },
    {
      "type": "Feature",
      "geometry": {
        "type": "Point",
        "coordinates": [
          -79.7990319,
          43.3255196
        ]
      },
      "properties": {
        "name": "conmed health care group \u0097 billings court manor",
        "type": "Nursing and residential care facilities",
        "city": "burlington",
        "address": "",
        "outage_risk_score": 1.0,
        "solar_potential_score": 0.2,
        "facility_score": 0.8,
        "final_score": 67.0,
        "rank": 15,
        "solar_kwh_per_m2": 66.73
      }
    },
    {
      "type": "Feature",
      "geometry": {
        "type": "Point",
        "coordinates": [
          -79.73083328,
          43.44530143
        ]
      },
      "properties": {
        "name": "delmanor glen abbey",
        "type": "Nursing and residential care facilities",
        "city": "oakville",
        "address": "",
        "outage_risk_score": 1.0,
        "solar_potential_score": 0.2,
        "facility_score": 0.8,
        "final_score": 67.0,
        "rank": 16,
        "solar_kwh_per_m2": 66.73
      }
    },
    {
      "type": "Feature",
      "geometry": {
        "type": "Point",
        "coordinates": [
          -79.73311187,
          43.41330933
        ]
      },
      "properties": {
        "name": "hope place centres",
        "type": "Nursing and residential care facilities",
        "city": "oakville",
        "address": "",
        "outage_risk_score": 1.0,
        "solar_potential_score": 0.2,
        "facility_score": 0.8,
        "final_score": 67.0,
        "rank": 17,
        "solar_kwh_per_m2": 66.73
      }
    },
    {
      "type": "Feature",
      "geometry": {
        "type": "Point",
        "coordinates": [
          -79.80289539,
          43.31995171
        ]
      },
      "properties": {
        "name": "maple villa long term care centre",
        "type": "Nursing and residential care facilities",
        "city": "burlington",
        "address": "",
        "outage_risk_score": 1.0,
        "solar_potential_score": 0.2,
        "facility_score": 0.8,
        "final_score": 67.0,
        "rank": 18,
        "solar_kwh_per_m2": 66.73
      }
    },
    {
      "type": "Feature",
      "geometry": {
        "type": "Point",
        "coordinates": [
          -79.87556992,
          43.40257242
        ]
      },
      "properties": {
        "name": "mount nemo christian nursing home",
        "type": "Nursing and residential care facilities",
        "city": "burlington",
        "address": "",
        "outage_risk_score": 1.0,
        "solar_potential_score": 0.2,
        "facility_score": 0.8,
        "final_score": 67.0,
        "rank": 19,
        "solar_kwh_per_m2": 66.73
      }
    },
    {
      "type": "Feature",
      "geometry": {
        "type": "Point",
        "coordinates": [
          -79.71426817,
          43.48960334
        ]
      },
      "properties": {
        "name": "northridge",
        "type": "Nursing and residential care facilities",
        "city": "oakville",
        "address": "",
        "outage_risk_score": 1.0,
        "solar_potential_score": 0.2,
        "facility_score": 0.8,
        "final_score": 67.0,
        "rank": 20,
        "solar_kwh_per_m2": 66.73
      }
    },
    {
      "type": "Feature",
      "geometry": {
        "type": "Point",
        "coordinates": [
          -79.71675247,
          43.48026034
        ]
      },
      "properties": {
        "name": "post inn village",
        "type": "Nursing and residential care facilities",
        "city": "oakville",
        "address": "",
        "outage_risk_score": 1.0,
        "solar_potential_score": 0.2,
        "facility_score": 0.8,
        "final_score": 67.0,
        "rank": 21,
        "solar_kwh_per_m2": 66.73
      }
    },
    {
      "type": "Feature",
      "geometry": {
        "type": "Point",
        "coordinates": [
          -79.7288743,
          43.4507462
        ]
      },
      "properties": {
        "name": "regional municipality of halton \u0097 post inn village",
        "type": "Nursing and residential care facilities",
        "city": "oakville",
        "address": "",
        "outage_risk_score": 1.0,
        "solar_potential_score": 0.2,
        "facility_score": 0.8,
        "final_score": 67.0,
        "rank": 22,
        "solar_kwh_per_m2": 66.73
      }
    },
    {
      "type": "Feature",
      "geometry": {
        "type": "Point",
        "coordinates": [
          -79.66785156,
          43.44647254
        ]
      },
      "properties": {
        "name": "schizophrenia society of ontario",
        "type": "Nursing and residential care facilities",
        "city": "oakville",
        "address": "",
        "outage_risk_score": 1.0,
        "solar_potential_score": 0.2,
        "facility_score": 0.8,
        "final_score": 67.0,
        "rank": 23,
        "solar_kwh_per_m2": 66.73
      }
    },
    {
      "type": "Feature",
      "geometry": {
        "type": "Point",
        "coordinates": [
          -79.72973777,
          43.36880982
        ]
      },
      "properties": {
        "name": "sunrise of burlington",
        "type": "Nursing and residential care facilities",
        "city": "burlington",
        "address": "",
        "outage_risk_score": 1.0,
        "solar_potential_score": 0.2,
        "facility_score": 0.8,
        "final_score": 67.0,
        "rank": 24,
        "solar_kwh_per_m2": 66.73
      }
    },
    {
      "type": "Feature",
      "geometry": {
        "type": "Point",
        "coordinates": [
          -79.68064656,
          43.45397384
        ]
      },
      "properties": {
        "name": "sunrise senior living of oakville",
        "type": "Nursing and residential care facilities",
        "city": "oakville",
        "address": "",
        "outage_risk_score": 1.0,
        "solar_potential_score": 0.2,
        "facility_score": 0.8,
        "final_score": 67.0,
        "rank": 25,
        "solar_kwh_per_m2": 66.73
      }
    },
    {
      "type": "Feature",
      "geometry": {
        "type": "Point",
        "coordinates": [
          -79.67261076,
          43.44195673
        ]
      },
      "properties": {
        "name": "the kensington",
        "type": "Nursing and residential care facilities",
        "city": "oakville",
        "address": "",
        "outage_risk_score": 1.0,
        "solar_potential_score": 0.2,
        "facility_score": 0.8,
        "final_score": 67.0,
        "rank": 26,
        "solar_kwh_per_m2": 66.73
      }
    },
    {
      "type": "Feature",
      "geometry": {
        "type": "Point",
        "coordinates": [
          -79.70567767,
          43.41596933
        ]
      },
      "properties": {
        "name": "vistamere retirement residence",
        "type": "Nursing and residential care facilities",
        "city": "oakville",
        "address": "",
        "outage_risk_score": 1.0,
        "solar_potential_score": 0.2,
        "facility_score": 0.8,
        "final_score": 67.0,
        "rank": 27,
        "solar_kwh_per_m2": 66.73
      }
    },
    {
      "type": "Feature",
      "geometry": {
        "type": "Point",
        "coordinates": [
          -79.81188229,
          43.33141191
        ]
      },
      "properties": {
        "name": "wellington park care centre",
        "type": "Nursing and residential care facilities",
        "city": "burlington",
        "address": "",
        "outage_risk_score": 1.0,
        "solar_potential_score": 0.2,
        "facility_score": 0.8,
        "final_score": 67.0,
        "rank": 28,
        "solar_kwh_per_m2": 66.73
      }
    },
    {
      "type": "Feature",
      "geometry": {
        "type": "Point",
        "coordinates": [
          -79.75633228,
          43.44708343
        ]
      },
      "properties": {
        "name": "west oak village",
        "type": "Nursing and residential care facilities",
        "city": "oakville",
        "address": "",
        "outage_risk_score": 1.0,
        "solar_potential_score": 0.2,
        "facility_score": 0.8,
        "final_score": 67.0,
        "rank": 29,
        "solar_kwh_per_m2": 66.73
      }
    },
    {
      "type": "Feature",
      "geometry": {
        "type": "Point",
        "coordinates": [
          -79.7288743,
          43.4507462
        ]
      },
      "properties": {
        "name": "wyndham manor",
        "type": "Nursing and residential care facilities",
        "city": "oakville",
        "address": "",
        "outage_risk_score": 1.0,
        "solar_potential_score": 0.2,
        "facility_score": 0.8,
        "final_score": 67.0,
        "rank": 30,
        "solar_kwh_per_m2": 66.73
      }
    },
    {
      "type": "Feature",
      "geometry": {
        "type": "Point",
        "coordinates": [
          -79.68888876,
          43.46395854
        ]
      },
      "properties": {
        "name": "queens avenue retirement residence",
        "type": "Nursing and residential care facilities",
        "city": "oakville",
        "address": "",
        "outage_risk_score": 0.988,
        "solar_potential_score": 0.2,
        "facility_score": 0.8,
        "final_score": 66.52,
        "rank": 31,
        "solar_kwh_per_m2": 66.73
      }
    },
    {
      "type": "Feature",
      "geometry": {
        "type": "Point",
        "coordinates": [
          -79.71529937,
          43.42015843
        ]
      },
      "properties": {
        "name": "westover treatment centre",
        "type": "Nursing and residential care facilities",
        "city": "oakville",
        "address": "",
        "outage_risk_score": 0.986,
        "solar_potential_score": 0.2,
        "facility_score": 0.8,
        "final_score": 66.46,
        "rank": 32,
        "solar_kwh_per_m2": 66.73
      }
    },
    {
      "type": "Feature",
      "geometry": {
        "type": "Point",
        "coordinates": [
          -79.79452329,
          43.32623411
        ]
      },
      "properties": {
        "name": "pearl and pine retirement residence",
        "type": "Nursing and residential care facilities",
        "city": "burlington",
        "address": "",
        "outage_risk_score": 0.983,
        "solar_potential_score": 0.2,
        "facility_score": 0.8,
        "final_score": 66.33,
        "rank": 33,
        "solar_kwh_per_m2": 66.73
      }
    },
    {
      "type": "Feature",
      "geometry": {
        "type": "Point",
        "coordinates": [
          -79.7990319,
          43.3255196
        ]
      },
      "properties": {
        "name": "chartwell retirement residences \u0097 the brant centre",
        "type": "Nursing and residential care facilities",
        "city": "burlington",
        "address": "",
        "outage_risk_score": 0.982,
        "solar_potential_score": 0.2,
        "facility_score": 0.8,
        "final_score": 66.29,
        "rank": 34,
        "solar_kwh_per_m2": 66.73
      }
    },
    {
      "type": "Feature",
      "geometry": {
        "type": "Point",
        "coordinates": [
          -79.66736096,
          43.53474615
        ]
      },
      "properties": {
        "name": "erin mills lodge nursing home",
        "type": "Nursing and residential care facilities",
        "city": "mississauga",
        "address": "",
        "outage_risk_score": 0.982,
        "solar_potential_score": 0.2,
        "facility_score": 0.8,
        "final_score": 66.26,
        "rank": 35,
        "solar_kwh_per_m2": 66.73
      }
    },
    {
      "type": "Feature",
      "geometry": {
        "type": "Point",
        "coordinates": [
          -79.71729218,
          43.58094516
        ]
      },
      "properties": {
        "name": "credit river retirement residence",
        "type": "Nursing and residential care facilities",
        "city": "mississauga",
        "address": "",
        "outage_risk_score": 0.981,
        "solar_potential_score": 0.2,
        "facility_score": 0.8,
        "final_score": 66.23,
        "rank": 36,
        "solar_kwh_per_m2": 66.73
      }
    },
    {
      "type": "Feature",
      "geometry": {
        "type": "Point",
        "coordinates": [
          -79.58341274,
          43.55675776
        ]
      },
      "properties": {
        "name": "port credit residences",
        "type": "Nursing and residential care facilities",
        "city": "mississauga",
        "address": "",
        "outage_risk_score": 0.978,
        "solar_potential_score": 0.2,
        "facility_score": 0.8,
        "final_score": 66.11,
        "rank": 37,
        "solar_kwh_per_m2": 66.73
      }
    },
    {
      "type": "Feature",
      "geometry": {
        "type": "Point",
        "coordinates": [
          -79.64498379999999,
          43.5852972
        ]
      },
      "properties": {
        "name": "trillium health partners \u0097 credit valley hospital",
        "type": "Hospitals",
        "city": "mississauga",
        "address": "",
        "outage_risk_score": 0.853,
        "solar_potential_score": 0.2,
        "facility_score": 1.0,
        "final_score": 66.1,
        "rank": 38,
        "solar_kwh_per_m2": 66.73
      }
    },
    {
      "type": "Feature",
      "geometry": {
        "type": "Point",
        "coordinates": [
          -79.64829886,
          43.51060205
        ]
      },
      "properties": {
        "name": "sheridan villa",
        "type": "Nursing and residential care facilities",
        "city": "mississauga",
        "address": "",
        "outage_risk_score": 0.975,
        "solar_potential_score": 0.2,
        "facility_score": 0.8,
        "final_score": 65.99,
        "rank": 39,
        "solar_kwh_per_m2": 66.73
      }
    },
    {
      "type": "Feature",
      "geometry": {
        "type": "Point",
        "coordinates": [
          -79.64498379999999,
          43.5852972
        ]
      },
      "properties": {
        "name": "chartwell retirement residences \u0097 the wenleigh long term care residence",
        "type": "Nursing and residential care facilities",
        "city": "mississauga",
        "address": "",
        "outage_risk_score": 0.973,
        "solar_potential_score": 0.2,
        "facility_score": 0.8,
        "final_score": 65.94,
        "rank": 40,
        "solar_kwh_per_m2": 66.73
      }
    },
    {
      "type": "Feature",
      "geometry": {
        "type": "Point",
        "coordinates": [
          -79.66803676,
          43.44891054
        ]
      },
      "properties": {
        "name": "trafalgar lodge",
        "type": "Nursing and residential care facilities",
        "city": "oakville",
        "address": "",
        "outage_risk_score": 0.972,
        "solar_potential_score": 0.2,
        "facility_score": 0.8,
        "final_score": 65.87,
        "rank": 41,
        "solar_kwh_per_m2": 66.73
      }
    },
    {
      "type": "Feature",
      "geometry": {
        "type": "Point",
        "coordinates": [
          -79.79224629,
          43.32692581
        ]
      },
      "properties": {
        "name": "chartwell martha's landing retirement residence",
        "type": "Nursing and residential care facilities",
        "city": "burlington",
        "address": "",
        "outage_risk_score": 0.97,
        "solar_potential_score": 0.2,
        "facility_score": 0.8,
        "final_score": 65.82,
        "rank": 42,
        "solar_kwh_per_m2": 66.73
      }
    },
    {
      "type": "Feature",
      "geometry": {
        "type": "Point",
        "coordinates": [
          -79.59094324,
          43.54970386
        ]
      },
      "properties": {
        "name": "mississauga long term care facility",
        "type": "Nursing and residential care facilities",
        "city": "mississauga",
        "address": "",
        "outage_risk_score": 0.969,
        "solar_potential_score": 0.2,
        "facility_score": 0.8,
        "final_score": 65.76,
        "rank": 43,
        "solar_kwh_per_m2": 66.73
      }
    },
    {
      "type": "Feature",
      "geometry": {
        "type": "Point",
        "coordinates": [
          -79.65178876,
          43.52485635
        ]
      },
      "properties": {
        "name": "chartwell wenleigh long term care residence",
        "type": "Nursing and residential care facilities",
        "city": "mississauga",
        "address": "",
        "outage_risk_score": 0.967,
        "solar_potential_score": 0.2,
        "facility_score": 0.8,
        "final_score": 65.67,
        "rank": 44,
        "solar_kwh_per_m2": 66.73
      }
    },
    {
      "type": "Feature",
      "geometry": {
        "type": "Point",
        "coordinates": [
          -79.73937757,
          43.38147032
        ]
      },
      "properties": {
        "name": "burloak",
        "type": "Nursing and residential care facilities",
        "city": "burlington",
        "address": "",
        "outage_risk_score": 0.966,
        "solar_potential_score": 0.2,
        "facility_score": 0.8,
        "final_score": 65.65,
        "rank": 45,
        "solar_kwh_per_m2": 66.73
      }
    },
    {
      "type": "Feature",
      "geometry": {
        "type": "Point",
        "coordinates": [
          -79.78777539,
          43.36439192
        ]
      },
      "properties": {
        "name": "billings court manor",
        "type": "Nursing and residential care facilities",
        "city": "burlington",
        "address": "",
        "outage_risk_score": 0.962,
        "solar_potential_score": 0.2,
        "facility_score": 0.8,
        "final_score": 65.48,
        "rank": 46,
        "solar_kwh_per_m2": 66.73
      }
    },
    {
      "type": "Feature",
      "geometry": {
        "type": "Point",
        "coordinates": [
          -79.75569998,
          43.36821872
        ]
      },
      "properties": {
        "name": "appleby place",
        "type": "Nursing and residential care facilities",
        "city": "burlington",
        "address": "",
        "outage_risk_score": 0.961,
        "solar_potential_score": 0.2,
        "facility_score": 0.8,
        "final_score": 65.45,
        "rank": 47,
        "solar_kwh_per_m2": 66.73
      }
    },
    {
      "type": "Feature",
      "geometry": {
        "type": "Point",
        "coordinates": [
          -79.7990319,
          43.3255196
        ]
      },
      "properties": {
        "name": "rykka care centres lp \u0097 wellington park care centre",
        "type": "Nursing and residential care facilities",
        "city": "burlington",
        "address": "",
        "outage_risk_score": 0.96,
        "solar_potential_score": 0.2,
        "facility_score": 0.8,
        "final_score": 65.39,
        "rank": 48,
        "solar_kwh_per_m2": 66.73
      }
    },
    {
      "type": "Feature",
      "geometry": {
        "type": "Point",
        "coordinates": [
          -79.60962385,
          43.57225606
        ]
      },
      "properties": {
        "name": "trillium health partners- mississauga",
        "type": "Hospitals",
        "city": "mississauga",
        "address": "",
        "outage_risk_score": 0.833,
        "solar_potential_score": 0.2,
        "facility_score": 1.0,
        "final_score": 65.32,
        "rank": 49,
        "solar_kwh_per_m2": 66.73
      }
    },
    {
      "type": "Feature",
      "geometry": {
        "type": "Point",
        "coordinates": [
          -79.7990319,
          43.3255196
        ]
      },
      "properties": {
        "name": "the central canadian district of the cama in canada \u0097 cama woodlands nursing home",
        "type": "Nursing and residential care facilities",
        "city": "burlington",
        "address": "",
        "outage_risk_score": 0.953,
        "solar_potential_score": 0.2,
        "facility_score": 0.8,
        "final_score": 65.13,
        "rank": 50,
        "solar_kwh_per_m2": 66.73
      }
    },
    {
      "type": "Feature",
      "geometry": {
        "type": "Point",
        "coordinates": [
          -79.64498379999999,
          43.5852972
        ]
      },
      "properties": {
        "name": "trillium health partners \u0097 mississauga hospital",
        "type": "Hospitals",
        "city": "mississauga",
        "address": "",
        "outage_risk_score": 0.826,
        "solar_potential_score": 0.2,
        "facility_score": 1.0,
        "final_score": 65.02,
        "rank": 51,
        "solar_kwh_per_m2": 66.73
      }
    },
    {
      "type": "Feature",
      "geometry": {
        "type": "Point",
        "coordinates": [
          -79.64498379999999,
          43.5852972
        ]
      },
      "properties": {
        "name": "sienna senior living inc. \u0097 streetsville care community",
        "type": "Nursing and residential care facilities",
        "city": "mississauga",
        "address": "",
        "outage_risk_score": 0.948,
        "solar_potential_score": 0.2,
        "facility_score": 0.8,
        "final_score": 64.93,
        "rank": 52,
        "solar_kwh_per_m2": 66.73
      }
    },
    {
      "type": "Feature",
      "geometry": {
        "type": "Point",
        "coordinates": [
          -79.7288743,
          43.4507462
        ]
      },
      "properties": {
        "name": "revera inc. \u0097 northridge long term care centre",
        "type": "Nursing and residential care facilities",
        "city": "oakville",
        "address": "",
        "outage_risk_score": 0.943,
        "solar_potential_score": 0.2,
        "facility_score": 0.8,
        "final_score": 64.74,
        "rank": 53,
        "solar_kwh_per_m2": 66.73
      }
    },
    {
      "type": "Feature",
      "geometry": {
        "type": "Point",
        "coordinates": [
          -79.72147048,
          43.55312755
        ]
      },
      "properties": {
        "name": "the village of erin meadows",
        "type": "Nursing and residential care facilities",
        "city": "mississauga",
        "address": "",
        "outage_risk_score": 0.943,
        "solar_potential_score": 0.2,
        "facility_score": 0.8,
        "final_score": 64.74,
        "rank": 54,
        "solar_kwh_per_m2": 66.73
      }
    },
    {
      "type": "Feature",
      "geometry": {
        "type": "Point",
        "coordinates": [
          -79.62731705,
          43.51402375
        ]
      },
      "properties": {
        "name": "walden circle retirement community",
        "type": "Nursing and residential care facilities",
        "city": "mississauga",
        "address": "",
        "outage_risk_score": 0.943,
        "solar_potential_score": 0.2,
        "facility_score": 0.8,
        "final_score": 64.73,
        "rank": 55,
        "solar_kwh_per_m2": 66.73
      }
    },
    {
      "type": "Feature",
      "geometry": {
        "type": "Point",
        "coordinates": [
          -79.60555515,
          43.62096837
        ]
      },
      "properties": {
        "name": "sunrise senior living of mississauga",
        "type": "Nursing and residential care facilities",
        "city": "mississauga",
        "address": "",
        "outage_risk_score": 0.943,
        "solar_potential_score": 0.2,
        "facility_score": 0.8,
        "final_score": 64.73,
        "rank": 56,
        "solar_kwh_per_m2": 66.73
      }
    },
    {
      "type": "Feature",
      "geometry": {
        "type": "Point",
        "coordinates": [
          -79.77985319,
          43.39302822
        ]
      },
      "properties": {
        "name": "creek way village",
        "type": "Nursing and residential care facilities",
        "city": "burlington",
        "address": "",
        "outage_risk_score": 0.941,
        "solar_potential_score": 0.2,
        "facility_score": 0.8,
        "final_score": 64.63,
        "rank": 57,
        "solar_kwh_per_m2": 66.73
      }
    },
    {
      "type": "Feature",
      "geometry": {
        "type": "Point",
        "coordinates": [
          -79.735105,
          43.559595
        ]
      },
      "properties": {
        "name": "viva mississauga retirement community",
        "type": "Nursing and residential care facilities",
        "city": "mississauga",
        "address": "",
        "outage_risk_score": 0.94,
        "solar_potential_score": 0.2,
        "facility_score": 0.8,
        "final_score": 64.6,
        "rank": 58,
        "solar_kwh_per_m2": 66.73
      }
    },
    {
      "type": "Feature",
      "geometry": {
        "type": "Point",
        "coordinates": [
          -79.8518665,
          43.3045489
        ]
      },
      "properties": {
        "name": "park avenue manor",
        "type": "Nursing and residential care facilities",
        "city": "burlington",
        "address": "",
        "outage_risk_score": 0.94,
        "solar_potential_score": 0.2,
        "facility_score": 0.8,
        "final_score": 64.6,
        "rank": 59,
        "solar_kwh_per_m2": 66.73
      }
    },
    {
      "type": "Feature",
      "geometry": {
        "type": "Point",
        "coordinates": [
          -79.61299345,
          43.58106776
        ]
      },
      "properties": {
        "name": "king gardens",
        "type": "Nursing and residential care facilities",
        "city": "mississauga",
        "address": "",
        "outage_risk_score": 0.939,
        "solar_potential_score": 0.2,
        "facility_score": 0.8,
        "final_score": 64.57,
        "rank": 60,
        "solar_kwh_per_m2": 66.73
      }
    },
    {
      "type": "Feature",
      "geometry": {
        "type": "Point",
        "coordinates": [
          -79.60362445,
          43.59302306
        ]
      },
      "properties": {
        "name": "cawthra gardens",
        "type": "Nursing and residential care facilities",
        "city": "mississauga",
        "address": "",
        "outage_risk_score": 0.934,
        "solar_potential_score": 0.2,
        "facility_score": 0.8,
        "final_score": 64.36,
        "rank": 61,
        "solar_kwh_per_m2": 66.73
      }
    },
    {
      "type": "Feature",
      "geometry": {
        "type": "Point",
        "coordinates": [
          -79.7432227,
          43.7474659
        ]
      },
      "properties": {
        "name": "william osler health system - civic",
        "type": "Hospitals",
        "city": "brampton",
        "address": "",
        "outage_risk_score": 0.807,
        "solar_potential_score": 0.2,
        "facility_score": 1.0,
        "final_score": 64.29,
        "rank": 62,
        "solar_kwh_per_m2": 66.73
      }
    },
    {
      "type": "Feature",
      "geometry": {
        "type": "Point",
        "coordinates": [
          -79.80267739,
          43.31703371
        ]
      },
      "properties": {
        "name": "joseph brant hospital",
        "type": "Nursing and residential care facilities",
        "city": "burlington",
        "address": "",
        "outage_risk_score": 0.931,
        "solar_potential_score": 0.2,
        "facility_score": 0.8,
        "final_score": 64.23,
        "rank": 63,
        "solar_kwh_per_m2": 66.73
      }
    },
    {
      "type": "Feature",
      "geometry": {
        "type": "Point",
        "coordinates": [
          -79.8527417,
          43.3061966
        ]
      },
      "properties": {
        "name": "lasalle park retirement community",
        "type": "Nursing and residential care facilities",
        "city": "burlington",
        "address": "",
        "outage_risk_score": 0.93,
        "solar_potential_score": 0.2,
        "facility_score": 0.8,
        "final_score": 64.2,
        "rank": 64,
        "solar_kwh_per_m2": 66.73
      }
    },
    {
      "type": "Feature",
      "geometry": {
        "type": "Point",
        "coordinates": [
          -79.59085414,
          43.54916686
        ]
      },
      "properties": {
        "name": "chartwell regency retirement residence",
        "type": "Nursing and residential care facilities",
        "city": "mississauga",
        "address": "",
        "outage_risk_score": 0.93,
        "solar_potential_score": 0.2,
        "facility_score": 0.8,
        "final_score": 64.2,
        "rank": 65,
        "solar_kwh_per_m2": 66.73
      }
    },
    {
      "type": "Feature",
      "geometry": {
        "type": "Point",
        "coordinates": [
          -79.7288743,
          43.4507462
        ]
      },
      "properties": {
        "name": "revera inc. \u0097 west oak village",
        "type": "Nursing and residential care facilities",
        "city": "oakville",
        "address": "",
        "outage_risk_score": 0.929,
        "solar_potential_score": 0.2,
        "facility_score": 0.8,
        "final_score": 64.17,
        "rank": 66,
        "solar_kwh_per_m2": 66.73
      }
    },
    {
      "type": "Feature",
      "geometry": {
        "type": "Point",
        "coordinates": [
          -79.63981896,
          43.59072586
        ]
      },
      "properties": {
        "name": "ymca of greater toronto",
        "type": "Nursing and residential care facilities",
        "city": "mississauga",
        "address": "",
        "outage_risk_score": 0.929,
        "solar_potential_score": 0.2,
        "facility_score": 0.8,
        "final_score": 64.17,
        "rank": 67,
        "solar_kwh_per_m2": 66.73
      }
    },
    {
      "type": "Feature",
      "geometry": {
        "type": "Point",
        "coordinates": [
          -79.64498379999999,
          43.5852972
        ]
      },
      "properties": {
        "name": "sienna senior living inc. \u0097 silverthorn care community",
        "type": "Nursing and residential care facilities",
        "city": "mississauga",
        "address": "",
        "outage_risk_score": 0.927,
        "solar_potential_score": 0.2,
        "facility_score": 0.8,
        "final_score": 64.09,
        "rank": 68,
        "solar_kwh_per_m2": 66.73
      }
    },
    {
      "type": "Feature",
      "geometry": {
        "type": "Point",
        "coordinates": [
          -79.66593136,
          43.44942594
        ]
      },
      "properties": {
        "name": "churchill place",
        "type": "Nursing and residential care facilities",
        "city": "oakville",
        "address": "",
        "outage_risk_score": 0.926,
        "solar_potential_score": 0.2,
        "facility_score": 0.8,
        "final_score": 64.04,
        "rank": 69,
        "solar_kwh_per_m2": 66.73
      }
    },
    {
      "type": "Feature",
      "geometry": {
        "type": "Point",
        "coordinates": [
          -79.7037003,
          43.5591213
        ]
      },
      "properties": {
        "name": "trillium health partners - credit valley",
        "type": "Hospitals",
        "city": "mississauga",
        "address": "",
        "outage_risk_score": 0.8,
        "solar_potential_score": 0.2,
        "facility_score": 1.0,
        "final_score": 63.99,
        "rank": 70,
        "solar_kwh_per_m2": 66.73
      }
    },
    {
      "type": "Feature",
      "geometry": {
        "type": "Point",
        "coordinates": [
          -79.60968605,
          43.57334286
        ]
      },
      "properties": {
        "name": "cooksville care centre",
        "type": "Nursing and residential care facilities",
        "city": "mississauga",
        "address": "",
        "outage_risk_score": 0.922,
        "solar_potential_score": 0.2,
        "facility_score": 0.8,
        "final_score": 63.87,
        "rank": 71,
        "solar_kwh_per_m2": 66.73
      }
    },
    {
      "type": "Feature",
      "geometry": {
        "type": "Point",
        "coordinates": [
          -79.743223,
          43.747466
        ]
      },
      "properties": {
        "name": "william osler health centre - brampton civic hospital",
        "type": "Hospitals",
        "city": "brampton",
        "address": "2100 bovaird dr. e. brampton on l6t 3s1",
        "outage_risk_score": 0.794,
        "solar_potential_score": 0.2,
        "facility_score": 1.0,
        "final_score": 63.74,
        "rank": 72,
        "solar_kwh_per_m2": 66.73
      }
    },
    {
      "type": "Feature",
      "geometry": {
        "type": "Point",
        "coordinates": [
          -79.64498379999999,
          43.5852972
        ]
      },
      "properties": {
        "name": "schlegel villages \u0097 erin mills lodge long term care",
        "type": "Nursing and residential care facilities",
        "city": "mississauga",
        "address": "",
        "outage_risk_score": 0.917,
        "solar_potential_score": 0.2,
        "facility_score": 0.8,
        "final_score": 63.68,
        "rank": 73,
        "solar_kwh_per_m2": 66.73
      }
    },
    {
      "type": "Feature",
      "geometry": {
        "type": "Point",
        "coordinates": [
          -79.79950979,
          43.38367062
        ]
      },
      "properties": {
        "name": "the village of tansley woods",
        "type": "Nursing and residential care facilities",
        "city": "burlington",
        "address": "",
        "outage_risk_score": 0.917,
        "solar_potential_score": 0.2,
        "facility_score": 0.8,
        "final_score": 63.67,
        "rank": 74,
        "solar_kwh_per_m2": 66.73
      }
    },
    {
      "type": "Feature",
      "geometry": {
        "type": "Point",
        "coordinates": [
          -79.61660025,
          43.57761356
        ]
      },
      "properties": {
        "name": "heritage house mississauga",
        "type": "Nursing and residential care facilities",
        "city": "mississauga",
        "address": "",
        "outage_risk_score": 0.917,
        "solar_potential_score": 0.2,
        "facility_score": 0.8,
        "final_score": 63.66,
        "rank": 75,
        "solar_kwh_per_m2": 66.73
      }
    },
    {
      "type": "Feature",
      "geometry": {
        "type": "Point",
        "coordinates": [
          -79.64498379999999,
          43.5852972
        ]
      },
      "properties": {
        "name": "schlegel villages \u0097 the village of erin meadows",
        "type": "Nursing and residential care facilities",
        "city": "mississauga",
        "address": "",
        "outage_risk_score": 0.914,
        "solar_potential_score": 0.2,
        "facility_score": 0.8,
        "final_score": 63.54,
        "rank": 76,
        "solar_kwh_per_m2": 66.73
      }
    },
    {
      "type": "Feature",
      "geometry": {
        "type": "Point",
        "coordinates": [
          -79.64498379999999,
          43.5852972
        ]
      },
      "properties": {
        "name": "yee hong centre for geriatric care \u0097 yee hong centre mississauga",
        "type": "Nursing and residential care facilities",
        "city": "mississauga",
        "address": "",
        "outage_risk_score": 0.913,
        "solar_potential_score": 0.2,
        "facility_score": 0.8,
        "final_score": 63.52,
        "rank": 77,
        "solar_kwh_per_m2": 66.73
      }
    },
    {
      "type": "Feature",
      "geometry": {
        "type": "Point",
        "coordinates": [
          -79.60700205,
          43.57311436
        ]
      },
      "properties": {
        "name": "camilla care community",
        "type": "Nursing and residential care facilities",
        "city": "mississauga",
        "address": "",
        "outage_risk_score": 0.911,
        "solar_potential_score": 0.2,
        "facility_score": 0.8,
        "final_score": 63.46,
        "rank": 78,
        "solar_kwh_per_m2": 66.73
      }
    },
    {
      "type": "Feature",
      "geometry": {
        "type": "Point",
        "coordinates": [
          -79.68858187,
          43.56232545
        ]
      },
      "properties": {
        "name": "silverthorn care community",
        "type": "Nursing and residential care facilities",
        "city": "mississauga",
        "address": "",
        "outage_risk_score": 0.908,
        "solar_potential_score": 0.2,
        "facility_score": 0.8,
        "final_score": 63.33,
        "rank": 79,
        "solar_kwh_per_m2": 66.73
      }
    },
    {
      "type": "Feature",
      "geometry": {
        "type": "Point",
        "coordinates": [
          -79.67269066,
          43.45245024
        ]
      },
      "properties": {
        "name": "wyndham manor long term care centre",
        "type": "Nursing and residential care facilities",
        "city": "oakville",
        "address": "",
        "outage_risk_score": 0.908,
        "solar_potential_score": 0.2,
        "facility_score": 0.8,
        "final_score": 63.3,
        "rank": 80,
        "solar_kwh_per_m2": 66.73
      }
    },
    {
      "type": "Feature",
      "geometry": {
        "type": "Point",
        "coordinates": [
          -79.64498379999999,
          43.5852972
        ]
      },
      "properties": {
        "name": "regional municipality of peel \u0097 sheridan villa",
        "type": "Nursing and residential care facilities",
        "city": "mississauga",
        "address": "",
        "outage_risk_score": 0.907,
        "solar_potential_score": 0.2,
        "facility_score": 0.8,
        "final_score": 63.29,
        "rank": 81,
        "solar_kwh_per_m2": 66.73
      }
    },
    {
      "type": "Feature",
      "geometry": {
        "type": "Point",
        "coordinates": [
          -79.71614718,
          43.54959005
        ]
      },
      "properties": {
        "name": "amica at erin mills",
        "type": "Nursing and residential care facilities",
        "city": "mississauga",
        "address": "",
        "outage_risk_score": 0.903,
        "solar_potential_score": 0.2,
        "facility_score": 0.8,
        "final_score": 63.12,
        "rank": 82,
        "solar_kwh_per_m2": 66.73
      }
    },
    {
      "type": "Feature",
      "geometry": {
        "type": "Point",
        "coordinates": [
          -79.77985319,
          43.43165293
        ]
      },
      "properties": {
        "name": "palermo village retirement residence",
        "type": "Nursing and residential care facilities",
        "city": "oakville",
        "address": "",
        "outage_risk_score": 0.902,
        "solar_potential_score": 0.2,
        "facility_score": 0.8,
        "final_score": 63.09,
        "rank": 83,
        "solar_kwh_per_m2": 66.73
      }
    },
    {
      "type": "Feature",
      "geometry": {
        "type": "Point",
        "coordinates": [
          -79.76303438,
          43.42715623
        ]
      },
      "properties": {
        "name": "chartwell waterford long term care residence",
        "type": "Nursing and residential care facilities",
        "city": "oakville",
        "address": "",
        "outage_risk_score": 0.901,
        "solar_potential_score": 0.2,
        "facility_score": 0.8,
        "final_score": 63.03,
        "rank": 84,
        "solar_kwh_per_m2": 66.73
      }
    },
    {
      "type": "Feature",
      "geometry": {
        "type": "Point",
        "coordinates": [
          -79.763015,
          43.68816899999999
        ]
      },
      "properties": {
        "name": "william osler health system \u0097 brampton civic hospital",
        "type": "Hospitals",
        "city": "brampton",
        "address": "",
        "outage_risk_score": 0.775,
        "solar_potential_score": 0.2,
        "facility_score": 1.0,
        "final_score": 62.99,
        "rank": 85,
        "solar_kwh_per_m2": 66.73
      }
    },
    {
      "type": "Feature",
      "geometry": {
        "type": "Point",
        "coordinates": [
          -79.7990319,
          43.3255196
        ]
      },
      "properties": {
        "name": "unger nursing homes ltd. \u0097 hampton terrace",
        "type": "Nursing and residential care facilities",
        "city": "burlington",
        "address": "",
        "outage_risk_score": 0.898,
        "solar_potential_score": 0.2,
        "facility_score": 0.8,
        "final_score": 62.92,
        "rank": 86,
        "solar_kwh_per_m2": 66.73
      }
    },
    {
      "type": "Feature",
      "geometry": {
        "type": "Point",
        "coordinates": [
          -79.8554984,
          43.3054339
        ]
      },
      "properties": {
        "name": "hampton terrace care centre",
        "type": "Nursing and residential care facilities",
        "city": "burlington",
        "address": "",
        "outage_risk_score": 0.897,
        "solar_potential_score": 0.2,
        "facility_score": 0.8,
        "final_score": 62.87,
        "rank": 87,
        "solar_kwh_per_m2": 66.73
      }
    },
    {
      "type": "Feature",
      "geometry": {
        "type": "Point",
        "coordinates": [
          -79.62744866,
          43.62835307
        ]
      },
      "properties": {
        "name": "tyndall nursing home",
        "type": "Nursing and residential care facilities",
        "city": "mississauga",
        "address": "",
        "outage_risk_score": 0.896,
        "solar_potential_score": 0.2,
        "facility_score": 0.8,
        "final_score": 62.85,
        "rank": 88,
        "solar_kwh_per_m2": 66.73
      }
    },
    {
      "type": "Feature",
      "geometry": {
        "type": "Point",
        "coordinates": [
          -79.7990319,
          43.3255196
        ]
      },
      "properties": {
        "name": "regional municipality of halton \u0097 creek way village",
        "type": "Nursing and residential care facilities",
        "city": "burlington",
        "address": "",
        "outage_risk_score": 0.895,
        "solar_potential_score": 0.2,
        "facility_score": 0.8,
        "final_score": 62.79,
        "rank": 89,
        "solar_kwh_per_m2": 66.73
      }
    },
    {
      "type": "Feature",
      "geometry": {
        "type": "Point",
        "coordinates": [
          -79.68690548,
          43.60476896
        ]
      },
      "properties": {
        "name": "yee hong centre - mississauga",
        "type": "Nursing and residential care facilities",
        "city": "mississauga",
        "address": "",
        "outage_risk_score": 0.893,
        "solar_potential_score": 0.2,
        "facility_score": 0.8,
        "final_score": 62.74,
        "rank": 90,
        "solar_kwh_per_m2": 66.73
      }
    },
    {
      "type": "Feature",
      "geometry": {
        "type": "Point",
        "coordinates": [
          -79.801331,
          43.37994
        ]
      },
      "properties": {
        "name": "heritage place",
        "type": "Nursing and residential care facilities",
        "city": "burlington",
        "address": "",
        "outage_risk_score": 0.889,
        "solar_potential_score": 0.2,
        "facility_score": 0.8,
        "final_score": 62.56,
        "rank": 91,
        "solar_kwh_per_m2": 66.73
      }
    },
    {
      "type": "Feature",
      "geometry": {
        "type": "Point",
        "coordinates": [
          -79.78777969,
          43.39273432
        ]
      },
      "properties": {
        "name": "the williamsburg",
        "type": "Nursing and residential care facilities",
        "city": "burlington",
        "address": "",
        "outage_risk_score": 0.888,
        "solar_potential_score": 0.2,
        "facility_score": 0.8,
        "final_score": 62.53,
        "rank": 92,
        "solar_kwh_per_m2": 66.73
      }
    },
    {
      "type": "Feature",
      "geometry": {
        "type": "Point",
        "coordinates": [
          -79.7120768,
          43.72807748
        ]
      },
      "properties": {
        "name": "bramalea community health centre",
        "type": "Hospitals",
        "city": "brampton",
        "address": "",
        "outage_risk_score": 0.761,
        "solar_potential_score": 0.2,
        "facility_score": 1.0,
        "final_score": 62.44,
        "rank": 93,
        "solar_kwh_per_m2": 66.73
      }
    },
    {
      "type": "Feature",
      "geometry": {
        "type": "Point",
        "coordinates": [
          -79.763015,
          43.68816899999999
        ]
      },
      "properties": {
        "name": "william osler health system \u0097 peel memorial centre for integrated health and wellness",
        "type": "Hospitals",
        "city": "brampton",
        "address": "",
        "outage_risk_score": 0.756,
        "solar_potential_score": 0.2,
        "facility_score": 1.0,
        "final_score": 62.24,
        "rank": 94,
        "solar_kwh_per_m2": 66.73
      }
    },
    {
      "type": "Feature",
      "geometry": {
        "type": "Point",
        "coordinates": [
          -79.65170517,
          43.70988098
        ]
      },
      "properties": {
        "name": "punjabi community health services (pchs)",
        "type": "Nursing and residential care facilities",
        "city": "mississauga",
        "address": "",
        "outage_risk_score": 0.88,
        "solar_potential_score": 0.2,
        "facility_score": 0.8,
        "final_score": 62.21,
        "rank": 95,
        "solar_kwh_per_m2": 66.73
      }
    },
    {
      "type": "Feature",
      "geometry": {
        "type": "Point",
        "coordinates": [
          -79.66402826,
          43.54388615
        ]
      },
      "properties": {
        "name": "parkland on the glen",
        "type": "Nursing and residential care facilities",
        "city": "mississauga",
        "address": "",
        "outage_risk_score": 0.875,
        "solar_potential_score": 0.2,
        "facility_score": 0.8,
        "final_score": 62.01,
        "rank": 96,
        "solar_kwh_per_m2": 66.73
      }
    },
    {
      "type": "Feature",
      "geometry": {
        "type": "Point",
        "coordinates": [
          -79.7990319,
          43.3255196
        ]
      },
      "properties": {
        "name": "revera inc. \u0097 burloak long term care centre",
        "type": "Nursing and residential care facilities",
        "city": "burlington",
        "address": "",
        "outage_risk_score": 0.87,
        "solar_potential_score": 0.2,
        "facility_score": 0.8,
        "final_score": 61.79,
        "rank": 97,
        "solar_kwh_per_m2": 66.73
      }
    },
    {
      "type": "Feature",
      "geometry": {
        "type": "Point",
        "coordinates": [
          -79.64498379999999,
          43.5852972
        ]
      },
      "properties": {
        "name": "regional municipality of peel \u0097 malton village long term care centre",
        "type": "Nursing and residential care facilities",
        "city": "mississauga",
        "address": "",
        "outage_risk_score": 0.866,
        "solar_potential_score": 0.2,
        "facility_score": 0.8,
        "final_score": 61.65,
        "rank": 98,
        "solar_kwh_per_m2": 66.73
      }
    },
    {
      "type": "Feature",
      "geometry": {
        "type": "Point",
        "coordinates": [
          -79.59239015,
          43.60446857
        ]
      },
      "properties": {
        "name": "constitution place",
        "type": "Nursing and residential care facilities",
        "city": "mississauga",
        "address": "",
        "outage_risk_score": 0.864,
        "solar_potential_score": 0.2,
        "facility_score": 0.8,
        "final_score": 61.58,
        "rank": 99,
        "solar_kwh_per_m2": 66.73
      }
    },
    {
      "type": "Feature",
      "geometry": {
        "type": "Point",
        "coordinates": [
          -79.78142981,
          43.69999507
        ]
      },
      "properties": {
        "name": "peel manor",
        "type": "Nursing and residential care facilities",
        "city": "brampton",
        "address": "",
        "outage_risk_score": 0.863,
        "solar_potential_score": 0.2,
        "facility_score": 0.8,
        "final_score": 61.53,
        "rank": 100,
        "solar_kwh_per_m2": 66.73
      }
    },
    {
      "type": "Feature",
      "geometry": {
        "type": "Point",
        "coordinates": [
          -79.763015,
          43.68816899999999
        ]
      },
      "properties": {
        "name": "sienna senior living inc. \u0097 tullamore care community",
        "type": "Nursing and residential care facilities",
        "city": "brampton",
        "address": "",
        "outage_risk_score": 0.858,
        "solar_potential_score": 0.2,
        "facility_score": 0.8,
        "final_score": 61.32,
        "rank": 101,
        "solar_kwh_per_m2": 66.73
      }
    },
    {
      "type": "Feature",
      "geometry": {
        "type": "Point",
        "coordinates": [
          -79.763015,
          43.68816899999999
        ]
      },
      "properties": {
        "name": "schlegel villages \u0097 the village of sandalwood park",
        "type": "Nursing and residential care facilities",
        "city": "brampton",
        "address": "",
        "outage_risk_score": 0.857,
        "solar_potential_score": 0.2,
        "facility_score": 0.8,
        "final_score": 61.3,
        "rank": 102,
        "solar_kwh_per_m2": 66.73
      }
    },
    {
      "type": "Feature",
      "geometry": {
        "type": "Point",
        "coordinates": [
          -79.63359016,
          43.59758416
        ]
      },
      "properties": {
        "name": "chartwell robert speck retirement residence",
        "type": "Nursing and residential care facilities",
        "city": "mississauga",
        "address": "",
        "outage_risk_score": 0.857,
        "solar_potential_score": 0.2,
        "facility_score": 0.8,
        "final_score": 61.29,
        "rank": 103,
        "solar_kwh_per_m2": 66.73
      }
    },
    {
      "type": "Feature",
      "geometry": {
        "type": "Point",
        "coordinates": [
          -79.56964054,
          43.56395956
        ]
      },
      "properties": {
        "name": "greenway lodge retirement home",
        "type": "Nursing and residential care facilities",
        "city": "mississauga",
        "address": "",
        "outage_risk_score": 0.857,
        "solar_potential_score": 0.2,
        "facility_score": 0.8,
        "final_score": 61.26,
        "rank": 104,
        "solar_kwh_per_m2": 66.73
      }
    },
    {
      "type": "Feature",
      "geometry": {
        "type": "Point",
        "coordinates": [
          -79.76581591,
          43.69126697
        ]
      },
      "properties": {
        "name": "rosedale retirement residence",
        "type": "Nursing and residential care facilities",
        "city": "brampton",
        "address": "",
        "outage_risk_score": 0.856,
        "solar_potential_score": 0.2,
        "facility_score": 0.8,
        "final_score": 61.25,
        "rank": 105,
        "solar_kwh_per_m2": 66.73
      }
    },
    {
      "type": "Feature",
      "geometry": {
        "type": "Point",
        "coordinates": [
          -78.869384,
          43.905564
        ]
      },
      "properties": {
        "name": "lakeridge health - oshawa",
        "type": "Hospitals",
        "city": "oshawa",
        "address": "1 hospital crt. oshawa on l1g 2b9",
        "outage_risk_score": 0.731,
        "solar_potential_score": 0.2,
        "facility_score": 1.0,
        "final_score": 61.23,
        "rank": 106,
        "solar_kwh_per_m2": 66.73
      }
    },
    {
      "type": "Feature",
      "geometry": {
        "type": "Point",
        "coordinates": [
          -79.86719201,
          43.3099325
        ]
      },
      "properties": {
        "name": "cama woodlands nursing home",
        "type": "Nursing and residential care facilities",
        "city": "burlington",
        "address": "",
        "outage_risk_score": 0.856,
        "solar_potential_score": 0.2,
        "facility_score": 0.8,
        "final_score": 61.22,
        "rank": 107,
        "solar_kwh_per_m2": 66.73
      }
    },
    {
      "type": "Feature",
      "geometry": {
        "type": "Point",
        "coordinates": [
          -79.64498379999999,
          43.5852972
        ]
      },
      "properties": {
        "name": "cawthra gardens long term care community",
        "type": "Nursing and residential care facilities",
        "city": "mississauga",
        "address": "",
        "outage_risk_score": 0.854,
        "solar_potential_score": 0.2,
        "facility_score": 0.8,
        "final_score": 61.17,
        "rank": 108,
        "solar_kwh_per_m2": 66.73
      }
    },
    {
      "type": "Feature",
      "geometry": {
        "type": "Point",
        "coordinates": [
          -79.64498379999999,
          43.5852972
        ]
      },
      "properties": {
        "name": "sienna senior living inc. \u0097 camilla care community",
        "type": "Nursing and residential care facilities",
        "city": "mississauga",
        "address": "",
        "outage_risk_score": 0.852,
        "solar_potential_score": 0.2,
        "facility_score": 0.8,
        "final_score": 61.06,
        "rank": 109,
        "solar_kwh_per_m2": 66.73
      }
    },
    {
      "type": "Feature",
      "geometry": {
        "type": "Point",
        "coordinates": [
          -79.763015,
          43.68816899999999
        ]
      },
      "properties": {
        "name": "sienna senior living inc. \u0097 maple grove care community",
        "type": "Nursing and residential care facilities",
        "city": "brampton",
        "address": "",
        "outage_risk_score": 0.85,
        "solar_potential_score": 0.2,
        "facility_score": 0.8,
        "final_score": 60.99,
        "rank": 110,
        "solar_kwh_per_m2": 66.73
      }
    },
    {
      "type": "Feature",
      "geometry": {
        "type": "Point",
        "coordinates": [
          -79.7398157,
          43.67006457
        ]
      },
      "properties": {
        "name": "amica at brampton",
        "type": "Nursing and residential care facilities",
        "city": "brampton",
        "address": "",
        "outage_risk_score": 0.846,
        "solar_potential_score": 0.2,
        "facility_score": 0.8,
        "final_score": 60.85,
        "rank": 111,
        "solar_kwh_per_m2": 66.73
      }
    },
    {
      "type": "Feature",
      "geometry": {
        "type": "Point",
        "coordinates": [
          -79.7990319,
          43.3255196
        ]
      },
      "properties": {
        "name": "schlegel villages \u0097 the village of tansley woods",
        "type": "Nursing and residential care facilities",
        "city": "burlington",
        "address": "",
        "outage_risk_score": 0.846,
        "solar_potential_score": 0.2,
        "facility_score": 0.8,
        "final_score": 60.83,
        "rank": 112,
        "solar_kwh_per_m2": 66.73
      }
    },
    {
      "type": "Feature",
      "geometry": {
        "type": "Point",
        "coordinates": [
          -79.751431,
          43.690476
        ]
      },
      "properties": {
        "name": "william osler health system - peel memorial",
        "type": "Hospitals",
        "city": "brampton",
        "address": "",
        "outage_risk_score": 0.718,
        "solar_potential_score": 0.2,
        "facility_score": 1.0,
        "final_score": 60.74,
        "rank": 113,
        "solar_kwh_per_m2": 66.73
      }
    },
    {
      "type": "Feature",
      "geometry": {
        "type": "Point",
        "coordinates": [
          -78.84479043,
          43.86928605
        ]
      },
      "properties": {
        "name": "durham community health centre",
        "type": "Hospitals",
        "city": "oshawa",
        "address": "",
        "outage_risk_score": 0.716,
        "solar_potential_score": 0.2,
        "facility_score": 1.0,
        "final_score": 60.63,
        "rank": 114,
        "solar_kwh_per_m2": 66.73
      }
    },
    {
      "type": "Feature",
      "geometry": {
        "type": "Point",
        "coordinates": [
          -78.84479043,
          43.86928605
        ]
      },
      "properties": {
        "name": "oshawa community health centre",
        "type": "Hospitals",
        "city": "oshawa",
        "address": "",
        "outage_risk_score": 0.714,
        "solar_potential_score": 0.2,
        "facility_score": 1.0,
        "final_score": 60.57,
        "rank": 115,
        "solar_kwh_per_m2": 66.73
      }
    },
    {
      "type": "Feature",
      "geometry": {
        "type": "Point",
        "coordinates": [
          -79.68808997,
          43.54899385
        ]
      },
      "properties": {
        "name": "sunrise senior living of erin mills",
        "type": "Nursing and residential care facilities",
        "city": "mississauga",
        "address": "",
        "outage_risk_score": 0.838,
        "solar_potential_score": 0.2,
        "facility_score": 0.8,
        "final_score": 60.52,
        "rank": 116,
        "solar_kwh_per_m2": 66.73
      }
    },
    {
      "type": "Feature",
      "geometry": {
        "type": "Point",
        "coordinates": [
          -79.77341911,
          43.66143557
        ]
      },
      "properties": {
        "name": "burton manor",
        "type": "Nursing and residential care facilities",
        "city": "brampton",
        "address": "",
        "outage_risk_score": 0.837,
        "solar_potential_score": 0.2,
        "facility_score": 0.8,
        "final_score": 60.48,
        "rank": 117,
        "solar_kwh_per_m2": 66.73
      }
    },
    {
      "type": "Feature",
      "geometry": {
        "type": "Point",
        "coordinates": [
          -79.74302421,
          43.74730468
        ]
      },
      "properties": {
        "name": "william osler health system",
        "type": "Nursing and residential care facilities",
        "city": "brampton",
        "address": "",
        "outage_risk_score": 0.836,
        "solar_potential_score": 0.2,
        "facility_score": 0.8,
        "final_score": 60.42,
        "rank": 118,
        "solar_kwh_per_m2": 66.73
      }
    },
    {
      "type": "Feature",
      "geometry": {
        "type": "Point",
        "coordinates": [
          -79.80880339,
          43.33226941
        ]
      },
      "properties": {
        "name": "summit housing & outreach programs",
        "type": "Nursing and residential care facilities",
        "city": "burlington",
        "address": "",
        "outage_risk_score": 0.835,
        "solar_potential_score": 0.2,
        "facility_score": 0.8,
        "final_score": 60.39,
        "rank": 119,
        "solar_kwh_per_m2": 66.73
      }
    },
    {
      "type": "Feature",
      "geometry": {
        "type": "Point",
        "coordinates": [
          -79.7717325,
          43.7410087
        ]
      },
      "properties": {
        "name": "the village of sandalwood park",
        "type": "Nursing and residential care facilities",
        "city": "brampton",
        "address": "",
        "outage_risk_score": 0.835,
        "solar_potential_score": 0.2,
        "facility_score": 0.8,
        "final_score": 60.38,
        "rank": 120,
        "solar_kwh_per_m2": 66.73
      }
    },
    {
      "type": "Feature",
      "geometry": {
        "type": "Point",
        "coordinates": [
          -79.73256877,
          43.36642542
        ]
      },
      "properties": {
        "name": "chartwell lakeshore retirement residence",
        "type": "Nursing and residential care facilities",
        "city": "burlington",
        "address": "",
        "outage_risk_score": 0.834,
        "solar_potential_score": 0.2,
        "facility_score": 0.8,
        "final_score": 60.38,
        "rank": 121,
        "solar_kwh_per_m2": 66.73
      }
    },
    {
      "type": "Feature",
      "geometry": {
        "type": "Point",
        "coordinates": [
          -79.64714336,
          43.58723066
        ]
      },
      "properties": {
        "name": "amica at city centre",
        "type": "Nursing and residential care facilities",
        "city": "mississauga",
        "address": "",
        "outage_risk_score": 0.834,
        "solar_potential_score": 0.2,
        "facility_score": 0.8,
        "final_score": 60.35,
        "rank": 122,
        "solar_kwh_per_m2": 66.73
      }
    },
    {
      "type": "Feature",
      "geometry": {
        "type": "Point",
        "coordinates": [
          -79.65152977,
          43.61180807
        ]
      },
      "properties": {
        "name": "villa forum",
        "type": "Nursing and residential care facilities",
        "city": "mississauga",
        "address": "",
        "outage_risk_score": 0.829,
        "solar_potential_score": 0.2,
        "facility_score": 0.8,
        "final_score": 60.16,
        "rank": 123,
        "solar_kwh_per_m2": 66.73
      }
    },
    {
      "type": "Feature",
      "geometry": {
        "type": "Point",
        "coordinates": [
          -79.62142035,
          43.51334465
        ]
      },
      "properties": {
        "name": "wawel villa seniors residence",
        "type": "Nursing and residential care facilities",
        "city": "mississauga",
        "address": "",
        "outage_risk_score": 0.827,
        "solar_potential_score": 0.2,
        "facility_score": 0.8,
        "final_score": 60.07,
        "rank": 124,
        "solar_kwh_per_m2": 66.73
      }
    },
    {
      "type": "Feature",
      "geometry": {
        "type": "Point",
        "coordinates": [
          -79.763015,
          43.68816899999999
        ]
      },
      "properties": {
        "name": "holland christian homes \u0097 grace manor",
        "type": "Nursing and residential care facilities",
        "city": "brampton",
        "address": "",
        "outage_risk_score": 0.822,
        "solar_potential_score": 0.2,
        "facility_score": 0.8,
        "final_score": 59.88,
        "rank": 125,
        "solar_kwh_per_m2": 66.73
      }
    },
    {
      "type": "Feature",
      "geometry": {
        "type": "Point",
        "coordinates": [
          -79.64498379999999,
          43.5852972
        ]
      },
      "properties": {
        "name": "rykka care centres lp \u0097 cooksville care centre",
        "type": "Nursing and residential care facilities",
        "city": "mississauga",
        "address": "",
        "outage_risk_score": 0.819,
        "solar_potential_score": 0.2,
        "facility_score": 0.8,
        "final_score": 59.77,
        "rank": 126,
        "solar_kwh_per_m2": 66.73
      }
    },
    {
      "type": "Feature",
      "geometry": {
        "type": "Point",
        "coordinates": [
          -78.8635999,
          43.8975974
        ]
      },
      "properties": {
        "name": "lakeridge health \u0097 oshawa site",
        "type": "Hospitals",
        "city": "oshawa",
        "address": "",
        "outage_risk_score": 0.694,
        "solar_potential_score": 0.2,
        "facility_score": 1.0,
        "final_score": 59.75,
        "rank": 127,
        "solar_kwh_per_m2": 66.73
      }
    },
    {
      "type": "Feature",
      "geometry": {
        "type": "Point",
        "coordinates": [
          -79.78293342,
          43.72028488
        ]
      },
      "properties": {
        "name": "woodhall park retirement village",
        "type": "Nursing and residential care facilities",
        "city": "brampton",
        "address": "",
        "outage_risk_score": 0.814,
        "solar_potential_score": 0.2,
        "facility_score": 0.8,
        "final_score": 59.57,
        "rank": 128,
        "solar_kwh_per_m2": 66.73
      }
    },
    {
      "type": "Feature",
      "geometry": {
        "type": "Point",
        "coordinates": [
          -79.68888879,
          43.75755779
        ]
      },
      "properties": {
        "name": "hawthorn woods care community",
        "type": "Nursing and residential care facilities",
        "city": "brampton",
        "address": "",
        "outage_risk_score": 0.813,
        "solar_potential_score": 0.2,
        "facility_score": 0.8,
        "final_score": 59.51,
        "rank": 129,
        "solar_kwh_per_m2": 66.73
      }
    },
    {
      "type": "Feature",
      "geometry": {
        "type": "Point",
        "coordinates": [
          -79.72589097,
          43.40795623
        ]
      },
      "properties": {
        "name": "acclaim health",
        "type": "Ambulatory health care services",
        "city": "oakville",
        "address": "",
        "outage_risk_score": 1.0,
        "solar_potential_score": 0.2,
        "facility_score": 0.5,
        "final_score": 59.5,
        "rank": 130,
        "solar_kwh_per_m2": 66.73
      }
    },
    {
      "type": "Feature",
      "geometry": {
        "type": "Point",
        "coordinates": [
          -79.65802046,
          43.47872304
        ]
      },
      "properties": {
        "name": "canadian mental health association, halton region branch (css)",
        "type": "Ambulatory health care services",
        "city": "oakville",
        "address": "",
        "outage_risk_score": 1.0,
        "solar_potential_score": 0.2,
        "facility_score": 0.5,
        "final_score": 59.5,
        "rank": 131,
        "solar_kwh_per_m2": 66.73
      }
    },
    {
      "type": "Feature",
      "geometry": {
        "type": "Point",
        "coordinates": [
          -79.69414926,
          43.44193983
        ]
      },
      "properties": {
        "name": "dorval medical associates family health team",
        "type": "Ambulatory health care services",
        "city": "oakville",
        "address": "",
        "outage_risk_score": 1.0,
        "solar_potential_score": 0.2,
        "facility_score": 0.5,
        "final_score": 59.5,
        "rank": 132,
        "solar_kwh_per_m2": 66.73
      }
    },
    {
      "type": "Feature",
      "geometry": {
        "type": "Point",
        "coordinates": [
          -79.80927849,
          43.35761511
        ]
      },
      "properties": {
        "name": "halton cheshire homes incorporated - carey house",
        "type": "Ambulatory health care services",
        "city": "burlington",
        "address": "",
        "outage_risk_score": 1.0,
        "solar_potential_score": 0.2,
        "facility_score": 0.5,
        "final_score": 59.5,
        "rank": 133,
        "solar_kwh_per_m2": 66.73
      }
    },
    {
      "type": "Feature",
      "geometry": {
        "type": "Point",
        "coordinates": [
          -79.80267739,
          43.31703371
        ]
      },
      "properties": {
        "name": "joseph brant hospital - adult day service",
        "type": "Ambulatory health care services",
        "city": "burlington",
        "address": "",
        "outage_risk_score": 1.0,
        "solar_potential_score": 0.2,
        "facility_score": 0.5,
        "final_score": 59.5,
        "rank": 134,
        "solar_kwh_per_m2": 66.73
      }
    },
    {
      "type": "Feature",
      "geometry": {
        "type": "Point",
        "coordinates": [
          -79.67178966,
          43.51086305
        ]
      },
      "properties": {
        "name": "links2care",
        "type": "Ambulatory health care services",
        "city": "oakville",
        "address": "",
        "outage_risk_score": 1.0,
        "solar_potential_score": 0.2,
        "facility_score": 0.5,
        "final_score": 59.5,
        "rank": 135,
        "solar_kwh_per_m2": 66.73
      }
    },
    {
      "type": "Feature",
      "geometry": {
        "type": "Point",
        "coordinates": [
          -79.69677947,
          43.44351973
        ]
      },
      "properties": {
        "name": "mississauga halton local health integration network",
        "type": "Ambulatory health care services",
        "city": "oakville",
        "address": "",
        "outage_risk_score": 1.0,
        "solar_potential_score": 0.2,
        "facility_score": 0.5,
        "final_score": 59.5,
        "rank": 136,
        "solar_kwh_per_m2": 66.73
      }
    },
    {
      "type": "Feature",
      "geometry": {
        "type": "Point",
        "coordinates": [
          -79.67178966,
          43.51086305
        ]
      },
      "properties": {
        "name": "nucleus housing",
        "type": "Ambulatory health care services",
        "city": "oakville",
        "address": "",
        "outage_risk_score": 1.0,
        "solar_potential_score": 0.2,
        "facility_score": 0.5,
        "final_score": 59.5,
        "rank": 137,
        "solar_kwh_per_m2": 66.73
      }
    },
    {
      "type": "Feature",
      "geometry": {
        "type": "Point",
        "coordinates": [
          -79.71632578,
          43.48264074
        ]
      },
      "properties": {
        "name": "oakmed family health team",
        "type": "Ambulatory health care services",
        "city": "oakville",
        "address": "",
        "outage_risk_score": 1.0,
        "solar_potential_score": 0.2,
        "facility_score": 0.5,
        "final_score": 59.5,
        "rank": 138,
        "solar_kwh_per_m2": 66.73
      }
    },
    {
      "type": "Feature",
      "geometry": {
        "type": "Point",
        "coordinates": [
          -79.70524236,
          43.39955423
        ]
      },
      "properties": {
        "name": "oakville senior citizens residence",
        "type": "Ambulatory health care services",
        "city": "oakville",
        "address": "",
        "outage_risk_score": 1.0,
        "solar_potential_score": 0.2,
        "facility_score": 0.5,
        "final_score": 59.5,
        "rank": 139,
        "solar_kwh_per_m2": 66.73
      }
    },
    {
      "type": "Feature",
      "geometry": {
        "type": "Point",
        "coordinates": [
          -79.67788876,
          43.44271483
        ]
      },
      "properties": {
        "name": "s.e.n.a.c.a. seniors day program - halton incorporated",
        "type": "Ambulatory health care services",
        "city": "oakville",
        "address": "",
        "outage_risk_score": 1.0,
        "solar_potential_score": 0.2,
        "facility_score": 0.5,
        "final_score": 59.5,
        "rank": 140,
        "solar_kwh_per_m2": 66.73
      }
    },
    {
      "type": "Feature",
      "geometry": {
        "type": "Point",
        "coordinates": [
          -79.8216486,
          43.39210732
        ]
      },
      "properties": {
        "name": "the wharton medical clinic inc. - css",
        "type": "Ambulatory health care services",
        "city": "burlington",
        "address": "",
        "outage_risk_score": 1.0,
        "solar_potential_score": 0.2,
        "facility_score": 0.5,
        "final_score": 59.5,
        "rank": 141,
        "solar_kwh_per_m2": 66.73
      }
    },
    {
      "type": "Feature",
      "geometry": {
        "type": "Point",
        "coordinates": [
          -78.8703454,
          43.9066084
        ]
      },
      "properties": {
        "name": "r. s. mclaughlin durham regional cancer centre",
        "type": "Hospitals",
        "city": "oshawa",
        "address": "1 hospital ct. oshawa on l1g 2b9",
        "outage_risk_score": 0.687,
        "solar_potential_score": 0.2,
        "facility_score": 1.0,
        "final_score": 59.48,
        "rank": 142,
        "solar_kwh_per_m2": 66.73
      }
    },
    {
      "type": "Feature",
      "geometry": {
        "type": "Point",
        "coordinates": [
          -79.66736096,
          43.53474615
        ]
      },
      "properties": {
        "name": "the erinview",
        "type": "Nursing and residential care facilities",
        "city": "mississauga",
        "address": "",
        "outage_risk_score": 0.811,
        "solar_potential_score": 0.2,
        "facility_score": 0.8,
        "final_score": 59.44,
        "rank": 143,
        "solar_kwh_per_m2": 66.73
      }
    },
    {
      "type": "Feature",
      "geometry": {
        "type": "Point",
        "coordinates": [
          -79.68407247,
          43.52425545
        ]
      },
      "properties": {
        "name": "ivan franko home (mississauga)",
        "type": "Ambulatory health care services",
        "city": "oakville",
        "address": "",
        "outage_risk_score": 0.998,
        "solar_potential_score": 0.2,
        "facility_score": 0.5,
        "final_score": 59.43,
        "rank": 144,
        "solar_kwh_per_m2": 66.73
      }
    },
    {
      "type": "Feature",
      "geometry": {
        "type": "Point",
        "coordinates": [
          -79.7524751,
          43.58275466
        ]
      },
      "properties": {
        "name": "chartwell heritage glen retirement residence",
        "type": "Nursing and residential care facilities",
        "city": "mississauga",
        "address": "",
        "outage_risk_score": 0.811,
        "solar_potential_score": 0.2,
        "facility_score": 0.8,
        "final_score": 59.42,
        "rank": 145,
        "solar_kwh_per_m2": 66.73
      }
    },
    {
      "type": "Feature",
      "geometry": {
        "type": "Point",
        "coordinates": [
          -79.76475299,
          43.45041353
        ]
      },
      "properties": {
        "name": "halton healthcare services corporation",
        "type": "Ambulatory health care services",
        "city": "oakville",
        "address": "",
        "outage_risk_score": 0.997,
        "solar_potential_score": 0.2,
        "facility_score": 0.5,
        "final_score": 59.38,
        "rank": 146,
        "solar_kwh_per_m2": 66.73
      }
    },
    {
      "type": "Feature",
      "geometry": {
        "type": "Point",
        "coordinates": [
          -79.763015,
          43.68816899999999
        ]
      },
      "properties": {
        "name": "holland christian homes \u0097 faith manor nursing home",
        "type": "Nursing and residential care facilities",
        "city": "brampton",
        "address": "",
        "outage_risk_score": 0.809,
        "solar_potential_score": 0.2,
        "facility_score": 0.8,
        "final_score": 59.37,
        "rank": 147,
        "solar_kwh_per_m2": 66.73
      }
    },
    {
      "type": "Feature",
      "geometry": {
        "type": "Point",
        "coordinates": [
          -79.76373531,
          43.69217287
        ]
      },
      "properties": {
        "name": "greenway retirement village",
        "type": "Nursing and residential care facilities",
        "city": "brampton",
        "address": "",
        "outage_risk_score": 0.808,
        "solar_potential_score": 0.2,
        "facility_score": 0.8,
        "final_score": 59.34,
        "rank": 148,
        "solar_kwh_per_m2": 66.73
      }
    },
    {
      "type": "Feature",
      "geometry": {
        "type": "Point",
        "coordinates": [
          -79.7250052,
          43.71669058
        ]
      },
      "properties": {
        "name": "bramalea retirement residence",
        "type": "Nursing and residential care facilities",
        "city": "brampton",
        "address": "",
        "outage_risk_score": 0.8,
        "solar_potential_score": 0.2,
        "facility_score": 0.8,
        "final_score": 58.99,
        "rank": 149,
        "solar_kwh_per_m2": 66.73
      }
    },
    {
      "type": "Feature",
      "geometry": {
        "type": "Point",
        "coordinates": [
          -79.687076,
          43.6651732
        ]
      },
      "properties": {
        "name": "supportive housing in peel (s.h.i.p.) css",
        "type": "Ambulatory health care services",
        "city": "mississauga",
        "address": "",
        "outage_risk_score": 0.985,
        "solar_potential_score": 0.2,
        "facility_score": 0.5,
        "final_score": 58.92,
        "rank": 150,
        "solar_kwh_per_m2": 66.73
      }
    },
    {
      "type": "Feature",
      "geometry": {
        "type": "Point",
        "coordinates": [
          -79.70511818,
          43.57605736
        ]
      },
      "properties": {
        "name": "cheshire homes - peel cheshire homes inc. (streetsville)",
        "type": "Ambulatory health care services",
        "city": "mississauga",
        "address": "",
        "outage_risk_score": 0.985,
        "solar_potential_score": 0.2,
        "facility_score": 0.5,
        "final_score": 58.9,
        "rank": 151,
        "solar_kwh_per_m2": 66.73
      }
    },
    {
      "type": "Feature",
      "geometry": {
        "type": "Point",
        "coordinates": [
          -79.69677947,
          43.44351973
        ]
      },
      "properties": {
        "name": "mississauga halton local health integration network (lhin op)",
        "type": "Ambulatory health care services",
        "city": "oakville",
        "address": "",
        "outage_risk_score": 0.983,
        "solar_potential_score": 0.2,
        "facility_score": 0.5,
        "final_score": 58.83,
        "rank": 152,
        "solar_kwh_per_m2": 66.73
      }
    },
    {
      "type": "Feature",
      "geometry": {
        "type": "Point",
        "coordinates": [
          -79.72791359,
          43.63238897
        ]
      },
      "properties": {
        "name": "extendicare mississauga",
        "type": "Nursing and residential care facilities",
        "city": "mississauga",
        "address": "",
        "outage_risk_score": 0.795,
        "solar_potential_score": 0.2,
        "facility_score": 0.8,
        "final_score": 58.81,
        "rank": 153,
        "solar_kwh_per_m2": 66.73
      }
    },
    {
      "type": "Feature",
      "geometry": {
        "type": "Point",
        "coordinates": [
          -79.7322165,
          43.65401857
        ]
      },
      "properties": {
        "name": "southbrook retirement community",
        "type": "Nursing and residential care facilities",
        "city": "brampton",
        "address": "",
        "outage_risk_score": 0.795,
        "solar_potential_score": 0.2,
        "facility_score": 0.8,
        "final_score": 58.78,
        "rank": 154,
        "solar_kwh_per_m2": 66.73
      }
    },
    {
      "type": "Feature",
      "geometry": {
        "type": "Point",
        "coordinates": [
          -79.70532398,
          43.58212646
        ]
      },
      "properties": {
        "name": "streetsville care community",
        "type": "Nursing and residential care facilities",
        "city": "mississauga",
        "address": "",
        "outage_risk_score": 0.794,
        "solar_potential_score": 0.2,
        "facility_score": 0.8,
        "final_score": 58.75,
        "rank": 155,
        "solar_kwh_per_m2": 66.73
      }
    },
    {
      "type": "Feature",
      "geometry": {
        "type": "Point",
        "coordinates": [
          -79.7251084,
          43.70302348
        ]
      },
      "properties": {
        "name": "peel addiction assessment and referral centre, the",
        "type": "Nursing and residential care facilities",
        "city": "brampton",
        "address": "",
        "outage_risk_score": 0.793,
        "solar_potential_score": 0.2,
        "facility_score": 0.8,
        "final_score": 58.71,
        "rank": 156,
        "solar_kwh_per_m2": 66.73
      }
    },
    {
      "type": "Feature",
      "geometry": {
        "type": "Point",
        "coordinates": [
          -79.67178966,
          43.51086305
        ]
      },
      "properties": {
        "name": "seniors life enhancement centres",
        "type": "Ambulatory health care services",
        "city": "oakville",
        "address": "",
        "outage_risk_score": 0.98,
        "solar_potential_score": 0.2,
        "facility_score": 0.5,
        "final_score": 58.69,
        "rank": 157,
        "solar_kwh_per_m2": 66.73
      }
    },
    {
      "type": "Feature",
      "geometry": {
        "type": "Point",
        "coordinates": [
          -79.763015,
          43.68816899999999
        ]
      },
      "properties": {
        "name": "primacare living solutions \u0097 burton manor",
        "type": "Nursing and residential care facilities",
        "city": "brampton",
        "address": "",
        "outage_risk_score": 0.791,
        "solar_potential_score": 0.2,
        "facility_score": 0.8,
        "final_score": 58.64,
        "rank": 158,
        "solar_kwh_per_m2": 66.73
      }
    },
    {
      "type": "Feature",
      "geometry": {
        "type": "Point",
        "coordinates": [
          -79.79246529,
          43.35804601
        ]
      },
      "properties": {
        "name": "caroline family health team of burlington",
        "type": "Ambulatory health care services",
        "city": "burlington",
        "address": "",
        "outage_risk_score": 0.978,
        "solar_potential_score": 0.2,
        "facility_score": 0.5,
        "final_score": 58.61,
        "rank": 159,
        "solar_kwh_per_m2": 66.73
      }
    },
    {
      "type": "Feature",
      "geometry": {
        "type": "Point",
        "coordinates": [
          -79.7356338,
          43.65536347
        ]
      },
      "properties": {
        "name": "extendicare brampton",
        "type": "Nursing and residential care facilities",
        "city": "brampton",
        "address": "",
        "outage_risk_score": 0.79,
        "solar_potential_score": 0.2,
        "facility_score": 0.8,
        "final_score": 58.61,
        "rank": 160,
        "solar_kwh_per_m2": 66.73
      }
    },
    {
      "type": "Feature",
      "geometry": {
        "type": "Point",
        "coordinates": [
          -79.67056277,
          43.59259706
        ]
      },
      "properties": {
        "name": "evergreen retirement residence",
        "type": "Nursing and residential care facilities",
        "city": "mississauga",
        "address": "",
        "outage_risk_score": 0.789,
        "solar_potential_score": 0.2,
        "facility_score": 0.8,
        "final_score": 58.57,
        "rank": 161,
        "solar_kwh_per_m2": 66.73
      }
    },
    {
      "type": "Feature",
      "geometry": {
        "type": "Point",
        "coordinates": [
          -79.67178966,
          43.51086305
        ]
      },
      "properties": {
        "name": "nucleus housing incorporated",
        "type": "Ambulatory health care services",
        "city": "oakville",
        "address": "",
        "outage_risk_score": 0.976,
        "solar_potential_score": 0.2,
        "facility_score": 0.5,
        "final_score": 58.52,
        "rank": 162,
        "solar_kwh_per_m2": 66.73
      }
    },
    {
      "type": "Feature",
      "geometry": {
        "type": "Point",
        "coordinates": [
          -79.58102284,
          43.56089946
        ]
      },
      "properties": {
        "name": "alzheimer society peel (central west lhin)",
        "type": "Ambulatory health care services",
        "city": "mississauga",
        "address": "",
        "outage_risk_score": 0.974,
        "solar_potential_score": 0.2,
        "facility_score": 0.5,
        "final_score": 58.46,
        "rank": 163,
        "solar_kwh_per_m2": 66.73
      }
    },
    {
      "type": "Feature",
      "geometry": {
        "type": "Point",
        "coordinates": [
          -79.60046495,
          43.62599437
        ]
      },
      "properties": {
        "name": "bough beeches place",
        "type": "Nursing and residential care facilities",
        "city": "mississauga",
        "address": "",
        "outage_risk_score": 0.955,
        "solar_potential_score": 0.001,
        "facility_score": 0.8,
        "final_score": 58.23,
        "rank": 164,
        "solar_kwh_per_m2": 73.73
      }
    },
    {
      "type": "Feature",
      "geometry": {
        "type": "Point",
        "coordinates": [
          -79.7407139,
          43.72809588
        ]
      },
      "properties": {
        "name": "house of wellness assisted living",
        "type": "Nursing and residential care facilities",
        "city": "brampton",
        "address": "",
        "outage_risk_score": 0.779,
        "solar_potential_score": 0.2,
        "facility_score": 0.8,
        "final_score": 58.15,
        "rank": 165,
        "solar_kwh_per_m2": 66.73
      }
    },
    {
      "type": "Feature",
      "geometry": {
        "type": "Point",
        "coordinates": [
          -79.61814785,
          43.58101986
        ]
      },
      "properties": {
        "name": "indian rainbow community services of peel (central west lhin)",
        "type": "Ambulatory health care services",
        "city": "mississauga",
        "address": "",
        "outage_risk_score": 0.962,
        "solar_potential_score": 0.2,
        "facility_score": 0.5,
        "final_score": 57.99,
        "rank": 166,
        "solar_kwh_per_m2": 66.73
      }
    },
    {
      "type": "Feature",
      "geometry": {
        "type": "Point",
        "coordinates": [
          -79.70905269,
          43.64747107
        ]
      },
      "properties": {
        "name": "regional municipality of peel",
        "type": "Ambulatory health care services",
        "city": "mississauga",
        "address": "",
        "outage_risk_score": 0.957,
        "solar_potential_score": 0.2,
        "facility_score": 0.5,
        "final_score": 57.78,
        "rank": 167,
        "solar_kwh_per_m2": 66.73
      }
    },
    {
      "type": "Feature",
      "geometry": {
        "type": "Point",
        "coordinates": [
          -79.0259267,
          43.8611288
        ]
      },
      "properties": {
        "name": "lakeridge health \u0097 ajax and pickering site",
        "type": "Hospitals",
        "city": "ajax",
        "address": "",
        "outage_risk_score": 0.644,
        "solar_potential_score": 0.2,
        "facility_score": 1.0,
        "final_score": 57.77,
        "rank": 168,
        "solar_kwh_per_m2": 66.73
      }
    },
    {
      "type": "Feature",
      "geometry": {
        "type": "Point",
        "coordinates": [
          -79.60855415,
          43.57143586
        ]
      },
      "properties": {
        "name": "trillium health partners -css",
        "type": "Ambulatory health care services",
        "city": "mississauga",
        "address": "",
        "outage_risk_score": 0.954,
        "solar_potential_score": 0.2,
        "facility_score": 0.5,
        "final_score": 57.65,
        "rank": 169,
        "solar_kwh_per_m2": 66.73
      }
    },
    {
      "type": "Feature",
      "geometry": {
        "type": "Point",
        "coordinates": [
          -79.763015,
          43.68816899999999
        ]
      },
      "properties": {
        "name": "regional municipality of peel \u0097 peel manor",
        "type": "Nursing and residential care facilities",
        "city": "brampton",
        "address": "",
        "outage_risk_score": 0.762,
        "solar_potential_score": 0.2,
        "facility_score": 0.8,
        "final_score": 57.5,
        "rank": 170,
        "solar_kwh_per_m2": 66.73
      }
    },
    {
      "type": "Feature",
      "geometry": {
        "type": "Point",
        "coordinates": [
          -79.80179169,
          43.31523311
        ]
      },
      "properties": {
        "name": "burlington family health team",
        "type": "Ambulatory health care services",
        "city": "burlington",
        "address": "",
        "outage_risk_score": 0.947,
        "solar_potential_score": 0.2,
        "facility_score": 0.5,
        "final_score": 57.38,
        "rank": 171,
        "solar_kwh_per_m2": 66.73
      }
    },
    {
      "type": "Feature",
      "geometry": {
        "type": "Point",
        "coordinates": [
          -79.7360306,
          43.68480267
        ]
      },
      "properties": {
        "name": "tullamore care community",
        "type": "Nursing and residential care facilities",
        "city": "brampton",
        "address": "",
        "outage_risk_score": 0.754,
        "solar_potential_score": 0.2,
        "facility_score": 0.8,
        "final_score": 57.15,
        "rank": 172,
        "solar_kwh_per_m2": 66.73
      }
    },
    {
      "type": "Feature",
      "geometry": {
        "type": "Point",
        "coordinates": [
          -79.65538916,
          43.52298305
        ]
      },
      "properties": {
        "name": "bayshore healthcare ltd",
        "type": "Ambulatory health care services",
        "city": "mississauga",
        "address": "",
        "outage_risk_score": 0.941,
        "solar_potential_score": 0.2,
        "facility_score": 0.5,
        "final_score": 57.14,
        "rank": 173,
        "solar_kwh_per_m2": 66.73
      }
    },
    {
      "type": "Feature",
      "geometry": {
        "type": "Point",
        "coordinates": [
          -79.0177,
          43.838028
        ]
      },
      "properties": {
        "name": "lakeridge health ajax pickering hospital",
        "type": "Hospitals",
        "city": "ajax",
        "address": "580 harwood ave. s. ajax on l1s 2j4",
        "outage_risk_score": 0.628,
        "solar_potential_score": 0.2,
        "facility_score": 1.0,
        "final_score": 57.14,
        "rank": 174,
        "solar_kwh_per_m2": 66.73
      }
    },
    {
      "type": "Feature",
      "geometry": {
        "type": "Point",
        "coordinates": [
          -79.63634556,
          43.59177946
        ]
      },
      "properties": {
        "name": "peel senior link (central west lhin)",
        "type": "Ambulatory health care services",
        "city": "mississauga",
        "address": "",
        "outage_risk_score": 0.94,
        "solar_potential_score": 0.2,
        "facility_score": 0.5,
        "final_score": 57.09,
        "rank": 175,
        "solar_kwh_per_m2": 66.73
      }
    },
    {
      "type": "Feature",
      "geometry": {
        "type": "Point",
        "coordinates": [
          -78.87514724,
          43.89733765
        ]
      },
      "properties": {
        "name": "extendicare oshawa",
        "type": "Nursing and residential care facilities",
        "city": "oshawa",
        "address": "",
        "outage_risk_score": 0.751,
        "solar_potential_score": 0.2,
        "facility_score": 0.8,
        "final_score": 57.03,
        "rank": 176,
        "solar_kwh_per_m2": 66.73
      }
    },
    {
      "type": "Feature",
      "geometry": {
        "type": "Point",
        "coordinates": [
          -79.60432645,
          43.62827797
        ]
      },
      "properties": {
        "name": "the beechwood",
        "type": "Nursing and residential care facilities",
        "city": "mississauga",
        "address": "",
        "outage_risk_score": 0.923,
        "solar_potential_score": 0.001,
        "facility_score": 0.8,
        "final_score": 56.96,
        "rank": 177,
        "solar_kwh_per_m2": 73.73
      }
    },
    {
      "type": "Feature",
      "geometry": {
        "type": "Point",
        "coordinates": [
          -79.69677947,
          43.44351973
        ]
      },
      "properties": {
        "name": "mississauga integrated care centre (css)",
        "type": "Ambulatory health care services",
        "city": "oakville",
        "address": "",
        "outage_risk_score": 0.935,
        "solar_potential_score": 0.2,
        "facility_score": 0.5,
        "final_score": 56.91,
        "rank": 178,
        "solar_kwh_per_m2": 66.73
      }
    },
    {
      "type": "Feature",
      "geometry": {
        "type": "Point",
        "coordinates": [
          -79.763015,
          43.68816899999999
        ]
      },
      "properties": {
        "name": "regional municipality of peel \u0097 tall pines long term care centre",
        "type": "Nursing and residential care facilities",
        "city": "brampton",
        "address": "",
        "outage_risk_score": 0.744,
        "solar_potential_score": 0.2,
        "facility_score": 0.8,
        "final_score": 56.77,
        "rank": 179,
        "solar_kwh_per_m2": 66.73
      }
    },
    {
      "type": "Feature",
      "geometry": {
        "type": "Point",
        "coordinates": [
          -79.763015,
          43.68816899999999
        ]
      },
      "properties": {
        "name": "sienna senior living inc. \u0097 hawthorn woods care community",
        "type": "Nursing and residential care facilities",
        "city": "brampton",
        "address": "",
        "outage_risk_score": 0.744,
        "solar_potential_score": 0.2,
        "facility_score": 0.8,
        "final_score": 56.75,
        "rank": 180,
        "solar_kwh_per_m2": 66.73
      }
    },
    {
      "type": "Feature",
      "geometry": {
        "type": "Point",
        "coordinates": [
          -78.85972124,
          43.91235415
        ]
      },
      "properties": {
        "name": "chartwell centennial retirement residence",
        "type": "Nursing and residential care facilities",
        "city": "oshawa",
        "address": "",
        "outage_risk_score": 0.743,
        "solar_potential_score": 0.2,
        "facility_score": 0.8,
        "final_score": 56.73,
        "rank": 181,
        "solar_kwh_per_m2": 66.73
      }
    },
    {
      "type": "Feature",
      "geometry": {
        "type": "Point",
        "coordinates": [
          -79.68516326,
          43.45576294
        ]
      },
      "properties": {
        "name": "oakville kiwanis meals on wheels",
        "type": "Ambulatory health care services",
        "city": "oakville",
        "address": "",
        "outage_risk_score": 0.93,
        "solar_potential_score": 0.2,
        "facility_score": 0.5,
        "final_score": 56.69,
        "rank": 182,
        "solar_kwh_per_m2": 66.73
      }
    },
    {
      "type": "Feature",
      "geometry": {
        "type": "Point",
        "coordinates": [
          -79.7364305,
          43.72163358
        ]
      },
      "properties": {
        "name": "crescent hill place retirement",
        "type": "Nursing and residential care facilities",
        "city": "brampton",
        "address": "",
        "outage_risk_score": 0.742,
        "solar_potential_score": 0.2,
        "facility_score": 0.8,
        "final_score": 56.67,
        "rank": 183,
        "solar_kwh_per_m2": 66.73
      }
    },
    {
      "type": "Feature",
      "geometry": {
        "type": "Point",
        "coordinates": [
          -79.60303445,
          43.62129377
        ]
      },
      "properties": {
        "name": "dixie bloor neighbourhood drop-in centre",
        "type": "Ambulatory health care services",
        "city": "mississauga",
        "address": "",
        "outage_risk_score": 0.927,
        "solar_potential_score": 0.2,
        "facility_score": 0.5,
        "final_score": 56.58,
        "rank": 184,
        "solar_kwh_per_m2": 66.73
      }
    },
    {
      "type": "Feature",
      "geometry": {
        "type": "Point",
        "coordinates": [
          -79.7472506,
          43.69622638
        ]
      },
      "properties": {
        "name": "friends & advocates peel",
        "type": "Nursing and residential care facilities",
        "city": "brampton",
        "address": "",
        "outage_risk_score": 0.738,
        "solar_potential_score": 0.2,
        "facility_score": 0.8,
        "final_score": 56.52,
        "rank": 185,
        "solar_kwh_per_m2": 66.73
      }
    },
    {
      "type": "Feature",
      "geometry": {
        "type": "Point",
        "coordinates": [
          -79.79474219,
          43.35481671
        ]
      },
      "properties": {
        "name": "canadian red cross - halton branch",
        "type": "Ambulatory health care services",
        "city": "burlington",
        "address": "",
        "outage_risk_score": 0.924,
        "solar_potential_score": 0.2,
        "facility_score": 0.5,
        "final_score": 56.45,
        "rank": 186,
        "solar_kwh_per_m2": 66.73
      }
    },
    {
      "type": "Feature",
      "geometry": {
        "type": "Point",
        "coordinates": [
          -78.86653234,
          43.89821385
        ]
      },
      "properties": {
        "name": "canadian mental health association (cmha) durham",
        "type": "Nursing and residential care facilities",
        "city": "oshawa",
        "address": "",
        "outage_risk_score": 0.733,
        "solar_potential_score": 0.2,
        "facility_score": 0.8,
        "final_score": 56.32,
        "rank": 187,
        "solar_kwh_per_m2": 66.73
      }
    },
    {
      "type": "Feature",
      "geometry": {
        "type": "Point",
        "coordinates": [
          -79.6782414,
          43.444444
        ]
      },
      "properties": {
        "name": "oaklands regional centre",
        "type": null,
        "city": "oakville",
        "address": "53 bond st. oakville on l6k 1l8",
        "outage_risk_score": 0.918,
        "solar_potential_score": 0.2,
        "facility_score": 0.5,
        "final_score": 56.22,
        "rank": 188,
        "solar_kwh_per_m2": 66.73
      }
    },
    {
      "type": "Feature",
      "geometry": {
        "type": "Point",
        "coordinates": [
          -79.74182051,
          43.78734059
        ]
      },
      "properties": {
        "name": "the helping hand on rhapsody",
        "type": "Nursing and residential care facilities",
        "city": "brampton",
        "address": "",
        "outage_risk_score": 0.728,
        "solar_potential_score": 0.2,
        "facility_score": 0.8,
        "final_score": 56.12,
        "rank": 189,
        "solar_kwh_per_m2": 66.73
      }
    },
    {
      "type": "Feature",
      "geometry": {
        "type": "Point",
        "coordinates": [
          -78.86188844,
          43.89926785
        ]
      },
      "properties": {
        "name": "the carriage house retirement residence",
        "type": "Nursing and residential care facilities",
        "city": "oshawa",
        "address": "",
        "outage_risk_score": 0.728,
        "solar_potential_score": 0.2,
        "facility_score": 0.8,
        "final_score": 56.11,
        "rank": 190,
        "solar_kwh_per_m2": 66.73
      }
    },
    {
      "type": "Feature",
      "geometry": {
        "type": "Point",
        "coordinates": [
          -78.8635999,
          43.8975974
        ]
      },
      "properties": {
        "name": "revera inc. \u0097 thorntonview",
        "type": "Nursing and residential care facilities",
        "city": "oshawa",
        "address": "",
        "outage_risk_score": 0.727,
        "solar_potential_score": 0.2,
        "facility_score": 0.8,
        "final_score": 56.07,
        "rank": 191,
        "solar_kwh_per_m2": 66.73
      }
    },
    {
      "type": "Feature",
      "geometry": {
        "type": "Point",
        "coordinates": [
          -79.63634556,
          43.59177946
        ]
      },
      "properties": {
        "name": "canadian national institute for the blind (the) - halton-peel",
        "type": "Ambulatory health care services",
        "city": "mississauga",
        "address": "",
        "outage_risk_score": 0.912,
        "solar_potential_score": 0.2,
        "facility_score": 0.5,
        "final_score": 55.99,
        "rank": 192,
        "solar_kwh_per_m2": 66.73
      }
    },
    {
      "type": "Feature",
      "geometry": {
        "type": "Point",
        "coordinates": [
          -79.62437147,
          43.71847959
        ]
      },
      "properties": {
        "name": "malton village long term care centre",
        "type": "Nursing and residential care facilities",
        "city": "mississauga",
        "address": "",
        "outage_risk_score": 0.899,
        "solar_potential_score": 0.001,
        "facility_score": 0.8,
        "final_score": 55.98,
        "rank": 193,
        "solar_kwh_per_m2": 73.24
      }
    },
    {
      "type": "Feature",
      "geometry": {
        "type": "Point",
        "coordinates": [
          -79.69712876,
          43.40493173
        ]
      },
      "properties": {
        "name": "oakville wheels to meals",
        "type": "Ambulatory health care services",
        "city": "oakville",
        "address": "",
        "outage_risk_score": 0.912,
        "solar_potential_score": 0.2,
        "facility_score": 0.5,
        "final_score": 55.97,
        "rank": 194,
        "solar_kwh_per_m2": 66.73
      }
    },
    {
      "type": "Feature",
      "geometry": {
        "type": "Point",
        "coordinates": [
          -79.7554343,
          43.66526317
        ]
      },
      "properties": {
        "name": "imo's sunnyside home",
        "type": "Nursing and residential care facilities",
        "city": "brampton",
        "address": "",
        "outage_risk_score": 0.722,
        "solar_potential_score": 0.2,
        "facility_score": 0.8,
        "final_score": 55.89,
        "rank": 195,
        "solar_kwh_per_m2": 66.73
      }
    },
    {
      "type": "Feature",
      "geometry": {
        "type": "Point",
        "coordinates": [
          -79.763015,
          43.68816899999999
        ]
      },
      "properties": {
        "name": "sienna senior living inc. \u0097 woodhall park care community",
        "type": "Nursing and residential care facilities",
        "city": "brampton",
        "address": "",
        "outage_risk_score": 0.72,
        "solar_potential_score": 0.2,
        "facility_score": 0.8,
        "final_score": 55.8,
        "rank": 196,
        "solar_kwh_per_m2": 66.73
      }
    },
    {
      "type": "Feature",
      "geometry": {
        "type": "Point",
        "coordinates": [
          -79.684402,
          43.542555
        ]
      },
      "properties": {
        "name": "city of mississauga -the next step to active living program",
        "type": "Ambulatory health care services",
        "city": "mississauga",
        "address": "",
        "outage_risk_score": 0.902,
        "solar_potential_score": 0.2,
        "facility_score": 0.5,
        "final_score": 55.56,
        "rank": 197,
        "solar_kwh_per_m2": 66.73
      }
    },
    {
      "type": "Feature",
      "geometry": {
        "type": "Point",
        "coordinates": [
          -79.72630969,
          43.65860057
        ]
      },
      "properties": {
        "name": "canadian mental health association (cmha) peel dufferin branch",
        "type": "Nursing and residential care facilities",
        "city": "brampton",
        "address": "",
        "outage_risk_score": 0.714,
        "solar_potential_score": 0.2,
        "facility_score": 0.8,
        "final_score": 55.54,
        "rank": 198,
        "solar_kwh_per_m2": 66.73
      }
    },
    {
      "type": "Feature",
      "geometry": {
        "type": "Point",
        "coordinates": [
          -79.68396367,
          43.54312435
        ]
      },
      "properties": {
        "name": "the canadian hearing society - peel/waterloo region",
        "type": "Ambulatory health care services",
        "city": "mississauga",
        "address": "",
        "outage_risk_score": 0.901,
        "solar_potential_score": 0.2,
        "facility_score": 0.5,
        "final_score": 55.52,
        "rank": 199,
        "solar_kwh_per_m2": 66.73
      }
    },
    {
      "type": "Feature",
      "geometry": {
        "type": "Point",
        "coordinates": [
          -79.70554618,
          43.55907115
        ]
      },
      "properties": {
        "name": "credit valley family health team",
        "type": "Ambulatory health care services",
        "city": "mississauga",
        "address": "",
        "outage_risk_score": 0.9,
        "solar_potential_score": 0.2,
        "facility_score": 0.5,
        "final_score": 55.52,
        "rank": 200,
        "solar_kwh_per_m2": 66.73
      }
    },
    {
      "type": "Feature",
      "geometry": {
        "type": "Point",
        "coordinates": [
          -79.7413989,
          43.65401717
        ]
      },
      "properties": {
        "name": "faith manor nursing home",
        "type": "Nursing and residential care facilities",
        "city": "brampton",
        "address": "",
        "outage_risk_score": 0.713,
        "solar_potential_score": 0.2,
        "facility_score": 0.8,
        "final_score": 55.51,
        "rank": 201,
        "solar_kwh_per_m2": 66.73
      }
    },
    {
      "type": "Feature",
      "geometry": {
        "type": "Point",
        "coordinates": [
          -79.63297036,
          43.59702356
        ]
      },
      "properties": {
        "name": "peel halton dufferin acquired brain injury services",
        "type": "Ambulatory health care services",
        "city": "mississauga",
        "address": "",
        "outage_risk_score": 0.897,
        "solar_potential_score": 0.2,
        "facility_score": 0.5,
        "final_score": 55.37,
        "rank": 202,
        "solar_kwh_per_m2": 66.73
      }
    },
    {
      "type": "Feature",
      "geometry": {
        "type": "Point",
        "coordinates": [
          -79.853595,
          43.3071135
        ]
      },
      "properties": {
        "name": "participation house - hamilton and district",
        "type": "Ambulatory health care services",
        "city": "burlington",
        "address": "",
        "outage_risk_score": 0.895,
        "solar_potential_score": 0.2,
        "facility_score": 0.5,
        "final_score": 55.29,
        "rank": 203,
        "solar_kwh_per_m2": 66.73
      }
    },
    {
      "type": "Feature",
      "geometry": {
        "type": "Point",
        "coordinates": [
          -79.68270717,
          43.52662255
        ]
      },
      "properties": {
        "name": "canadian red cross - peel branch",
        "type": "Ambulatory health care services",
        "city": "mississauga",
        "address": "",
        "outage_risk_score": 0.892,
        "solar_potential_score": 0.2,
        "facility_score": 0.5,
        "final_score": 55.19,
        "rank": 204,
        "solar_kwh_per_m2": 66.73
      }
    },
    {
      "type": "Feature",
      "geometry": {
        "type": "Point",
        "coordinates": [
          -78.86330374,
          43.91384855
        ]
      },
      "properties": {
        "name": "hillsdale estates",
        "type": "Nursing and residential care facilities",
        "city": "oshawa",
        "address": "",
        "outage_risk_score": 0.704,
        "solar_potential_score": 0.2,
        "facility_score": 0.8,
        "final_score": 55.18,
        "rank": 205,
        "solar_kwh_per_m2": 66.73
      }
    },
    {
      "type": "Feature",
      "geometry": {
        "type": "Point",
        "coordinates": [
          -79.78407931,
          43.68078827
        ]
      },
      "properties": {
        "name": "red maple assistive living",
        "type": "Nursing and residential care facilities",
        "city": "brampton",
        "address": "",
        "outage_risk_score": 0.703,
        "solar_potential_score": 0.2,
        "facility_score": 0.8,
        "final_score": 55.12,
        "rank": 206,
        "solar_kwh_per_m2": 66.73
      }
    },
    {
      "type": "Feature",
      "geometry": {
        "type": "Point",
        "coordinates": [
          -79.03228419,
          43.84185373
        ]
      },
      "properties": {
        "name": "the youth centre",
        "type": "Hospitals",
        "city": "ajax",
        "address": "",
        "outage_risk_score": 0.578,
        "solar_potential_score": 0.2,
        "facility_score": 1.0,
        "final_score": 55.12,
        "rank": 207,
        "solar_kwh_per_m2": 66.73
      }
    },
    {
      "type": "Feature",
      "geometry": {
        "type": "Point",
        "coordinates": [
          -79.0444691,
          43.87711914
        ]
      },
      "properties": {
        "name": "winbourne park",
        "type": "Nursing and residential care facilities",
        "city": "ajax",
        "address": "",
        "outage_risk_score": 0.698,
        "solar_potential_score": 0.2,
        "facility_score": 0.8,
        "final_score": 54.93,
        "rank": 208,
        "solar_kwh_per_m2": 66.73
      }
    },
    {
      "type": "Feature",
      "geometry": {
        "type": "Point",
        "coordinates": [
          -79.68613508,
          43.66503417
        ]
      },
      "properties": {
        "name": "services and housing in the province (ship) - css",
        "type": "Ambulatory health care services",
        "city": "mississauga",
        "address": "",
        "outage_risk_score": 0.884,
        "solar_potential_score": 0.2,
        "facility_score": 0.5,
        "final_score": 54.85,
        "rank": 209,
        "solar_kwh_per_m2": 66.73
      }
    },
    {
      "type": "Feature",
      "geometry": {
        "type": "Point",
        "coordinates": [
          -79.72630969,
          43.65860057
        ]
      },
      "properties": {
        "name": "family association for mental health everywhere (fame)",
        "type": "Nursing and residential care facilities",
        "city": "brampton",
        "address": "",
        "outage_risk_score": 0.694,
        "solar_potential_score": 0.2,
        "facility_score": 0.8,
        "final_score": 54.75,
        "rank": 210,
        "solar_kwh_per_m2": 66.73
      }
    },
    {
      "type": "Feature",
      "geometry": {
        "type": "Point",
        "coordinates": [
          -78.83499383,
          43.94184456
        ]
      },
      "properties": {
        "name": "harmony hill retirement community",
        "type": "Nursing and residential care facilities",
        "city": "oshawa",
        "address": "",
        "outage_risk_score": 0.691,
        "solar_potential_score": 0.2,
        "facility_score": 0.8,
        "final_score": 54.64,
        "rank": 211,
        "solar_kwh_per_m2": 66.73
      }
    },
    {
      "type": "Feature",
      "geometry": {
        "type": "Point",
        "coordinates": [
          -79.79769042,
          43.69601307
        ]
      },
      "properties": {
        "name": "estherville manor",
        "type": "Nursing and residential care facilities",
        "city": "brampton",
        "address": "",
        "outage_risk_score": 0.69,
        "solar_potential_score": 0.2,
        "facility_score": 0.8,
        "final_score": 54.58,
        "rank": 212,
        "solar_kwh_per_m2": 66.73
      }
    },
    {
      "type": "Feature",
      "geometry": {
        "type": "Point",
        "coordinates": [
          -79.0176886,
          43.8376718
        ]
      },
      "properties": {
        "name": "lakeridge health - ajax",
        "type": "Hospitals",
        "city": "ajax",
        "address": "",
        "outage_risk_score": 0.563,
        "solar_potential_score": 0.2,
        "facility_score": 1.0,
        "final_score": 54.51,
        "rank": 213,
        "solar_kwh_per_m2": 66.73
      }
    },
    {
      "type": "Feature",
      "geometry": {
        "type": "Point",
        "coordinates": [
          -79.64556487,
          43.63071277
        ]
      },
      "properties": {
        "name": "hearthouse hospice inc.",
        "type": "Ambulatory health care services",
        "city": "mississauga",
        "address": "",
        "outage_risk_score": 0.872,
        "solar_potential_score": 0.2,
        "facility_score": 0.5,
        "final_score": 54.4,
        "rank": 214,
        "solar_kwh_per_m2": 66.73
      }
    },
    {
      "type": "Feature",
      "geometry": {
        "type": "Point",
        "coordinates": [
          -79.78458289,
          43.35405261
        ]
      },
      "properties": {
        "name": "halton region health department",
        "type": "Ambulatory health care services",
        "city": "burlington",
        "address": "",
        "outage_risk_score": 0.872,
        "solar_potential_score": 0.2,
        "facility_score": 0.5,
        "final_score": 54.39,
        "rank": 215,
        "solar_kwh_per_m2": 66.73
      }
    },
    {
      "type": "Feature",
      "geometry": {
        "type": "Point",
        "coordinates": [
          -79.75483001,
          43.75771219
        ]
      },
      "properties": {
        "name": "maple grove care community",
        "type": "Nursing and residential care facilities",
        "city": "brampton",
        "address": "",
        "outage_risk_score": 0.683,
        "solar_potential_score": 0.2,
        "facility_score": 0.8,
        "final_score": 54.31,
        "rank": 216,
        "solar_kwh_per_m2": 66.73
      }
    },
    {
      "type": "Feature",
      "geometry": {
        "type": "Point",
        "coordinates": [
          -79.58102284,
          43.56089946
        ]
      },
      "properties": {
        "name": "alzheimer society peel",
        "type": "Ambulatory health care services",
        "city": "mississauga",
        "address": "",
        "outage_risk_score": 0.868,
        "solar_potential_score": 0.2,
        "facility_score": 0.5,
        "final_score": 54.23,
        "rank": 217,
        "solar_kwh_per_m2": 66.73
      }
    },
    {
      "type": "Feature",
      "geometry": {
        "type": "Point",
        "coordinates": [
          -79.78370712,
          43.72036028
        ]
      },
      "properties": {
        "name": "woodhall park care community",
        "type": "Nursing and residential care facilities",
        "city": "brampton",
        "address": "",
        "outage_risk_score": 0.68,
        "solar_potential_score": 0.2,
        "facility_score": 0.8,
        "final_score": 54.18,
        "rank": 218,
        "solar_kwh_per_m2": 66.73
      }
    },
    {
      "type": "Feature",
      "geometry": {
        "type": "Point",
        "coordinates": [
          -79.7414379,
          43.65294337
        ]
      },
      "properties": {
        "name": "grace manor",
        "type": "Nursing and residential care facilities",
        "city": "brampton",
        "address": "",
        "outage_risk_score": 0.677,
        "solar_potential_score": 0.2,
        "facility_score": 0.8,
        "final_score": 54.08,
        "rank": 219,
        "solar_kwh_per_m2": 66.73
      }
    },
    {
      "type": "Feature",
      "geometry": {
        "type": "Point",
        "coordinates": [
          -79.74244701,
          43.75057309
        ]
      },
      "properties": {
        "name": "tall pines long term care centre",
        "type": "Nursing and residential care facilities",
        "city": "brampton",
        "address": "",
        "outage_risk_score": 0.677,
        "solar_potential_score": 0.2,
        "facility_score": 0.8,
        "final_score": 54.07,
        "rank": 220,
        "solar_kwh_per_m2": 66.73
      }
    },
    {
      "type": "Feature",
      "geometry": {
        "type": "Point",
        "coordinates": [
          -78.947981,
          43.849046
        ]
      },
      "properties": {
        "name": "ontario shores centre for mental health sciences",
        "type": "Hospitals",
        "city": "whitby",
        "address": "700 gordon st. whitby on l1n 5s9",
        "outage_risk_score": 0.549,
        "solar_potential_score": 0.2,
        "facility_score": 1.0,
        "final_score": 53.97,
        "rank": 221,
        "solar_kwh_per_m2": 66.73
      }
    },
    {
      "type": "Feature",
      "geometry": {
        "type": "Point",
        "coordinates": [
          -78.8635999,
          43.8975974
        ]
      },
      "properties": {
        "name": "region of durham \u0097 hillsdale terraces",
        "type": "Nursing and residential care facilities",
        "city": "oshawa",
        "address": "",
        "outage_risk_score": 0.673,
        "solar_potential_score": 0.2,
        "facility_score": 0.8,
        "final_score": 53.93,
        "rank": 222,
        "solar_kwh_per_m2": 66.73
      }
    },
    {
      "type": "Feature",
      "geometry": {
        "type": "Point",
        "coordinates": [
          -78.944334,
          43.856003
        ]
      },
      "properties": {
        "name": "lakeridge health - whitby",
        "type": "Hospitals",
        "city": "whitby",
        "address": "300 gordon st. whitby on l1n 5t2",
        "outage_risk_score": 0.544,
        "solar_potential_score": 0.2,
        "facility_score": 1.0,
        "final_score": 53.76,
        "rank": 223,
        "solar_kwh_per_m2": 66.73
      }
    },
    {
      "type": "Feature",
      "geometry": {
        "type": "Point",
        "coordinates": [
          -79.61082055,
          43.57213966
        ]
      },
      "properties": {
        "name": "summerville fht",
        "type": "Ambulatory health care services",
        "city": "mississauga",
        "address": "",
        "outage_risk_score": 0.856,
        "solar_potential_score": 0.2,
        "facility_score": 0.5,
        "final_score": 53.73,
        "rank": 224,
        "solar_kwh_per_m2": 66.73
      }
    },
    {
      "type": "Feature",
      "geometry": {
        "type": "Point",
        "coordinates": [
          -78.8922213,
          43.8859505
        ]
      },
      "properties": {
        "name": "thorntonview",
        "type": "Nursing and residential care facilities",
        "city": "oshawa",
        "address": "",
        "outage_risk_score": 0.667,
        "solar_potential_score": 0.2,
        "facility_score": 0.8,
        "final_score": 53.68,
        "rank": 225,
        "solar_kwh_per_m2": 66.73
      }
    },
    {
      "type": "Feature",
      "geometry": {
        "type": "Point",
        "coordinates": [
          -79.63634556,
          43.59177946
        ]
      },
      "properties": {
        "name": "peel senior link",
        "type": "Ambulatory health care services",
        "city": "mississauga",
        "address": "",
        "outage_risk_score": 0.853,
        "solar_potential_score": 0.2,
        "facility_score": 0.5,
        "final_score": 53.6,
        "rank": 226,
        "solar_kwh_per_m2": 66.73
      }
    },
    {
      "type": "Feature",
      "geometry": {
        "type": "Point",
        "coordinates": [
          -79.0259267,
          43.8611288
        ]
      },
      "properties": {
        "name": "revera inc. \u0097 winbourne park",
        "type": "Nursing and residential care facilities",
        "city": "ajax",
        "address": "",
        "outage_risk_score": 0.664,
        "solar_potential_score": 0.2,
        "facility_score": 0.8,
        "final_score": 53.55,
        "rank": 227,
        "solar_kwh_per_m2": 66.73
      }
    },
    {
      "type": "Feature",
      "geometry": {
        "type": "Point",
        "coordinates": [
          -79.02534179,
          43.85095764
        ]
      },
      "properties": {
        "name": "chartwell ballycliffe long term care residence",
        "type": "Nursing and residential care facilities",
        "city": "ajax",
        "address": "",
        "outage_risk_score": 0.662,
        "solar_potential_score": 0.2,
        "facility_score": 0.8,
        "final_score": 53.48,
        "rank": 228,
        "solar_kwh_per_m2": 66.73
      }
    },
    {
      "type": "Feature",
      "geometry": {
        "type": "Point",
        "coordinates": [
          -79.75315951,
          43.69196857
        ]
      },
      "properties": {
        "name": "north peel fht",
        "type": "Ambulatory health care services",
        "city": "brampton",
        "address": "",
        "outage_risk_score": 0.849,
        "solar_potential_score": 0.2,
        "facility_score": 0.5,
        "final_score": 53.47,
        "rank": 229,
        "solar_kwh_per_m2": 66.73
      }
    },
    {
      "type": "Feature",
      "geometry": {
        "type": "Point",
        "coordinates": [
          -79.7413989,
          43.65401717
        ]
      },
      "properties": {
        "name": "holland christian homes",
        "type": "Ambulatory health care services",
        "city": "brampton",
        "address": "",
        "outage_risk_score": 0.846,
        "solar_potential_score": 0.2,
        "facility_score": 0.5,
        "final_score": 53.35,
        "rank": 230,
        "solar_kwh_per_m2": 66.73
      }
    },
    {
      "type": "Feature",
      "geometry": {
        "type": "Point",
        "coordinates": [
          -78.95242597,
          43.87862154
        ]
      },
      "properties": {
        "name": "lakeridge health corporation",
        "type": "Nursing and residential care facilities",
        "city": "whitby",
        "address": "",
        "outage_risk_score": 0.658,
        "solar_potential_score": 0.2,
        "facility_score": 0.8,
        "final_score": 53.32,
        "rank": 231,
        "solar_kwh_per_m2": 66.73
      }
    },
    {
      "type": "Feature",
      "geometry": {
        "type": "Point",
        "coordinates": [
          -79.77137851,
          43.69503067
        ]
      },
      "properties": {
        "name": "queen square fht",
        "type": "Ambulatory health care services",
        "city": "brampton",
        "address": "",
        "outage_risk_score": 0.844,
        "solar_potential_score": 0.2,
        "facility_score": 0.5,
        "final_score": 53.25,
        "rank": 232,
        "solar_kwh_per_m2": 66.73
      }
    },
    {
      "type": "Feature",
      "geometry": {
        "type": "Point",
        "coordinates": [
          -79.65063147,
          43.61192657
        ]
      },
      "properties": {
        "name": "forum italia community services - micba",
        "type": "Ambulatory health care services",
        "city": "mississauga",
        "address": "",
        "outage_risk_score": 0.84,
        "solar_potential_score": 0.2,
        "facility_score": 0.5,
        "final_score": 53.08,
        "rank": 233,
        "solar_kwh_per_m2": 66.73
      }
    },
    {
      "type": "Feature",
      "geometry": {
        "type": "Point",
        "coordinates": [
          -79.6521369,
          43.7102895
        ]
      },
      "properties": {
        "name": "punjabi community health services",
        "type": "Ambulatory health care services",
        "city": "mississauga",
        "address": "",
        "outage_risk_score": 0.836,
        "solar_potential_score": 0.2,
        "facility_score": 0.5,
        "final_score": 52.92,
        "rank": 234,
        "solar_kwh_per_m2": 66.73
      }
    },
    {
      "type": "Feature",
      "geometry": {
        "type": "Point",
        "coordinates": [
          -78.8635999,
          43.8975974
        ]
      },
      "properties": {
        "name": "chartwell retirement residences \u0097 the wynfield",
        "type": "Nursing and residential care facilities",
        "city": "oshawa",
        "address": "",
        "outage_risk_score": 0.645,
        "solar_potential_score": 0.2,
        "facility_score": 0.8,
        "final_score": 52.81,
        "rank": 235,
        "solar_kwh_per_m2": 66.73
      }
    },
    {
      "type": "Feature",
      "geometry": {
        "type": "Point",
        "coordinates": [
          -79.62142035,
          43.51334465
        ]
      },
      "properties": {
        "name": "wawel villa incorporated",
        "type": "Ambulatory health care services",
        "city": "mississauga",
        "address": "",
        "outage_risk_score": 0.828,
        "solar_potential_score": 0.2,
        "facility_score": 0.5,
        "final_score": 52.62,
        "rank": 236,
        "solar_kwh_per_m2": 66.73
      }
    },
    {
      "type": "Feature",
      "geometry": {
        "type": "Point",
        "coordinates": [
          -79.75928921,
          43.68689667
        ]
      },
      "properties": {
        "name": "united achievers community services",
        "type": "Ambulatory health care services",
        "city": "brampton",
        "address": "",
        "outage_risk_score": 0.828,
        "solar_potential_score": 0.2,
        "facility_score": 0.5,
        "final_score": 52.6,
        "rank": 237,
        "solar_kwh_per_m2": 66.73
      }
    },
    {
      "type": "Feature",
      "geometry": {
        "type": "Point",
        "coordinates": [
          -79.61814785,
          43.58101986
        ]
      },
      "properties": {
        "name": "india rainbow community services of peel",
        "type": "Ambulatory health care services",
        "city": "mississauga",
        "address": "",
        "outage_risk_score": 0.825,
        "solar_potential_score": 0.2,
        "facility_score": 0.5,
        "final_score": 52.5,
        "rank": 238,
        "solar_kwh_per_m2": 66.73
      }
    },
    {
      "type": "Feature",
      "geometry": {
        "type": "Point",
        "coordinates": [
          -79.02835469,
          43.86504834
        ]
      },
      "properties": {
        "name": "chartwell harwood retirement residences",
        "type": "Nursing and residential care facilities",
        "city": "ajax",
        "address": "",
        "outage_risk_score": 0.638,
        "solar_potential_score": 0.2,
        "facility_score": 0.8,
        "final_score": 52.5,
        "rank": 239,
        "solar_kwh_per_m2": 66.73
      }
    },
    {
      "type": "Feature",
      "geometry": {
        "type": "Point",
        "coordinates": [
          -79.0441159,
          43.87634744
        ]
      },
      "properties": {
        "name": "westney gardens",
        "type": "Nursing and residential care facilities",
        "city": "ajax",
        "address": "",
        "outage_risk_score": 0.632,
        "solar_potential_score": 0.2,
        "facility_score": 0.8,
        "final_score": 52.28,
        "rank": 240,
        "solar_kwh_per_m2": 66.73
      }
    },
    {
      "type": "Feature",
      "geometry": {
        "type": "Point",
        "coordinates": [
          -78.96236807,
          43.91091175
        ]
      },
      "properties": {
        "name": "lynde creek manor",
        "type": "Nursing and residential care facilities",
        "city": "whitby",
        "address": "",
        "outage_risk_score": 0.631,
        "solar_potential_score": 0.2,
        "facility_score": 0.8,
        "final_score": 52.23,
        "rank": 241,
        "solar_kwh_per_m2": 66.73
      }
    },
    {
      "type": "Feature",
      "geometry": {
        "type": "Point",
        "coordinates": [
          -78.91455045,
          43.88199115
        ]
      },
      "properties": {
        "name": "durham mental health services",
        "type": "Nursing and residential care facilities",
        "city": "whitby",
        "address": "",
        "outage_risk_score": 0.629,
        "solar_potential_score": 0.2,
        "facility_score": 0.8,
        "final_score": 52.17,
        "rank": 242,
        "solar_kwh_per_m2": 66.73
      }
    },
    {
      "type": "Feature",
      "geometry": {
        "type": "Point",
        "coordinates": [
          -78.87369675,
          43.94642766
        ]
      },
      "properties": {
        "name": "chartwell wynfield retirement residence",
        "type": "Nursing and residential care facilities",
        "city": "oshawa",
        "address": "",
        "outage_risk_score": 0.628,
        "solar_potential_score": 0.2,
        "facility_score": 0.8,
        "final_score": 52.13,
        "rank": 243,
        "solar_kwh_per_m2": 66.73
      }
    },
    {
      "type": "Feature",
      "geometry": {
        "type": "Point",
        "coordinates": [
          -78.94221856,
          43.90290315
        ]
      },
      "properties": {
        "name": "amica at whitby",
        "type": "Nursing and residential care facilities",
        "city": "whitby",
        "address": "",
        "outage_risk_score": 0.628,
        "solar_potential_score": 0.2,
        "facility_score": 0.8,
        "final_score": 52.1,
        "rank": 244,
        "solar_kwh_per_m2": 66.73
      }
    },
    {
      "type": "Feature",
      "geometry": {
        "type": "Point",
        "coordinates": [
          -78.9400809,
          43.8997643
        ]
      },
      "properties": {
        "name": "region of durham \u0097 fairview lodge",
        "type": "Nursing and residential care facilities",
        "city": "whitby",
        "address": "",
        "outage_risk_score": 0.626,
        "solar_potential_score": 0.2,
        "facility_score": 0.8,
        "final_score": 52.04,
        "rank": 245,
        "solar_kwh_per_m2": 66.73
      }
    },
    {
      "type": "Feature",
      "geometry": {
        "type": "Point",
        "coordinates": [
          -79.68396367,
          43.54312435
        ]
      },
      "properties": {
        "name": "march of dimes canada - peel",
        "type": "Ambulatory health care services",
        "city": "mississauga",
        "address": "",
        "outage_risk_score": 0.81,
        "solar_potential_score": 0.2,
        "facility_score": 0.5,
        "final_score": 51.88,
        "rank": 246,
        "solar_kwh_per_m2": 66.73
      }
    },
    {
      "type": "Feature",
      "geometry": {
        "type": "Point",
        "coordinates": [
          -79.68690548,
          43.60476896
        ]
      },
      "properties": {
        "name": "yee hong centre for geriatric care",
        "type": "Ambulatory health care services",
        "city": "mississauga",
        "address": "",
        "outage_risk_score": 0.809,
        "solar_potential_score": 0.2,
        "facility_score": 0.5,
        "final_score": 51.85,
        "rank": 247,
        "solar_kwh_per_m2": 66.73
      }
    },
    {
      "type": "Feature",
      "geometry": {
        "type": "Point",
        "coordinates": [
          -79.72121679,
          43.66084217
        ]
      },
      "properties": {
        "name": "central west local health integration network",
        "type": "Ambulatory health care services",
        "city": "brampton",
        "address": "",
        "outage_risk_score": 0.8,
        "solar_potential_score": 0.2,
        "facility_score": 0.5,
        "final_score": 51.48,
        "rank": 248,
        "solar_kwh_per_m2": 66.73
      }
    },
    {
      "type": "Feature",
      "geometry": {
        "type": "Point",
        "coordinates": [
          -79.7120768,
          43.72807748
        ]
      },
      "properties": {
        "name": "wellfort community health services (css)",
        "type": "Ambulatory health care services",
        "city": "brampton",
        "address": "",
        "outage_risk_score": 0.797,
        "solar_potential_score": 0.2,
        "facility_score": 0.5,
        "final_score": 51.38,
        "rank": 249,
        "solar_kwh_per_m2": 66.73
      }
    },
    {
      "type": "Feature",
      "geometry": {
        "type": "Point",
        "coordinates": [
          -79.72121679,
          43.66084217
        ]
      },
      "properties": {
        "name": "central west community care access centre (css)",
        "type": "Ambulatory health care services",
        "city": "brampton",
        "address": "",
        "outage_risk_score": 0.794,
        "solar_potential_score": 0.2,
        "facility_score": 0.5,
        "final_score": 51.27,
        "rank": 250,
        "solar_kwh_per_m2": 66.73
      }
    },
    {
      "type": "Feature",
      "geometry": {
        "type": "Point",
        "coordinates": [
          -78.86454214,
          43.91500165
        ]
      },
      "properties": {
        "name": "hillsdale terraces",
        "type": "Nursing and residential care facilities",
        "city": "oshawa",
        "address": "",
        "outage_risk_score": 0.604,
        "solar_potential_score": 0.2,
        "facility_score": 0.8,
        "final_score": 51.18,
        "rank": 251,
        "solar_kwh_per_m2": 66.73
      }
    },
    {
      "type": "Feature",
      "geometry": {
        "type": "Point",
        "coordinates": [
          -79.72121679,
          43.66084217
        ]
      },
      "properties": {
        "name": "central west local health integration network (lhin op)",
        "type": "Ambulatory health care services",
        "city": "brampton",
        "address": "",
        "outage_risk_score": 0.786,
        "solar_potential_score": 0.2,
        "facility_score": 0.5,
        "final_score": 50.92,
        "rank": 252,
        "solar_kwh_per_m2": 66.73
      }
    },
    {
      "type": "Feature",
      "geometry": {
        "type": "Point",
        "coordinates": [
          -78.83985223,
          43.90261095
        ]
      },
      "properties": {
        "name": "cedarcroft place",
        "type": "Nursing and residential care facilities",
        "city": "oshawa",
        "address": "",
        "outage_risk_score": 0.597,
        "solar_potential_score": 0.2,
        "facility_score": 0.8,
        "final_score": 50.89,
        "rank": 253,
        "solar_kwh_per_m2": 66.73
      }
    },
    {
      "type": "Feature",
      "geometry": {
        "type": "Point",
        "coordinates": [
          -78.94637257,
          43.89217885
        ]
      },
      "properties": {
        "name": "chartwell colonial retirement residence",
        "type": "Nursing and residential care facilities",
        "city": "whitby",
        "address": "",
        "outage_risk_score": 0.596,
        "solar_potential_score": 0.2,
        "facility_score": 0.8,
        "final_score": 50.82,
        "rank": 254,
        "solar_kwh_per_m2": 66.73
      }
    },
    {
      "type": "Feature",
      "geometry": {
        "type": "Point",
        "coordinates": [
          -78.81017172,
          43.89015215
        ]
      },
      "properties": {
        "name": "traditions of durham retirement residence",
        "type": "Nursing and residential care facilities",
        "city": "oshawa",
        "address": "",
        "outage_risk_score": 0.594,
        "solar_potential_score": 0.2,
        "facility_score": 0.8,
        "final_score": 50.78,
        "rank": 255,
        "solar_kwh_per_m2": 66.73
      }
    },
    {
      "type": "Feature",
      "geometry": {
        "type": "Point",
        "coordinates": [
          -78.9400809,
          43.8997643
        ]
      },
      "properties": {
        "name": "region of durham \u0097 hillsdale estates",
        "type": "Nursing and residential care facilities",
        "city": "whitby",
        "address": "",
        "outage_risk_score": 0.57,
        "solar_potential_score": 0.2,
        "facility_score": 0.8,
        "final_score": 49.82,
        "rank": 256,
        "solar_kwh_per_m2": 66.73
      }
    },
    {
      "type": "Feature",
      "geometry": {
        "type": "Point",
        "coordinates": [
          -79.76772121,
          43.69234697
        ]
      },
      "properties": {
        "name": "central brampton family health team",
        "type": "Ambulatory health care services",
        "city": "brampton",
        "address": "",
        "outage_risk_score": 0.757,
        "solar_potential_score": 0.2,
        "facility_score": 0.5,
        "final_score": 49.8,
        "rank": 257,
        "solar_kwh_per_m2": 66.73
      }
    },
    {
      "type": "Feature",
      "geometry": {
        "type": "Point",
        "coordinates": [
          -78.91437355,
          43.87165105
        ]
      },
      "properties": {
        "name": "community care durham",
        "type": "Nursing and residential care facilities",
        "city": "whitby",
        "address": "",
        "outage_risk_score": 0.568,
        "solar_potential_score": 0.2,
        "facility_score": 0.8,
        "final_score": 49.72,
        "rank": 258,
        "solar_kwh_per_m2": 66.73
      }
    },
    {
      "type": "Feature",
      "geometry": {
        "type": "Point",
        "coordinates": [
          -78.86343644,
          43.89348755
        ]
      },
      "properties": {
        "name": "oshawa senior citizens centre- john & northview branch",
        "type": "Ambulatory health care services",
        "city": "oshawa",
        "address": "",
        "outage_risk_score": 0.752,
        "solar_potential_score": 0.2,
        "facility_score": 0.5,
        "final_score": 49.6,
        "rank": 259,
        "solar_kwh_per_m2": 66.73
      }
    },
    {
      "type": "Feature",
      "geometry": {
        "type": "Point",
        "coordinates": [
          -79.74302421,
          43.74730468
        ]
      },
      "properties": {
        "name": "william osler health centre - css",
        "type": "Ambulatory health care services",
        "city": "brampton",
        "address": "",
        "outage_risk_score": 0.751,
        "solar_potential_score": 0.2,
        "facility_score": 0.5,
        "final_score": 49.55,
        "rank": 260,
        "solar_kwh_per_m2": 66.73
      }
    },
    {
      "type": "Feature",
      "geometry": {
        "type": "Point",
        "coordinates": [
          -78.9400809,
          43.8997643
        ]
      },
      "properties": {
        "name": "schlegel villages \u0097 the village of taunton mills",
        "type": "Nursing and residential care facilities",
        "city": "whitby",
        "address": "",
        "outage_risk_score": 0.559,
        "solar_potential_score": 0.2,
        "facility_score": 0.8,
        "final_score": 49.34,
        "rank": 261,
        "solar_kwh_per_m2": 66.73
      }
    },
    {
      "type": "Feature",
      "geometry": {
        "type": "Point",
        "coordinates": [
          -79.0259267,
          43.8611288
        ]
      },
      "properties": {
        "name": "chartwell retirement residences \u0097 ballycliffe lodge nursing home",
        "type": "Nursing and residential care facilities",
        "city": "ajax",
        "address": "",
        "outage_risk_score": 0.556,
        "solar_potential_score": 0.2,
        "facility_score": 0.8,
        "final_score": 49.25,
        "rank": 262,
        "solar_kwh_per_m2": 66.73
      }
    },
    {
      "type": "Feature",
      "geometry": {
        "type": "Point",
        "coordinates": [
          -78.86653234,
          43.89821385
        ]
      },
      "properties": {
        "name": "canadian mental health association - durham (css)",
        "type": "Ambulatory health care services",
        "city": "oshawa",
        "address": "",
        "outage_risk_score": 0.731,
        "solar_potential_score": 0.2,
        "facility_score": 0.5,
        "final_score": 48.72,
        "rank": 263,
        "solar_kwh_per_m2": 66.73
      }
    },
    {
      "type": "Feature",
      "geometry": {
        "type": "Point",
        "coordinates": [
          -78.91099185,
          43.88470215
        ]
      },
      "properties": {
        "name": "victorian order of nurses (von) canada - ontario branch",
        "type": "Nursing and residential care facilities",
        "city": "whitby",
        "address": "",
        "outage_risk_score": 0.541,
        "solar_potential_score": 0.2,
        "facility_score": 0.8,
        "final_score": 48.64,
        "rank": 264,
        "solar_kwh_per_m2": 66.73
      }
    },
    {
      "type": "Feature",
      "geometry": {
        "type": "Point",
        "coordinates": [
          -79.78024741,
          43.69888777
        ]
      },
      "properties": {
        "name": "cheshire homes - peel cheshire homes inc. (brampton)",
        "type": "Ambulatory health care services",
        "city": "brampton",
        "address": "",
        "outage_risk_score": 0.728,
        "solar_potential_score": 0.2,
        "facility_score": 0.5,
        "final_score": 48.63,
        "rank": 265,
        "solar_kwh_per_m2": 66.73
      }
    },
    {
      "type": "Feature",
      "geometry": {
        "type": "Point",
        "coordinates": [
          -78.86653234,
          43.89821385
        ]
      },
      "properties": {
        "name": "cmha durham",
        "type": "Ambulatory health care services",
        "city": "oshawa",
        "address": "",
        "outage_risk_score": 0.72,
        "solar_potential_score": 0.2,
        "facility_score": 0.5,
        "final_score": 48.31,
        "rank": 266,
        "solar_kwh_per_m2": 66.73
      }
    },
    {
      "type": "Feature",
      "geometry": {
        "type": "Point",
        "coordinates": [
          -79.59519885,
          43.66542478
        ]
      },
      "properties": {
        "name": "closing the gap healthcare group inc.",
        "type": "Ambulatory health care services",
        "city": "mississauga",
        "address": "",
        "outage_risk_score": 0.888,
        "solar_potential_score": 0.001,
        "facility_score": 0.5,
        "final_score": 48.04,
        "rank": 267,
        "solar_kwh_per_m2": 150.14
      }
    },
    {
      "type": "Feature",
      "geometry": {
        "type": "Point",
        "coordinates": [
          -79.76666441,
          43.69054447
        ]
      },
      "properties": {
        "name": "wise elephant fht",
        "type": "Ambulatory health care services",
        "city": "brampton",
        "address": "",
        "outage_risk_score": 0.694,
        "solar_potential_score": 0.2,
        "facility_score": 0.5,
        "final_score": 47.26,
        "rank": 268,
        "solar_kwh_per_m2": 66.73
      }
    },
    {
      "type": "Feature",
      "geometry": {
        "type": "Point",
        "coordinates": [
          -79.78142981,
          43.69999507
        ]
      },
      "properties": {
        "name": "brampton meals on wheels",
        "type": "Ambulatory health care services",
        "city": "brampton",
        "address": "",
        "outage_risk_score": 0.693,
        "solar_potential_score": 0.2,
        "facility_score": 0.5,
        "final_score": 47.23,
        "rank": 269,
        "solar_kwh_per_m2": 66.73
      }
    },
    {
      "type": "Feature",
      "geometry": {
        "type": "Point",
        "coordinates": [
          -78.95110927,
          43.87912064
        ]
      },
      "properties": {
        "name": "fairview lodge",
        "type": "Nursing and residential care facilities",
        "city": "whitby",
        "address": "",
        "outage_risk_score": 0.505,
        "solar_potential_score": 0.2,
        "facility_score": 0.8,
        "final_score": 47.21,
        "rank": 270,
        "solar_kwh_per_m2": 66.73
      }
    },
    {
      "type": "Feature",
      "geometry": {
        "type": "Point",
        "coordinates": [
          -79.02089259,
          43.84539974
        ]
      },
      "properties": {
        "name": "central east local health integration network (lhin op)",
        "type": "Ambulatory health care services",
        "city": "ajax",
        "address": "",
        "outage_risk_score": 0.692,
        "solar_potential_score": 0.2,
        "facility_score": 0.5,
        "final_score": 47.18,
        "rank": 271,
        "solar_kwh_per_m2": 66.73
      }
    },
    {
      "type": "Feature",
      "geometry": {
        "type": "Point",
        "coordinates": [
          -79.44955502,
          43.87030772
        ]
      },
      "properties": {
        "name": "mackenzie health - richmond hill",
        "type": "Hospitals",
        "city": "richmond hill",
        "address": "",
        "outage_risk_score": 0.359,
        "solar_potential_score": 0.2,
        "facility_score": 1.0,
        "final_score": 46.38,
        "rank": 272,
        "solar_kwh_per_m2": 66.73
      }
    },
    {
      "type": "Feature",
      "geometry": {
        "type": "Point",
        "coordinates": [
          -78.90906825,
          43.88695065
        ]
      },
      "properties": {
        "name": "sunnycrest nursing home",
        "type": "Nursing and residential care facilities",
        "city": "whitby",
        "address": "",
        "outage_risk_score": 0.482,
        "solar_potential_score": 0.2,
        "facility_score": 0.8,
        "final_score": 46.27,
        "rank": 273,
        "solar_kwh_per_m2": 66.73
      }
    },
    {
      "type": "Feature",
      "geometry": {
        "type": "Point",
        "coordinates": [
          -78.95825897,
          43.91312705
        ]
      },
      "properties": {
        "name": "the village of taunton mills",
        "type": "Nursing and residential care facilities",
        "city": "whitby",
        "address": "",
        "outage_risk_score": 0.476,
        "solar_potential_score": 0.2,
        "facility_score": 0.8,
        "final_score": 46.04,
        "rank": 274,
        "solar_kwh_per_m2": 66.73
      }
    },
    {
      "type": "Feature",
      "geometry": {
        "type": "Point",
        "coordinates": [
          -78.86653234,
          43.89998245
        ]
      },
      "properties": {
        "name": "faith place",
        "type": "Ambulatory health care services",
        "city": "oshawa",
        "address": "",
        "outage_risk_score": 0.654,
        "solar_potential_score": 0.2,
        "facility_score": 0.5,
        "final_score": 45.64,
        "rank": 275,
        "solar_kwh_per_m2": 66.73
      }
    },
    {
      "type": "Feature",
      "geometry": {
        "type": "Point",
        "coordinates": [
          -79.4503859,
          43.8705482
        ]
      },
      "properties": {
        "name": "mackenzie richmond hill hospital",
        "type": "Hospitals",
        "city": "richmond hill",
        "address": "10 trench st. richmond hill on l4c 4z3",
        "outage_risk_score": 0.34,
        "solar_potential_score": 0.2,
        "facility_score": 1.0,
        "final_score": 45.61,
        "rank": 276,
        "solar_kwh_per_m2": 66.73
      }
    },
    {
      "type": "Feature",
      "geometry": {
        "type": "Point",
        "coordinates": [
          -79.02089259,
          43.84539974
        ]
      },
      "properties": {
        "name": "central east local health integration network",
        "type": "Ambulatory health care services",
        "city": "ajax",
        "address": "",
        "outage_risk_score": 0.653,
        "solar_potential_score": 0.2,
        "facility_score": 0.5,
        "final_score": 45.6,
        "rank": 277,
        "solar_kwh_per_m2": 66.73
      }
    },
    {
      "type": "Feature",
      "geometry": {
        "type": "Point",
        "coordinates": [
          -78.89514265,
          43.89162635
        ]
      },
      "properties": {
        "name": "brain injury association of durham region",
        "type": "Ambulatory health care services",
        "city": "oshawa",
        "address": "",
        "outage_risk_score": 0.644,
        "solar_potential_score": 0.2,
        "facility_score": 0.5,
        "final_score": 45.25,
        "rank": 278,
        "solar_kwh_per_m2": 66.73
      }
    },
    {
      "type": "Feature",
      "geometry": {
        "type": "Point",
        "coordinates": [
          -78.91099185,
          43.88470215
        ]
      },
      "properties": {
        "name": "personal attendant care",
        "type": "Ambulatory health care services",
        "city": "whitby",
        "address": "",
        "outage_risk_score": 0.633,
        "solar_potential_score": 0.2,
        "facility_score": 0.5,
        "final_score": 44.82,
        "rank": 279,
        "solar_kwh_per_m2": 66.73
      }
    },
    {
      "type": "Feature",
      "geometry": {
        "type": "Point",
        "coordinates": [
          -78.88859885,
          43.87402855
        ]
      },
      "properties": {
        "name": "lakeridge health css",
        "type": "Ambulatory health care services",
        "city": "oshawa",
        "address": "",
        "outage_risk_score": 0.611,
        "solar_potential_score": 0.2,
        "facility_score": 0.5,
        "final_score": 43.94,
        "rank": 280,
        "solar_kwh_per_m2": 66.73
      }
    },
    {
      "type": "Feature",
      "geometry": {
        "type": "Point",
        "coordinates": [
          -79.38706779,
          43.65958679
        ]
      },
      "properties": {
        "name": "university health network - toronto general",
        "type": "Hospitals",
        "city": "toronto",
        "address": "",
        "outage_risk_score": 0.469,
        "solar_potential_score": 0.003,
        "facility_score": 1.0,
        "final_score": 43.88,
        "rank": 281,
        "solar_kwh_per_m2": 50.53
      }
    },
    {
      "type": "Feature",
      "geometry": {
        "type": "Point",
        "coordinates": [
          -79.388447,
          43.6548253
        ]
      },
      "properties": {
        "name": "markham stouffville hospital \u0097 reactivation care centre finch",
        "type": "Hospitals",
        "city": "toronto",
        "address": "",
        "outage_risk_score": 0.463,
        "solar_potential_score": 0.002,
        "facility_score": 1.0,
        "final_score": 43.56,
        "rank": 282,
        "solar_kwh_per_m2": 44.79
      }
    },
    {
      "type": "Feature",
      "geometry": {
        "type": "Point",
        "coordinates": [
          -79.388447,
          43.6548253
        ]
      },
      "properties": {
        "name": "unity health toronto \u0097 providence healthcare",
        "type": "Hospitals",
        "city": "toronto",
        "address": "",
        "outage_risk_score": 0.46,
        "solar_potential_score": 0.002,
        "facility_score": 1.0,
        "final_score": 43.45,
        "rank": 283,
        "solar_kwh_per_m2": 44.79
      }
    },
    {
      "type": "Feature",
      "geometry": {
        "type": "Point",
        "coordinates": [
          -79.374019,
          43.72242
        ]
      },
      "properties": {
        "name": "sunnybrook health sciences centre - bayview campus",
        "type": "Hospitals",
        "city": "toronto",
        "address": "2075 bayview ave. toronto on m4n 3m5",
        "outage_risk_score": 0.458,
        "solar_potential_score": 0.001,
        "facility_score": 1.0,
        "final_score": 43.34,
        "rank": 284,
        "solar_kwh_per_m2": 55.76
      }
    },
    {
      "type": "Feature",
      "geometry": {
        "type": "Point",
        "coordinates": [
          79.37892,
          43.668867
        ]
      },
      "properties": {
        "name": "casey house hospice",
        "type": "Nursing and residential care facilities",
        "city": "toronto",
        "address": "",
        "outage_risk_score": 0.403,
        "solar_potential_score": 0.2,
        "facility_score": 0.8,
        "final_score": 43.11,
        "rank": 285,
        "solar_kwh_per_m2": 66.73
      }
    },
    {
      "type": "Feature",
      "geometry": {
        "type": "Point",
        "coordinates": [
          -79.387437,
          43.657374
        ]
      },
      "properties": {
        "name": "hospital for sick children",
        "type": "Hospitals",
        "city": "toronto",
        "address": "555 university avenue toronto on m5g1x8 canada",
        "outage_risk_score": 0.449,
        "solar_potential_score": 0.003,
        "facility_score": 1.0,
        "final_score": 43.06,
        "rank": 286,
        "solar_kwh_per_m2": 50.53
      }
    },
    {
      "type": "Feature",
      "geometry": {
        "type": "Point",
        "coordinates": [
          -79.388447,
          43.6548253
        ]
      },
      "properties": {
        "name": "michael garron hospital",
        "type": "Hospitals",
        "city": "toronto",
        "address": "",
        "outage_risk_score": 0.45,
        "solar_potential_score": 0.002,
        "facility_score": 1.0,
        "final_score": 43.05,
        "rank": 287,
        "solar_kwh_per_m2": 44.79
      }
    },
    {
      "type": "Feature",
      "geometry": {
        "type": "Point",
        "coordinates": [
          -79.378057,
          43.720661
        ]
      },
      "properties": {
        "name": "odette cancer centre - sunnybrook health sciences centre",
        "type": "Hospitals",
        "city": "toronto",
        "address": "2075 bayview ave. toronto on m4n 3m5",
        "outage_risk_score": 0.445,
        "solar_potential_score": 0.002,
        "facility_score": 1.0,
        "final_score": 42.87,
        "rank": 288,
        "solar_kwh_per_m2": 59.34
      }
    },
    {
      "type": "Feature",
      "geometry": {
        "type": "Point",
        "coordinates": [
          -78.87895794,
          43.88944965
        ]
      },
      "properties": {
        "name": "alzheimer society of durham region",
        "type": "Ambulatory health care services",
        "city": "oshawa",
        "address": "",
        "outage_risk_score": 0.584,
        "solar_potential_score": 0.2,
        "facility_score": 0.5,
        "final_score": 42.85,
        "rank": 289,
        "solar_kwh_per_m2": 66.73
      }
    },
    {
      "type": "Feature",
      "geometry": {
        "type": "Point",
        "coordinates": [
          -78.93868316,
          43.87255314
        ]
      },
      "properties": {
        "name": "town of whitby (whitby seniors' activity centre)",
        "type": "Ambulatory health care services",
        "city": "whitby",
        "address": "",
        "outage_risk_score": 0.582,
        "solar_potential_score": 0.2,
        "facility_score": 0.5,
        "final_score": 42.78,
        "rank": 290,
        "solar_kwh_per_m2": 66.73
      }
    },
    {
      "type": "Feature",
      "geometry": {
        "type": "Point",
        "coordinates": [
          -78.86458634,
          43.89323215
        ]
      },
      "properties": {
        "name": "sunrise seniors place",
        "type": "Ambulatory health care services",
        "city": "oshawa",
        "address": "",
        "outage_risk_score": 0.582,
        "solar_potential_score": 0.2,
        "facility_score": 0.5,
        "final_score": 42.77,
        "rank": 291,
        "solar_kwh_per_m2": 66.73
      }
    },
    {
      "type": "Feature",
      "geometry": {
        "type": "Point",
        "coordinates": [
          -78.92281636,
          43.86698314
        ]
      },
      "properties": {
        "name": "central east community care access centre (css)",
        "type": "Ambulatory health care services",
        "city": "whitby",
        "address": "",
        "outage_risk_score": 0.579,
        "solar_potential_score": 0.2,
        "facility_score": 0.5,
        "final_score": 42.67,
        "rank": 292,
        "solar_kwh_per_m2": 66.73
      }
    },
    {
      "type": "Feature",
      "geometry": {
        "type": "Point",
        "coordinates": [
          -79.38430699,
          43.66145369
        ]
      },
      "properties": {
        "name": "centre francophone de toronto",
        "type": "Hospitals",
        "city": "toronto",
        "address": "",
        "outage_risk_score": 0.44,
        "solar_potential_score": 0.002,
        "facility_score": 1.0,
        "final_score": 42.66,
        "rank": 293,
        "solar_kwh_per_m2": 41.29
      }
    },
    {
      "type": "Feature",
      "geometry": {
        "type": "Point",
        "coordinates": [
          -79.403968,
          43.78762
        ]
      },
      "properties": {
        "name": "sunnybrook health sciences centre - st. john's rehab",
        "type": "Hospitals",
        "city": "toronto",
        "address": "",
        "outage_risk_score": 0.439,
        "solar_potential_score": 0.001,
        "facility_score": 1.0,
        "final_score": 42.62,
        "rank": 294,
        "solar_kwh_per_m2": 67.01
      }
    },
    {
      "type": "Feature",
      "geometry": {
        "type": "Point",
        "coordinates": [
          -79.388447,
          43.6548253
        ]
      },
      "properties": {
        "name": "humber river hospital \u0097 reactivation care centre church",
        "type": "Hospitals",
        "city": "toronto",
        "address": "",
        "outage_risk_score": 0.438,
        "solar_potential_score": 0.002,
        "facility_score": 1.0,
        "final_score": 42.59,
        "rank": 295,
        "solar_kwh_per_m2": 44.79
      }
    },
    {
      "type": "Feature",
      "geometry": {
        "type": "Point",
        "coordinates": [
          -79.31630836,
          43.66630519
        ]
      },
      "properties": {
        "name": "east end community health centre",
        "type": "Hospitals",
        "city": "toronto",
        "address": "",
        "outage_risk_score": 0.439,
        "solar_potential_score": 0.0,
        "facility_score": 1.0,
        "final_score": 42.58,
        "rank": 296,
        "solar_kwh_per_m2": 54.65
      }
    },
    {
      "type": "Feature",
      "geometry": {
        "type": "Point",
        "coordinates": [
          -79.388447,
          43.6548253
        ]
      },
      "properties": {
        "name": "southlake regional health centre \u0097 reactivation care centre finch",
        "type": "Hospitals",
        "city": "toronto",
        "address": "",
        "outage_risk_score": 0.437,
        "solar_potential_score": 0.002,
        "facility_score": 1.0,
        "final_score": 42.52,
        "rank": 297,
        "solar_kwh_per_m2": 44.79
      }
    },
    {
      "type": "Feature",
      "geometry": {
        "type": "Point",
        "coordinates": [
          -79.3823361,
          43.6650195
        ]
      },
      "properties": {
        "name": "sunnybrook health sciences centre - holland orthopaedic and arthritic inst.",
        "type": "Hospitals",
        "city": "toronto",
        "address": "43 wellesley st. e. toronto on m4y 1h1",
        "outage_risk_score": 0.435,
        "solar_potential_score": 0.001,
        "facility_score": 1.0,
        "final_score": 42.45,
        "rank": 298,
        "solar_kwh_per_m2": 47.22
      }
    },
    {
      "type": "Feature",
      "geometry": {
        "type": "Point",
        "coordinates": [
          -79.2050226,
          43.7807594
        ]
      },
      "properties": {
        "name": "rouge valley health system - centenary",
        "type": "Hospitals",
        "city": "toronto",
        "address": "2867 ellesmere rd. toronto on m1e 4b9",
        "outage_risk_score": 0.434,
        "solar_potential_score": 0.001,
        "facility_score": 1.0,
        "final_score": 42.42,
        "rank": 299,
        "solar_kwh_per_m2": 72.19
      }
    },
    {
      "type": "Feature",
      "geometry": {
        "type": "Point",
        "coordinates": [
          -79.50338882,
          43.60350777
        ]
      },
      "properties": {
        "name": "lakeshore area multi-service project inc",
        "type": "Hospitals",
        "city": "toronto",
        "address": "",
        "outage_risk_score": 0.434,
        "solar_potential_score": 0.001,
        "facility_score": 1.0,
        "final_score": 42.4,
        "rank": 300,
        "solar_kwh_per_m2": 54.24
      }
    },
    {
      "type": "Feature",
      "geometry": {
        "type": "Point",
        "coordinates": [
          -79.388447,
          43.6548253
        ]
      },
      "properties": {
        "name": "unity health toronto \u0097 st. joseph\u0092s health centre toronto",
        "type": "Hospitals",
        "city": "toronto",
        "address": "",
        "outage_risk_score": 0.433,
        "solar_potential_score": 0.002,
        "facility_score": 1.0,
        "final_score": 42.37,
        "rank": 301,
        "solar_kwh_per_m2": 44.79
      }
    },
    {
      "type": "Feature",
      "geometry": {
        "type": "Point",
        "coordinates": [
          -79.38242888,
          43.66534149
        ]
      },
      "properties": {
        "name": "sunnybrook health sciences centre - holland orthopaedic & arthritic centre",
        "type": "Hospitals",
        "city": "toronto",
        "address": "",
        "outage_risk_score": 0.43,
        "solar_potential_score": 0.001,
        "facility_score": 1.0,
        "final_score": 42.26,
        "rank": 302,
        "solar_kwh_per_m2": 47.22
      }
    },
    {
      "type": "Feature",
      "geometry": {
        "type": "Point",
        "coordinates": [
          -79.56136044,
          43.60968137
        ]
      },
      "properties": {
        "name": "trillium health partners- queensway",
        "type": "Hospitals",
        "city": "toronto",
        "address": "",
        "outage_risk_score": 0.42,
        "solar_potential_score": 0.011,
        "facility_score": 1.0,
        "final_score": 42.19,
        "rank": 303,
        "solar_kwh_per_m2": 66.41
      }
    },
    {
      "type": "Feature",
      "geometry": {
        "type": "Point",
        "coordinates": [
          -79.3905974,
          43.6580743
        ]
      },
      "properties": {
        "name": "university health network - princess margaret hospital",
        "type": "Hospitals",
        "city": "toronto",
        "address": "610 university ave. toronto on m5g 2m9",
        "outage_risk_score": 0.426,
        "solar_potential_score": 0.003,
        "facility_score": 1.0,
        "final_score": 42.16,
        "rank": 304,
        "solar_kwh_per_m2": 50.53
      }
    },
    {
      "type": "Feature",
      "geometry": {
        "type": "Point",
        "coordinates": [
          -79.39930509,
          43.70972309
        ]
      },
      "properties": {
        "name": "stonegate community health centre",
        "type": "Hospitals",
        "city": "toronto",
        "address": "",
        "outage_risk_score": 0.428,
        "solar_potential_score": 0.001,
        "facility_score": 1.0,
        "final_score": 42.14,
        "rank": 305,
        "solar_kwh_per_m2": 53.33
      }
    },
    {
      "type": "Feature",
      "geometry": {
        "type": "Point",
        "coordinates": [
          -79.388447,
          43.6548253
        ]
      },
      "properties": {
        "name": "scarborough health network \u0097 centenary",
        "type": "Hospitals",
        "city": "toronto",
        "address": "",
        "outage_risk_score": 0.427,
        "solar_potential_score": 0.002,
        "facility_score": 1.0,
        "final_score": 42.14,
        "rank": 306,
        "solar_kwh_per_m2": 44.79
      }
    },
    {
      "type": "Feature",
      "geometry": {
        "type": "Point",
        "coordinates": [
          -78.94031826,
          43.89862715
        ]
      },
      "properties": {
        "name": "durham region health department",
        "type": "Ambulatory health care services",
        "city": "whitby",
        "address": "",
        "outage_risk_score": 0.565,
        "solar_potential_score": 0.2,
        "facility_score": 0.5,
        "final_score": 42.1,
        "rank": 307,
        "solar_kwh_per_m2": 66.73
      }
    },
    {
      "type": "Feature",
      "geometry": {
        "type": "Point",
        "coordinates": [
          -79.36981238,
          43.65422059
        ]
      },
      "properties": {
        "name": "anishnawbe health toronto community health centre",
        "type": "Hospitals",
        "city": "toronto",
        "address": "",
        "outage_risk_score": 0.425,
        "solar_potential_score": 0.003,
        "facility_score": 1.0,
        "final_score": 42.07,
        "rank": 308,
        "solar_kwh_per_m2": 54.6
      }
    },
    {
      "type": "Feature",
      "geometry": {
        "type": "Point",
        "coordinates": [
          -79.45081,
          43.87062
        ]
      },
      "properties": {
        "name": "york central hospital",
        "type": "Hospitals",
        "city": "richmond hill",
        "address": "10 trench street richmond hill on l4c 4z3 canada",
        "outage_risk_score": 0.251,
        "solar_potential_score": 0.2,
        "facility_score": 1.0,
        "final_score": 42.02,
        "rank": 309,
        "solar_kwh_per_m2": 66.73
      }
    },
    {
      "type": "Feature",
      "geometry": {
        "type": "Point",
        "coordinates": [
          -79.3882094,
          43.6591111
        ]
      },
      "properties": {
        "name": "university health network - toronto general hospital",
        "type": "Hospitals",
        "city": "toronto",
        "address": "200 elizabeth st. toronto on m5g 2c4",
        "outage_risk_score": 0.422,
        "solar_potential_score": 0.003,
        "facility_score": 1.0,
        "final_score": 42.01,
        "rank": 310,
        "solar_kwh_per_m2": 50.53
      }
    },
    {
      "type": "Feature",
      "geometry": {
        "type": "Point",
        "coordinates": [
          -79.450215,
          43.640642
        ]
      },
      "properties": {
        "name": "providence st. joseph's and st. michael's healthcare - st. joseph's",
        "type": "Hospitals",
        "city": "toronto",
        "address": "",
        "outage_risk_score": 0.421,
        "solar_potential_score": 0.001,
        "facility_score": 1.0,
        "final_score": 41.85,
        "rank": 311,
        "solar_kwh_per_m2": 56.75
      }
    },
    {
      "type": "Feature",
      "geometry": {
        "type": "Point",
        "coordinates": [
          -79.41814739,
          43.64430178
        ]
      },
      "properties": {
        "name": "centre for addiction and mental health - queen street site",
        "type": "Hospitals",
        "city": "toronto",
        "address": "",
        "outage_risk_score": 0.414,
        "solar_potential_score": 0.003,
        "facility_score": 1.0,
        "final_score": 41.66,
        "rank": 312,
        "solar_kwh_per_m2": 71.4
      }
    },
    {
      "type": "Feature",
      "geometry": {
        "type": "Point",
        "coordinates": [
          -79.388447,
          43.6548253
        ]
      },
      "properties": {
        "name": "trillium health partners \u0097 reactivation care centre church",
        "type": "Hospitals",
        "city": "toronto",
        "address": "",
        "outage_risk_score": 0.414,
        "solar_potential_score": 0.002,
        "facility_score": 1.0,
        "final_score": 41.63,
        "rank": 313,
        "solar_kwh_per_m2": 44.79
      }
    },
    {
      "type": "Feature",
      "geometry": {
        "type": "Point",
        "coordinates": [
          -79.41371529999999,
          43.8688079
        ]
      },
      "properties": {
        "name": "mackenzie health \u0097 mackenzie richmond hill hospital",
        "type": "Hospitals",
        "city": "richmond hill",
        "address": "",
        "outage_risk_score": 0.24,
        "solar_potential_score": 0.2,
        "facility_score": 1.0,
        "final_score": 41.62,
        "rank": 314,
        "solar_kwh_per_m2": 66.73
      }
    },
    {
      "type": "Feature",
      "geometry": {
        "type": "Point",
        "coordinates": [
          -79.388447,
          43.6548253
        ]
      },
      "properties": {
        "name": "humber river hospital \u0097 reactivation care centre finch",
        "type": "Hospitals",
        "city": "toronto",
        "address": "",
        "outage_risk_score": 0.413,
        "solar_potential_score": 0.002,
        "facility_score": 1.0,
        "final_score": 41.56,
        "rank": 315,
        "solar_kwh_per_m2": 44.79
      }
    },
    {
      "type": "Feature",
      "geometry": {
        "type": "Point",
        "coordinates": [
          -79.45842661,
          43.65535868
        ]
      },
      "properties": {
        "name": "the four villages community health centre",
        "type": "Hospitals",
        "city": "toronto",
        "address": "",
        "outage_risk_score": 0.413,
        "solar_potential_score": 0.0,
        "facility_score": 1.0,
        "final_score": 41.52,
        "rank": 316,
        "solar_kwh_per_m2": 53.92
      }
    },
    {
      "type": "Feature",
      "geometry": {
        "type": "Point",
        "coordinates": [
          -79.388447,
          43.6548253
        ]
      },
      "properties": {
        "name": "centre for addiction and mental health",
        "type": "Hospitals",
        "city": "toronto",
        "address": "",
        "outage_risk_score": 0.411,
        "solar_potential_score": 0.002,
        "facility_score": 1.0,
        "final_score": 41.5,
        "rank": 317,
        "solar_kwh_per_m2": 44.79
      }
    },
    {
      "type": "Feature",
      "geometry": {
        "type": "Point",
        "coordinates": [
          -79.388447,
          43.6548253
        ]
      },
      "properties": {
        "name": "unity health toronto \u0097 st. michael\u0092s hospital",
        "type": "Hospitals",
        "city": "toronto",
        "address": "",
        "outage_risk_score": 0.41,
        "solar_potential_score": 0.002,
        "facility_score": 1.0,
        "final_score": 41.47,
        "rank": 318,
        "solar_kwh_per_m2": 44.79
      }
    },
    {
      "type": "Feature",
      "geometry": {
        "type": "Point",
        "coordinates": [
          -79.41245401,
          43.89785833
        ]
      },
      "properties": {
        "name": "brookside court/hilltop place",
        "type": "Nursing and residential care facilities",
        "city": "richmond hill",
        "address": "",
        "outage_risk_score": 0.359,
        "solar_potential_score": 0.2,
        "facility_score": 0.8,
        "final_score": 41.35,
        "rank": 319,
        "solar_kwh_per_m2": 66.73
      }
    },
    {
      "type": "Feature",
      "geometry": {
        "type": "Point",
        "coordinates": [
          -79.38972699,
          43.65770559
        ]
      },
      "properties": {
        "name": "sinai health system - mount sinai",
        "type": "Hospitals",
        "city": "toronto",
        "address": "",
        "outage_risk_score": 0.405,
        "solar_potential_score": 0.003,
        "facility_score": 1.0,
        "final_score": 41.32,
        "rank": 320,
        "solar_kwh_per_m2": 50.53
      }
    },
    {
      "type": "Feature",
      "geometry": {
        "type": "Point",
        "coordinates": [
          -79.388447,
          43.6548253
        ]
      },
      "properties": {
        "name": "unity health toronto \u0097 reactivation care centre church",
        "type": "Hospitals",
        "city": "toronto",
        "address": "",
        "outage_risk_score": 0.398,
        "solar_potential_score": 0.002,
        "facility_score": 1.0,
        "final_score": 40.96,
        "rank": 321,
        "solar_kwh_per_m2": 44.79
      }
    },
    {
      "type": "Feature",
      "geometry": {
        "type": "Point",
        "coordinates": [
          -79.388447,
          43.6548253
        ]
      },
      "properties": {
        "name": "humber river hospital \u0097 church street site",
        "type": "Hospitals",
        "city": "toronto",
        "address": "",
        "outage_risk_score": 0.395,
        "solar_potential_score": 0.002,
        "facility_score": 1.0,
        "final_score": 40.85,
        "rank": 322,
        "solar_kwh_per_m2": 44.79
      }
    },
    {
      "type": "Feature",
      "geometry": {
        "type": "Point",
        "coordinates": [
          -79.48844552,
          43.63785208
        ]
      },
      "properties": {
        "name": "regent park community health centre",
        "type": "Hospitals",
        "city": "toronto",
        "address": "",
        "outage_risk_score": 0.393,
        "solar_potential_score": 0.002,
        "facility_score": 1.0,
        "final_score": 40.8,
        "rank": 323,
        "solar_kwh_per_m2": 67.36
      }
    },
    {
      "type": "Feature",
      "geometry": {
        "type": "Point",
        "coordinates": [
          -79.4877005,
          43.724252
        ]
      },
      "properties": {
        "name": "humber river hospital - wilson",
        "type": "Hospitals",
        "city": "toronto",
        "address": "",
        "outage_risk_score": 0.392,
        "solar_potential_score": 0.001,
        "facility_score": 1.0,
        "final_score": 40.73,
        "rank": 324,
        "solar_kwh_per_m2": 72.51
      }
    },
    {
      "type": "Feature",
      "geometry": {
        "type": "Point",
        "coordinates": [
          -79.22088655,
          43.80929512
        ]
      },
      "properties": {
        "name": "taibu community health centre",
        "type": "Hospitals",
        "city": "toronto",
        "address": "",
        "outage_risk_score": 0.387,
        "solar_potential_score": 0.002,
        "facility_score": 1.0,
        "final_score": 40.54,
        "rank": 325,
        "solar_kwh_per_m2": 73.59
      }
    },
    {
      "type": "Feature",
      "geometry": {
        "type": "Point",
        "coordinates": [
          -79.44037102,
          43.89552572
        ]
      },
      "properties": {
        "name": "richmond hill retirement residence",
        "type": "Nursing and residential care facilities",
        "city": "richmond hill",
        "address": "",
        "outage_risk_score": 0.337,
        "solar_potential_score": 0.2,
        "facility_score": 0.8,
        "final_score": 40.49,
        "rank": 326,
        "solar_kwh_per_m2": 66.73
      }
    },
    {
      "type": "Feature",
      "geometry": {
        "type": "Point",
        "coordinates": [
          -79.39930509,
          43.70972309
        ]
      },
      "properties": {
        "name": "anne johnston health station - tobias house attendant care",
        "type": "Hospitals",
        "city": "toronto",
        "address": "",
        "outage_risk_score": 0.386,
        "solar_potential_score": 0.001,
        "facility_score": 1.0,
        "final_score": 40.47,
        "rank": 327,
        "solar_kwh_per_m2": 53.33
      }
    },
    {
      "type": "Feature",
      "geometry": {
        "type": "Point",
        "coordinates": [
          -79.40641059,
          43.65336208
        ]
      },
      "properties": {
        "name": "university health network - toronto western",
        "type": "Hospitals",
        "city": "toronto",
        "address": "",
        "outage_risk_score": 0.382,
        "solar_potential_score": 0.0,
        "facility_score": 1.0,
        "final_score": 40.32,
        "rank": 328,
        "solar_kwh_per_m2": 73.36
      }
    },
    {
      "type": "Feature",
      "geometry": {
        "type": "Point",
        "coordinates": [
          -79.450314,
          43.640631
        ]
      },
      "properties": {
        "name": "st. joseph's health centre - toronto",
        "type": "Hospitals",
        "city": "toronto",
        "address": "30 the queensway toronto on m6r 1b5",
        "outage_risk_score": 0.382,
        "solar_potential_score": 0.001,
        "facility_score": 1.0,
        "final_score": 40.32,
        "rank": 329,
        "solar_kwh_per_m2": 56.75
      }
    },
    {
      "type": "Feature",
      "geometry": {
        "type": "Point",
        "coordinates": [
          -79.41371529999999,
          43.8688079
        ]
      },
      "properties": {
        "name": "mon sheong foundation \u0097 richmond hill long term care centre",
        "type": "Nursing and residential care facilities",
        "city": "richmond hill",
        "address": "",
        "outage_risk_score": 0.332,
        "solar_potential_score": 0.2,
        "facility_score": 0.8,
        "final_score": 40.3,
        "rank": 330,
        "solar_kwh_per_m2": 66.73
      }
    },
    {
      "type": "Feature",
      "geometry": {
        "type": "Point",
        "coordinates": [
          -79.388447,
          43.6548253
        ]
      },
      "properties": {
        "name": "southlake regional health centre \u0097 reactivation care centre church",
        "type": "Hospitals",
        "city": "toronto",
        "address": "",
        "outage_risk_score": 0.376,
        "solar_potential_score": 0.002,
        "facility_score": 1.0,
        "final_score": 40.1,
        "rank": 331,
        "solar_kwh_per_m2": 44.79
      }
    },
    {
      "type": "Feature",
      "geometry": {
        "type": "Point",
        "coordinates": [
          -79.35550928,
          43.66596059
        ]
      },
      "properties": {
        "name": "sinai health system - bridgepoint",
        "type": "Hospitals",
        "city": "toronto",
        "address": "",
        "outage_risk_score": 0.375,
        "solar_potential_score": 0.0,
        "facility_score": 1.0,
        "final_score": 40.02,
        "rank": 332,
        "solar_kwh_per_m2": 52.32
      }
    },
    {
      "type": "Feature",
      "geometry": {
        "type": "Point",
        "coordinates": [
          -79.45483721,
          43.67068498
        ]
      },
      "properties": {
        "name": "davenport perth neighbourhood centre",
        "type": "Hospitals",
        "city": "toronto",
        "address": "",
        "outage_risk_score": 0.375,
        "solar_potential_score": 0.001,
        "facility_score": 1.0,
        "final_score": 40.02,
        "rank": 333,
        "solar_kwh_per_m2": 76.84
      }
    },
    {
      "type": "Feature",
      "geometry": {
        "type": "Point",
        "coordinates": [
          -79.41371529999999,
          43.8688079
        ]
      },
      "properties": {
        "name": "revera inc. \u0097 elginwood long term care centre",
        "type": "Nursing and residential care facilities",
        "city": "richmond hill",
        "address": "",
        "outage_risk_score": 0.326,
        "solar_potential_score": 0.2,
        "facility_score": 0.8,
        "final_score": 40.02,
        "rank": 334,
        "solar_kwh_per_m2": 66.73
      }
    },
    {
      "type": "Feature",
      "geometry": {
        "type": "Point",
        "coordinates": [
          -78.91036165,
          43.88801015
        ]
      },
      "properties": {
        "name": "durham hospice",
        "type": "Ambulatory health care services",
        "city": "whitby",
        "address": "",
        "outage_risk_score": 0.513,
        "solar_potential_score": 0.2,
        "facility_score": 0.5,
        "final_score": 40.01,
        "rank": 335,
        "solar_kwh_per_m2": 66.73
      }
    },
    {
      "type": "Feature",
      "geometry": {
        "type": "Point",
        "coordinates": [
          -79.43672372,
          43.86580402
        ]
      },
      "properties": {
        "name": "sunrise senior living of richmond hill",
        "type": "Nursing and residential care facilities",
        "city": "richmond hill",
        "address": "",
        "outage_risk_score": 0.325,
        "solar_potential_score": 0.2,
        "facility_score": 0.8,
        "final_score": 40.0,
        "rank": 336,
        "solar_kwh_per_m2": 66.73
      }
    },
    {
      "type": "Feature",
      "geometry": {
        "type": "Point",
        "coordinates": [
          -79.45320773,
          43.94277283
        ]
      },
      "properties": {
        "name": "oak ridges retirement community",
        "type": "Nursing and residential care facilities",
        "city": "richmond hill",
        "address": "",
        "outage_risk_score": 0.324,
        "solar_potential_score": 0.2,
        "facility_score": 0.8,
        "final_score": 39.96,
        "rank": 337,
        "solar_kwh_per_m2": 66.73
      }
    },
    {
      "type": "Feature",
      "geometry": {
        "type": "Point",
        "coordinates": [
          -79.388447,
          43.6548253
        ]
      },
      "properties": {
        "name": "university health network \u0097 toronto rehab university centre",
        "type": "Hospitals",
        "city": "toronto",
        "address": "",
        "outage_risk_score": 0.371,
        "solar_potential_score": 0.002,
        "facility_score": 1.0,
        "final_score": 39.88,
        "rank": 338,
        "solar_kwh_per_m2": 44.79
      }
    },
    {
      "type": "Feature",
      "geometry": {
        "type": "Point",
        "coordinates": [
          -79.383211,
          43.670323
        ]
      },
      "properties": {
        "name": "salvation army toronto grace health centre",
        "type": "Hospitals",
        "city": "toronto",
        "address": "",
        "outage_risk_score": 0.37,
        "solar_potential_score": 0.001,
        "facility_score": 1.0,
        "final_score": 39.85,
        "rank": 339,
        "solar_kwh_per_m2": 47.22
      }
    },
    {
      "type": "Feature",
      "geometry": {
        "type": "Point",
        "coordinates": [
          -79.388447,
          43.6548253
        ]
      },
      "properties": {
        "name": "william osler health system \u0097 reactivation care centre church",
        "type": "Hospitals",
        "city": "toronto",
        "address": "",
        "outage_risk_score": 0.37,
        "solar_potential_score": 0.002,
        "facility_score": 1.0,
        "final_score": 39.84,
        "rank": 340,
        "solar_kwh_per_m2": 44.79
      }
    },
    {
      "type": "Feature",
      "geometry": {
        "type": "Point",
        "coordinates": [
          -79.388447,
          43.6548253
        ]
      },
      "properties": {
        "name": "sunnybrook health sciences centre \u0097 st. john\u0092s rehab hospital",
        "type": "Hospitals",
        "city": "toronto",
        "address": "",
        "outage_risk_score": 0.367,
        "solar_potential_score": 0.002,
        "facility_score": 1.0,
        "final_score": 39.75,
        "rank": 341,
        "solar_kwh_per_m2": 44.79
      }
    },
    {
      "type": "Feature",
      "geometry": {
        "type": "Point",
        "coordinates": [
          -79.388447,
          43.6548253
        ]
      },
      "properties": {
        "name": "sinai health system \u0097 bridgepoint hospital",
        "type": "Hospitals",
        "city": "toronto",
        "address": "",
        "outage_risk_score": 0.366,
        "solar_potential_score": 0.002,
        "facility_score": 1.0,
        "final_score": 39.7,
        "rank": 342,
        "solar_kwh_per_m2": 44.79
      }
    },
    {
      "type": "Feature",
      "geometry": {
        "type": "Point",
        "coordinates": [
          -79.3627441,
          43.7690968
        ]
      },
      "properties": {
        "name": "north york general hospital - general site",
        "type": "Hospitals",
        "city": "toronto",
        "address": "",
        "outage_risk_score": 0.362,
        "solar_potential_score": 0.002,
        "facility_score": 1.0,
        "final_score": 39.57,
        "rank": 343,
        "solar_kwh_per_m2": 69.81
      }
    },
    {
      "type": "Feature",
      "geometry": {
        "type": "Point",
        "coordinates": [
          -79.44320193,
          43.90134473
        ]
      },
      "properties": {
        "name": "mon sheong richmond hill long term care centre",
        "type": "Nursing and residential care facilities",
        "city": "richmond hill",
        "address": "",
        "outage_risk_score": 0.314,
        "solar_potential_score": 0.2,
        "facility_score": 0.8,
        "final_score": 39.56,
        "rank": 344,
        "solar_kwh_per_m2": 66.73
      }
    },
    {
      "type": "Feature",
      "geometry": {
        "type": "Point",
        "coordinates": [
          -79.432714,
          43.634892
        ]
      },
      "properties": {
        "name": "university health network - bickle centre",
        "type": "Hospitals",
        "city": "toronto",
        "address": "",
        "outage_risk_score": 0.363,
        "solar_potential_score": 0.001,
        "facility_score": 1.0,
        "final_score": 39.55,
        "rank": 345,
        "solar_kwh_per_m2": 53.98
      }
    },
    {
      "type": "Feature",
      "geometry": {
        "type": "Point",
        "coordinates": [
          -79.3259225,
          43.6897586
        ]
      },
      "properties": {
        "name": "toronto east general hospital",
        "type": "Hospitals",
        "city": "toronto",
        "address": "825 coxwell ave. toronto on m4c 3e7",
        "outage_risk_score": 0.359,
        "solar_potential_score": 0.0,
        "facility_score": 1.0,
        "final_score": 39.38,
        "rank": 346,
        "solar_kwh_per_m2": 57.11
      }
    },
    {
      "type": "Feature",
      "geometry": {
        "type": "Point",
        "coordinates": [
          -79.24005215,
          43.78816992
        ]
      },
      "properties": {
        "name": "sts. peter and paul residence",
        "type": "Nursing and residential care facilities",
        "city": "toronto",
        "address": "",
        "outage_risk_score": 0.481,
        "solar_potential_score": 0.003,
        "facility_score": 0.8,
        "final_score": 39.37,
        "rank": 347,
        "solar_kwh_per_m2": 75.56
      }
    },
    {
      "type": "Feature",
      "geometry": {
        "type": "Point",
        "coordinates": [
          -79.32659547,
          43.7365707
        ]
      },
      "properties": {
        "name": "toronto north support services",
        "type": "Nursing and residential care facilities",
        "city": "toronto",
        "address": "",
        "outage_risk_score": 0.479,
        "solar_potential_score": 0.004,
        "facility_score": 0.8,
        "final_score": 39.31,
        "rank": 348,
        "solar_kwh_per_m2": 81.32
      }
    },
    {
      "type": "Feature",
      "geometry": {
        "type": "Point",
        "coordinates": [
          -79.53220393,
          43.64399278
        ]
      },
      "properties": {
        "name": "tapestry at village gate west",
        "type": "Nursing and residential care facilities",
        "city": "toronto",
        "address": "",
        "outage_risk_score": 0.481,
        "solar_potential_score": 0.002,
        "facility_score": 0.8,
        "final_score": 39.29,
        "rank": 349,
        "solar_kwh_per_m2": 83.48
      }
    },
    {
      "type": "Feature",
      "geometry": {
        "type": "Point",
        "coordinates": [
          -79.388447,
          43.6548253
        ]
      },
      "properties": {
        "name": "revera inc. \u0097 harold and grace baker centre",
        "type": "Nursing and residential care facilities",
        "city": "toronto",
        "address": "",
        "outage_risk_score": 0.481,
        "solar_potential_score": 0.002,
        "facility_score": 0.8,
        "final_score": 39.27,
        "rank": 350,
        "solar_kwh_per_m2": 44.79
      }
    },
    {
      "type": "Feature",
      "geometry": {
        "type": "Point",
        "coordinates": [
          -79.56182134,
          43.60904697
        ]
      },
      "properties": {
        "name": "trillium health partners",
        "type": "Nursing and residential care facilities",
        "city": "toronto",
        "address": "",
        "outage_risk_score": 0.47,
        "solar_potential_score": 0.011,
        "facility_score": 0.8,
        "final_score": 39.19,
        "rank": 351,
        "solar_kwh_per_m2": 66.41
      }
    },
    {
      "type": "Feature",
      "geometry": {
        "type": "Point",
        "coordinates": [
          -79.48937432,
          43.72377199
        ]
      },
      "properties": {
        "name": "humber river hospital",
        "type": "Nursing and residential care facilities",
        "city": "toronto",
        "address": "",
        "outage_risk_score": 0.477,
        "solar_potential_score": 0.001,
        "facility_score": 0.8,
        "final_score": 39.15,
        "rank": 352,
        "solar_kwh_per_m2": 72.51
      }
    },
    {
      "type": "Feature",
      "geometry": {
        "type": "Point",
        "coordinates": [
          -79.28365376,
          43.7115277
        ]
      },
      "properties": {
        "name": "providence st. joseph's and st. michael's healthcare - providence",
        "type": "Hospitals",
        "city": "toronto",
        "address": "",
        "outage_risk_score": 0.352,
        "solar_potential_score": 0.001,
        "facility_score": 1.0,
        "final_score": 39.13,
        "rank": 353,
        "solar_kwh_per_m2": 76.01
      }
    },
    {
      "type": "Feature",
      "geometry": {
        "type": "Point",
        "coordinates": [
          -79.3715512,
          43.7187286
        ]
      },
      "properties": {
        "name": "toronto rehabilitation institute - rumsey centre",
        "type": "Nursing and residential care facilities",
        "city": "toronto",
        "address": "345 - 347 rumsey rd. toronto on m4g 1r7",
        "outage_risk_score": 0.477,
        "solar_potential_score": 0.001,
        "facility_score": 0.8,
        "final_score": 39.09,
        "rank": 354,
        "solar_kwh_per_m2": 55.76
      }
    },
    {
      "type": "Feature",
      "geometry": {
        "type": "Point",
        "coordinates": [
          -79.45685582,
          43.7706405
        ]
      },
      "properties": {
        "name": "st. bernard's residence",
        "type": "Nursing and residential care facilities",
        "city": "toronto",
        "address": "",
        "outage_risk_score": 0.475,
        "solar_potential_score": 0.001,
        "facility_score": 0.8,
        "final_score": 39.05,
        "rank": 355,
        "solar_kwh_per_m2": 82.26
      }
    },
    {
      "type": "Feature",
      "geometry": {
        "type": "Point",
        "coordinates": [
          -79.21877154,
          43.74077741
        ]
      },
      "properties": {
        "name": "scarborough retirement residence",
        "type": "Nursing and residential care facilities",
        "city": "toronto",
        "address": "",
        "outage_risk_score": 0.475,
        "solar_potential_score": 0.002,
        "facility_score": 0.8,
        "final_score": 39.05,
        "rank": 356,
        "solar_kwh_per_m2": 73.47
      }
    },
    {
      "type": "Feature",
      "geometry": {
        "type": "Point",
        "coordinates": [
          -79.50224663,
          43.70752129
        ]
      },
      "properties": {
        "name": "weston gardens retirement residence",
        "type": "Nursing and residential care facilities",
        "city": "toronto",
        "address": "",
        "outage_risk_score": 0.475,
        "solar_potential_score": 0.001,
        "facility_score": 0.8,
        "final_score": 39.03,
        "rank": 357,
        "solar_kwh_per_m2": 79.73
      }
    },
    {
      "type": "Feature",
      "geometry": {
        "type": "Point",
        "coordinates": [
          -79.343706,
          43.708582
        ]
      },
      "properties": {
        "name": "st. joseph's infirmary",
        "type": "Nursing and residential care facilities",
        "city": "toronto",
        "address": "2 o'connor dr. toronto on m4k 2k1",
        "outage_risk_score": 0.462,
        "solar_potential_score": 0.015,
        "facility_score": 0.8,
        "final_score": 39.01,
        "rank": 358,
        "solar_kwh_per_m2": 97.42
      }
    },
    {
      "type": "Feature",
      "geometry": {
        "type": "Point",
        "coordinates": [
          -79.38981869,
          43.70654559
        ]
      },
      "properties": {
        "name": "the briton house",
        "type": "Nursing and residential care facilities",
        "city": "toronto",
        "address": "",
        "outage_risk_score": 0.474,
        "solar_potential_score": 0.001,
        "facility_score": 0.8,
        "final_score": 38.98,
        "rank": 359,
        "solar_kwh_per_m2": 57.77
      }
    },
    {
      "type": "Feature",
      "geometry": {
        "type": "Point",
        "coordinates": [
          -79.38348678,
          43.66144329
        ]
      },
      "properties": {
        "name": "toronto east health network",
        "type": "Nursing and residential care facilities",
        "city": "toronto",
        "address": "",
        "outage_risk_score": 0.471,
        "solar_potential_score": 0.002,
        "facility_score": 0.8,
        "final_score": 38.92,
        "rank": 360,
        "solar_kwh_per_m2": 41.29
      }
    },
    {
      "type": "Feature",
      "geometry": {
        "type": "Point",
        "coordinates": [
          -79.40135009,
          43.67333259
        ]
      },
      "properties": {
        "name": "governing council of the salvation army in canada, the",
        "type": "Nursing and residential care facilities",
        "city": "toronto",
        "address": "",
        "outage_risk_score": 0.472,
        "solar_potential_score": 0.001,
        "facility_score": 0.8,
        "final_score": 38.9,
        "rank": 361,
        "solar_kwh_per_m2": 47.6
      }
    },
    {
      "type": "Feature",
      "geometry": {
        "type": "Point",
        "coordinates": [
          -79.24789355,
          43.75467751
        ]
      },
      "properties": {
        "name": "rockcliffe care community",
        "type": "Nursing and residential care facilities",
        "city": "toronto",
        "address": "",
        "outage_risk_score": 0.472,
        "solar_potential_score": 0.001,
        "facility_score": 0.8,
        "final_score": 38.9,
        "rank": 362,
        "solar_kwh_per_m2": 79.35
      }
    },
    {
      "type": "Feature",
      "geometry": {
        "type": "Point",
        "coordinates": [
          -79.38637899,
          43.65541839
        ]
      },
      "properties": {
        "name": "pine river institute",
        "type": "Nursing and residential care facilities",
        "city": "toronto",
        "address": "",
        "outage_risk_score": 0.469,
        "solar_potential_score": 0.003,
        "facility_score": 0.8,
        "final_score": 38.85,
        "rank": 363,
        "solar_kwh_per_m2": 50.53
      }
    },
    {
      "type": "Feature",
      "geometry": {
        "type": "Point",
        "coordinates": [
          -79.28576136,
          43.7159154
        ]
      },
      "properties": {
        "name": "presentation manor for senior",
        "type": "Nursing and residential care facilities",
        "city": "toronto",
        "address": "",
        "outage_risk_score": 0.467,
        "solar_potential_score": 0.004,
        "facility_score": 0.8,
        "final_score": 38.83,
        "rank": 364,
        "solar_kwh_per_m2": 69.57
      }
    },
    {
      "type": "Feature",
      "geometry": {
        "type": "Point",
        "coordinates": [
          -79.43236041,
          43.730336
        ]
      },
      "properties": {
        "name": "baycrest hospital - north york",
        "type": "Hospitals",
        "city": "toronto",
        "address": "",
        "outage_risk_score": 0.345,
        "solar_potential_score": 0.001,
        "facility_score": 1.0,
        "final_score": 38.83,
        "rank": 365,
        "solar_kwh_per_m2": 73.05
      }
    },
    {
      "type": "Feature",
      "geometry": {
        "type": "Point",
        "coordinates": [
          -79.32980687,
          43.66365619
        ]
      },
      "properties": {
        "name": "chartwell avondale retirement residence",
        "type": "Nursing and residential care facilities",
        "city": "toronto",
        "address": "",
        "outage_risk_score": 0.469,
        "solar_potential_score": 0.001,
        "facility_score": 0.8,
        "final_score": 38.81,
        "rank": 366,
        "solar_kwh_per_m2": 65.72
      }
    },
    {
      "type": "Feature",
      "geometry": {
        "type": "Point",
        "coordinates": [
          -78.94031826,
          43.89862715
        ]
      },
      "properties": {
        "name": "fairview lodge (the regional municipality of durham)",
        "type": "Ambulatory health care services",
        "city": "whitby",
        "address": "",
        "outage_risk_score": 0.482,
        "solar_potential_score": 0.2,
        "facility_score": 0.5,
        "final_score": 38.78,
        "rank": 367,
        "solar_kwh_per_m2": 66.73
      }
    },
    {
      "type": "Feature",
      "geometry": {
        "type": "Point",
        "coordinates": [
          -79.38994659,
          43.65822539
        ]
      },
      "properties": {
        "name": "university health network - princess margaret",
        "type": "Hospitals",
        "city": "toronto",
        "address": "",
        "outage_risk_score": 0.342,
        "solar_potential_score": 0.003,
        "facility_score": 1.0,
        "final_score": 38.78,
        "rank": 368,
        "solar_kwh_per_m2": 50.53
      }
    },
    {
      "type": "Feature",
      "geometry": {
        "type": "Point",
        "coordinates": [
          -79.28864066,
          43.76371901
        ]
      },
      "properties": {
        "name": "alexis lodge retirement residence",
        "type": "Nursing and residential care facilities",
        "city": "toronto",
        "address": "",
        "outage_risk_score": 0.467,
        "solar_potential_score": 0.002,
        "facility_score": 0.8,
        "final_score": 38.77,
        "rank": 369,
        "solar_kwh_per_m2": 75.9
      }
    },
    {
      "type": "Feature",
      "geometry": {
        "type": "Point",
        "coordinates": [
          -79.388447,
          43.6548253
        ]
      },
      "properties": {
        "name": "baycrest",
        "type": "Hospitals",
        "city": "toronto",
        "address": "",
        "outage_risk_score": 0.342,
        "solar_potential_score": 0.002,
        "facility_score": 1.0,
        "final_score": 38.74,
        "rank": 370,
        "solar_kwh_per_m2": 44.79
      }
    },
    {
      "type": "Feature",
      "geometry": {
        "type": "Point",
        "coordinates": [
          -79.387745,
          43.66171
        ]
      },
      "properties": {
        "name": "sunnybrook health sciences centre - women's college hospital",
        "type": "Hospitals",
        "city": "toronto",
        "address": "76 grenville st. toronto on m5s 1b2",
        "outage_risk_score": 0.341,
        "solar_potential_score": 0.003,
        "facility_score": 1.0,
        "final_score": 38.74,
        "rank": 371,
        "solar_kwh_per_m2": 50.53
      }
    },
    {
      "type": "Feature",
      "geometry": {
        "type": "Point",
        "coordinates": [
          -79.4060937,
          43.6537025
        ]
      },
      "properties": {
        "name": "university health network - toronto western hospital",
        "type": "Hospitals",
        "city": "toronto",
        "address": "399 bathurst st. toronto on m5t 2s8",
        "outage_risk_score": 0.342,
        "solar_potential_score": 0.0,
        "facility_score": 1.0,
        "final_score": 38.7,
        "rank": 372,
        "solar_kwh_per_m2": 73.36
      }
    },
    {
      "type": "Feature",
      "geometry": {
        "type": "Point",
        "coordinates": [
          -79.38600829,
          43.65653939
        ]
      },
      "properties": {
        "name": "ywca toronto",
        "type": "Nursing and residential care facilities",
        "city": "toronto",
        "address": "",
        "outage_risk_score": 0.465,
        "solar_potential_score": 0.003,
        "facility_score": 0.8,
        "final_score": 38.69,
        "rank": 373,
        "solar_kwh_per_m2": 50.53
      }
    },
    {
      "type": "Feature",
      "geometry": {
        "type": "Point",
        "coordinates": [
          -79.433654,
          43.7305734
        ]
      },
      "properties": {
        "name": "baycrest geriatric health care system",
        "type": "Nursing and residential care facilities",
        "city": "toronto",
        "address": "3560 bathurst st. toronto on m6a 2e1",
        "outage_risk_score": 0.466,
        "solar_potential_score": 0.001,
        "facility_score": 0.8,
        "final_score": 38.68,
        "rank": 374,
        "solar_kwh_per_m2": 73.05
      }
    },
    {
      "type": "Feature",
      "geometry": {
        "type": "Point",
        "coordinates": [
          -79.355147,
          43.6658334
        ]
      },
      "properties": {
        "name": "bridgepoint hospital",
        "type": "Nursing and residential care facilities",
        "city": "toronto",
        "address": "14 st. matthews rd. toronto on m4m 2b5",
        "outage_risk_score": 0.466,
        "solar_potential_score": 0.0,
        "facility_score": 0.8,
        "final_score": 38.65,
        "rank": 375,
        "solar_kwh_per_m2": 52.32
      }
    },
    {
      "type": "Feature",
      "geometry": {
        "type": "Point",
        "coordinates": [
          -79.16339403,
          43.78323942
        ]
      },
      "properties": {
        "name": "tony stacey centre for veterans' care",
        "type": "Nursing and residential care facilities",
        "city": "toronto",
        "address": "",
        "outage_risk_score": 0.466,
        "solar_potential_score": 0.001,
        "facility_score": 0.8,
        "final_score": 38.65,
        "rank": 376,
        "solar_kwh_per_m2": 57.48
      }
    },
    {
      "type": "Feature",
      "geometry": {
        "type": "Point",
        "coordinates": [
          -79.3902938,
          43.6575099
        ]
      },
      "properties": {
        "name": "mount sinai hospital",
        "type": "Hospitals",
        "city": "toronto",
        "address": "600 university ave. toronto on m5g 1x5",
        "outage_risk_score": 0.338,
        "solar_potential_score": 0.003,
        "facility_score": 1.0,
        "final_score": 38.63,
        "rank": 377,
        "solar_kwh_per_m2": 50.53
      }
    },
    {
      "type": "Feature",
      "geometry": {
        "type": "Point",
        "coordinates": [
          -79.3697116,
          43.7184894
        ]
      },
      "properties": {
        "name": "toronto rehabilitation institute - lyndhurst centre",
        "type": "Nursing and residential care facilities",
        "city": "toronto",
        "address": "520 sutherland dr. toronto on m4g 3v9",
        "outage_risk_score": 0.464,
        "solar_potential_score": 0.001,
        "facility_score": 0.8,
        "final_score": 38.59,
        "rank": 378,
        "solar_kwh_per_m2": 55.76
      }
    },
    {
      "type": "Feature",
      "geometry": {
        "type": "Point",
        "coordinates": [
          -79.29859826,
          43.68160949
        ]
      },
      "properties": {
        "name": "main street terrace",
        "type": "Nursing and residential care facilities",
        "city": "toronto",
        "address": "",
        "outage_risk_score": 0.463,
        "solar_potential_score": 0.0,
        "facility_score": 0.8,
        "final_score": 38.54,
        "rank": 379,
        "solar_kwh_per_m2": 51.19
      }
    },
    {
      "type": "Feature",
      "geometry": {
        "type": "Point",
        "coordinates": [
          -79.23443505,
          43.83209692
        ]
      },
      "properties": {
        "name": "arul oli senior centre",
        "type": "Nursing and residential care facilities",
        "city": "toronto",
        "address": "",
        "outage_risk_score": 0.463,
        "solar_potential_score": 0.001,
        "facility_score": 0.8,
        "final_score": 38.54,
        "rank": 380,
        "solar_kwh_per_m2": 66.0
      }
    },
    {
      "type": "Feature",
      "geometry": {
        "type": "Point",
        "coordinates": [
          -79.433168,
          43.636584
        ]
      },
      "properties": {
        "name": "lakeside long term care centre",
        "type": "Nursing and residential care facilities",
        "city": "toronto",
        "address": "",
        "outage_risk_score": 0.462,
        "solar_potential_score": 0.001,
        "facility_score": 0.8,
        "final_score": 38.51,
        "rank": 381,
        "solar_kwh_per_m2": 59.42
      }
    },
    {
      "type": "Feature",
      "geometry": {
        "type": "Point",
        "coordinates": [
          -79.43421181,
          43.7300765
        ]
      },
      "properties": {
        "name": "baycrest centre for geriatric care",
        "type": "Nursing and residential care facilities",
        "city": "toronto",
        "address": "",
        "outage_risk_score": 0.462,
        "solar_potential_score": 0.001,
        "facility_score": 0.8,
        "final_score": 38.51,
        "rank": 382,
        "solar_kwh_per_m2": 73.05
      }
    },
    {
      "type": "Feature",
      "geometry": {
        "type": "Point",
        "coordinates": [
          -79.4307008,
          43.64031588
        ]
      },
      "properties": {
        "name": "elm grove living centre",
        "type": "Nursing and residential care facilities",
        "city": "toronto",
        "address": "",
        "outage_risk_score": 0.461,
        "solar_potential_score": 0.001,
        "facility_score": 0.8,
        "final_score": 38.46,
        "rank": 383,
        "solar_kwh_per_m2": 59.42
      }
    },
    {
      "type": "Feature",
      "geometry": {
        "type": "Point",
        "coordinates": [
          -79.388447,
          43.6548253
        ]
      },
      "properties": {
        "name": "humber river hospital \u0097 wilson site",
        "type": "Hospitals",
        "city": "toronto",
        "address": "",
        "outage_risk_score": 0.335,
        "solar_potential_score": 0.002,
        "facility_score": 1.0,
        "final_score": 38.45,
        "rank": 384,
        "solar_kwh_per_m2": 44.79
      }
    },
    {
      "type": "Feature",
      "geometry": {
        "type": "Point",
        "coordinates": [
          -79.388447,
          43.6548253
        ]
      },
      "properties": {
        "name": "sunnybrook health sciences centre \u0097 sunnybrook campus",
        "type": "Hospitals",
        "city": "toronto",
        "address": "",
        "outage_risk_score": 0.334,
        "solar_potential_score": 0.002,
        "facility_score": 1.0,
        "final_score": 38.43,
        "rank": 385,
        "solar_kwh_per_m2": 44.79
      }
    },
    {
      "type": "Feature",
      "geometry": {
        "type": "Point",
        "coordinates": [
          -79.39321379,
          43.65426168
        ]
      },
      "properties": {
        "name": "renascent fellowship, the",
        "type": "Nursing and residential care facilities",
        "city": "toronto",
        "address": "",
        "outage_risk_score": 0.459,
        "solar_potential_score": 0.002,
        "facility_score": 0.8,
        "final_score": 38.4,
        "rank": 386,
        "solar_kwh_per_m2": 44.79
      }
    },
    {
      "type": "Feature",
      "geometry": {
        "type": "Point",
        "coordinates": [
          -79.38275468,
          43.66168609
        ]
      },
      "properties": {
        "name": "women's health in women's hands community health centre",
        "type": "Hospitals",
        "city": "toronto",
        "address": "",
        "outage_risk_score": 0.333,
        "solar_potential_score": 0.002,
        "facility_score": 1.0,
        "final_score": 38.4,
        "rank": 387,
        "solar_kwh_per_m2": 41.29
      }
    },
    {
      "type": "Feature",
      "geometry": {
        "type": "Point",
        "coordinates": [
          -79.41276169,
          43.66830209
        ]
      },
      "properties": {
        "name": "vermont square",
        "type": "Nursing and residential care facilities",
        "city": "toronto",
        "address": "",
        "outage_risk_score": 0.459,
        "solar_potential_score": 0.001,
        "facility_score": 0.8,
        "final_score": 38.36,
        "rank": 388,
        "solar_kwh_per_m2": 53.77
      }
    },
    {
      "type": "Feature",
      "geometry": {
        "type": "Point",
        "coordinates": [
          -79.45648501,
          43.71064079
        ]
      },
      "properties": {
        "name": "villa colombo homes for the aged",
        "type": "Nursing and residential care facilities",
        "city": "toronto",
        "address": "",
        "outage_risk_score": 0.457,
        "solar_potential_score": 0.002,
        "facility_score": 0.8,
        "final_score": 38.36,
        "rank": 389,
        "solar_kwh_per_m2": 74.36
      }
    },
    {
      "type": "Feature",
      "geometry": {
        "type": "Point",
        "coordinates": [
          -79.4432376,
          43.65838018
        ]
      },
      "properties": {
        "name": "homes first society",
        "type": "Nursing and residential care facilities",
        "city": "toronto",
        "address": "",
        "outage_risk_score": 0.457,
        "solar_potential_score": 0.001,
        "facility_score": 0.8,
        "final_score": 38.31,
        "rank": 390,
        "solar_kwh_per_m2": 74.3
      }
    },
    {
      "type": "Feature",
      "geometry": {
        "type": "Point",
        "coordinates": [
          -79.388447,
          43.6548253
        ]
      },
      "properties": {
        "name": "north york general hospital \u0097 reactivation care centre finch",
        "type": "Hospitals",
        "city": "toronto",
        "address": "",
        "outage_risk_score": 0.331,
        "solar_potential_score": 0.002,
        "facility_score": 1.0,
        "final_score": 38.28,
        "rank": 391,
        "solar_kwh_per_m2": 44.79
      }
    },
    {
      "type": "Feature",
      "geometry": {
        "type": "Point",
        "coordinates": [
          -79.27484865,
          43.6936488
        ]
      },
      "properties": {
        "name": "chester village",
        "type": "Nursing and residential care facilities",
        "city": "toronto",
        "address": "",
        "outage_risk_score": 0.456,
        "solar_potential_score": 0.0,
        "facility_score": 0.8,
        "final_score": 38.27,
        "rank": 392,
        "solar_kwh_per_m2": 47.62
      }
    },
    {
      "type": "Feature",
      "geometry": {
        "type": "Point",
        "coordinates": [
          -79.37001078,
          43.65869789
        ]
      },
      "properties": {
        "name": "street health community nursing foundation",
        "type": "Nursing and residential care facilities",
        "city": "toronto",
        "address": "",
        "outage_risk_score": 0.456,
        "solar_potential_score": 0.001,
        "facility_score": 0.8,
        "final_score": 38.27,
        "rank": 393,
        "solar_kwh_per_m2": 56.11
      }
    },
    {
      "type": "Feature",
      "geometry": {
        "type": "Point",
        "coordinates": [
          -79.50788773,
          43.68933979
        ]
      },
      "properties": {
        "name": "west park long term care centre",
        "type": "Nursing and residential care facilities",
        "city": "toronto",
        "address": "",
        "outage_risk_score": 0.456,
        "solar_potential_score": 0.001,
        "facility_score": 0.8,
        "final_score": 38.27,
        "rank": 394,
        "solar_kwh_per_m2": 58.55
      }
    },
    {
      "type": "Feature",
      "geometry": {
        "type": "Point",
        "coordinates": [
          -79.388447,
          43.6548253
        ]
      },
      "properties": {
        "name": "sienna senior living inc. \u0097 harmony hills care community",
        "type": "Nursing and residential care facilities",
        "city": "toronto",
        "address": "",
        "outage_risk_score": 0.455,
        "solar_potential_score": 0.002,
        "facility_score": 0.8,
        "final_score": 38.27,
        "rank": 395,
        "solar_kwh_per_m2": 44.79
      }
    },
    {
      "type": "Feature",
      "geometry": {
        "type": "Point",
        "coordinates": [
          -79.37508638,
          43.66765829
        ]
      },
      "properties": {
        "name": "fife house",
        "type": "Nursing and residential care facilities",
        "city": "toronto",
        "address": "",
        "outage_risk_score": 0.455,
        "solar_potential_score": 0.001,
        "facility_score": 0.8,
        "final_score": 38.26,
        "rank": 396,
        "solar_kwh_per_m2": 47.22
      }
    },
    {
      "type": "Feature",
      "geometry": {
        "type": "Point",
        "coordinates": [
          -79.4186887,
          43.66476219
        ]
      },
      "properties": {
        "name": "the o'neill centre",
        "type": "Nursing and residential care facilities",
        "city": "toronto",
        "address": "",
        "outage_risk_score": 0.455,
        "solar_potential_score": 0.0,
        "facility_score": 0.8,
        "final_score": 38.21,
        "rank": 397,
        "solar_kwh_per_m2": 71.89
      }
    },
    {
      "type": "Feature",
      "geometry": {
        "type": "Point",
        "coordinates": [
          -79.4285026,
          43.64812078
        ]
      },
      "properties": {
        "name": "fairview nursing home",
        "type": "Nursing and residential care facilities",
        "city": "toronto",
        "address": "",
        "outage_risk_score": 0.454,
        "solar_potential_score": 0.0,
        "facility_score": 0.8,
        "final_score": 38.19,
        "rank": 398,
        "solar_kwh_per_m2": 68.46
      }
    },
    {
      "type": "Feature",
      "geometry": {
        "type": "Point",
        "coordinates": [
          -79.34114138,
          43.7093926
        ]
      },
      "properties": {
        "name": "leaside",
        "type": "Nursing and residential care facilities",
        "city": "toronto",
        "address": "",
        "outage_risk_score": 0.441,
        "solar_potential_score": 0.015,
        "facility_score": 0.8,
        "final_score": 38.19,
        "rank": 399,
        "solar_kwh_per_m2": 97.42
      }
    },
    {
      "type": "Feature",
      "geometry": {
        "type": "Point",
        "coordinates": [
          -79.29886836,
          43.7021584
        ]
      },
      "properties": {
        "name": "south riverdale community health centre",
        "type": "Nursing and residential care facilities",
        "city": "toronto",
        "address": "",
        "outage_risk_score": 0.454,
        "solar_potential_score": 0.001,
        "facility_score": 0.8,
        "final_score": 38.17,
        "rank": 400,
        "solar_kwh_per_m2": 65.95
      }
    },
    {
      "type": "Feature",
      "geometry": {
        "type": "Point",
        "coordinates": [
          -79.43421181,
          43.7300765
        ]
      },
      "properties": {
        "name": "the jewish home for the aged",
        "type": "Nursing and residential care facilities",
        "city": "toronto",
        "address": "",
        "outage_risk_score": 0.453,
        "solar_potential_score": 0.001,
        "facility_score": 0.8,
        "final_score": 38.15,
        "rank": 401,
        "solar_kwh_per_m2": 73.05
      }
    },
    {
      "type": "Feature",
      "geometry": {
        "type": "Point",
        "coordinates": [
          -79.39106979,
          43.67461349
        ]
      },
      "properties": {
        "name": "belmont house",
        "type": "Nursing and residential care facilities",
        "city": "toronto",
        "address": "",
        "outage_risk_score": 0.452,
        "solar_potential_score": 0.001,
        "facility_score": 0.8,
        "final_score": 38.15,
        "rank": 402,
        "solar_kwh_per_m2": 41.34
      }
    },
    {
      "type": "Feature",
      "geometry": {
        "type": "Point",
        "coordinates": [
          -79.40423059,
          43.64659738
        ]
      },
      "properties": {
        "name": "parkdale queen west community health centre",
        "type": "Hospitals",
        "city": "toronto",
        "address": "",
        "outage_risk_score": 0.327,
        "solar_potential_score": 0.001,
        "facility_score": 1.0,
        "final_score": 38.13,
        "rank": 403,
        "solar_kwh_per_m2": 66.19
      }
    },
    {
      "type": "Feature",
      "geometry": {
        "type": "Point",
        "coordinates": [
          -79.27714255,
          43.705765
        ]
      },
      "properties": {
        "name": "ina grafton gage home",
        "type": "Nursing and residential care facilities",
        "city": "toronto",
        "address": "",
        "outage_risk_score": 0.452,
        "solar_potential_score": 0.001,
        "facility_score": 0.8,
        "final_score": 38.11,
        "rank": 404,
        "solar_kwh_per_m2": 76.01
      }
    },
    {
      "type": "Feature",
      "geometry": {
        "type": "Point",
        "coordinates": [
          -79.29021727,
          43.81423242
        ]
      },
      "properties": {
        "name": "yee hong centre - scarborough mcnicoll",
        "type": "Nursing and residential care facilities",
        "city": "toronto",
        "address": "",
        "outage_risk_score": 0.45,
        "solar_potential_score": 0.002,
        "facility_score": 0.8,
        "final_score": 38.1,
        "rank": 405,
        "solar_kwh_per_m2": 80.09
      }
    },
    {
      "type": "Feature",
      "geometry": {
        "type": "Point",
        "coordinates": [
          -79.388447,
          43.6548253
        ]
      },
      "properties": {
        "name": "sinai health system \u0097 mount sinai hospital",
        "type": "Hospitals",
        "city": "toronto",
        "address": "",
        "outage_risk_score": 0.326,
        "solar_potential_score": 0.002,
        "facility_score": 1.0,
        "final_score": 38.08,
        "rank": 406,
        "solar_kwh_per_m2": 44.79
      }
    },
    {
      "type": "Feature",
      "geometry": {
        "type": "Point",
        "coordinates": [
          -79.4311146,
          43.64322438
        ]
      },
      "properties": {
        "name": "breakaway addiction services",
        "type": "Nursing and residential care facilities",
        "city": "toronto",
        "address": "",
        "outage_risk_score": 0.451,
        "solar_potential_score": 0.001,
        "facility_score": 0.8,
        "final_score": 38.06,
        "rank": 407,
        "solar_kwh_per_m2": 59.42
      }
    },
    {
      "type": "Feature",
      "geometry": {
        "type": "Point",
        "coordinates": [
          -79.20455254,
          43.78040642
        ]
      },
      "properties": {
        "name": "scarborough and rouge hospital",
        "type": "Nursing and residential care facilities",
        "city": "toronto",
        "address": "",
        "outage_risk_score": 0.443,
        "solar_potential_score": 0.009,
        "facility_score": 0.8,
        "final_score": 38.04,
        "rank": 408,
        "solar_kwh_per_m2": 77.01
      }
    },
    {
      "type": "Feature",
      "geometry": {
        "type": "Point",
        "coordinates": [
          -79.526393,
          43.754503
        ]
      },
      "properties": {
        "name": "humber river hospital -york finch",
        "type": "Hospitals",
        "city": "toronto",
        "address": "",
        "outage_risk_score": 0.308,
        "solar_potential_score": 0.02,
        "facility_score": 1.0,
        "final_score": 38.02,
        "rank": 409,
        "solar_kwh_per_m2": 111.33
      }
    },
    {
      "type": "Feature",
      "geometry": {
        "type": "Point",
        "coordinates": [
          -79.50005012,
          43.60223377
        ]
      },
      "properties": {
        "name": "lakeshore area multi-service project inc. (lamp)",
        "type": "Nursing and residential care facilities",
        "city": "toronto",
        "address": "",
        "outage_risk_score": 0.45,
        "solar_potential_score": 0.001,
        "facility_score": 0.8,
        "final_score": 38.01,
        "rank": 410,
        "solar_kwh_per_m2": 54.24
      }
    },
    {
      "type": "Feature",
      "geometry": {
        "type": "Point",
        "coordinates": [
          -79.36934819,
          43.7183272
        ]
      },
      "properties": {
        "name": "university health network - lyndhurst",
        "type": "Hospitals",
        "city": "toronto",
        "address": "",
        "outage_risk_score": 0.325,
        "solar_potential_score": 0.001,
        "facility_score": 1.0,
        "final_score": 38.01,
        "rank": 411,
        "solar_kwh_per_m2": 55.76
      }
    },
    {
      "type": "Feature",
      "geometry": {
        "type": "Point",
        "coordinates": [
          -79.52690243,
          43.69710409
        ]
      },
      "properties": {
        "name": "the village of humber heights",
        "type": "Nursing and residential care facilities",
        "city": "toronto",
        "address": "",
        "outage_risk_score": 0.448,
        "solar_potential_score": 0.001,
        "facility_score": 0.8,
        "final_score": 37.93,
        "rank": 412,
        "solar_kwh_per_m2": 57.23
      }
    },
    {
      "type": "Feature",
      "geometry": {
        "type": "Point",
        "coordinates": [
          -79.22486164,
          43.75474181
        ]
      },
      "properties": {
        "name": "cedarbrook lodge retirement residence",
        "type": "Nursing and residential care facilities",
        "city": "toronto",
        "address": "",
        "outage_risk_score": 0.447,
        "solar_potential_score": 0.001,
        "facility_score": 0.8,
        "final_score": 37.93,
        "rank": 413,
        "solar_kwh_per_m2": 70.7
      }
    },
    {
      "type": "Feature",
      "geometry": {
        "type": "Point",
        "coordinates": [
          -79.37730728,
          43.65372609
        ]
      },
      "properties": {
        "name": "providence st. joseph's and st. michael's healthcare - st. michael's",
        "type": "Hospitals",
        "city": "toronto",
        "address": "",
        "outage_risk_score": 0.32,
        "solar_potential_score": 0.003,
        "facility_score": 1.0,
        "final_score": 37.9,
        "rank": 414,
        "solar_kwh_per_m2": 22.84
      }
    },
    {
      "type": "Feature",
      "geometry": {
        "type": "Point",
        "coordinates": [
          -79.38935669,
          43.65680509
        ]
      },
      "properties": {
        "name": "university health network - hillcrest",
        "type": "Hospitals",
        "city": "toronto",
        "address": "",
        "outage_risk_score": 0.32,
        "solar_potential_score": 0.003,
        "facility_score": 1.0,
        "final_score": 37.89,
        "rank": 415,
        "solar_kwh_per_m2": 50.53
      }
    },
    {
      "type": "Feature",
      "geometry": {
        "type": "Point",
        "coordinates": [
          -79.52073923,
          43.68288858
        ]
      },
      "properties": {
        "name": "chartwell scarlett heights retirement residence",
        "type": "Nursing and residential care facilities",
        "city": "toronto",
        "address": "",
        "outage_risk_score": 0.445,
        "solar_potential_score": 0.001,
        "facility_score": 0.8,
        "final_score": 37.87,
        "rank": 416,
        "solar_kwh_per_m2": 73.37
      }
    },
    {
      "type": "Feature",
      "geometry": {
        "type": "Point",
        "coordinates": [
          -79.39509179,
          43.65637419
        ]
      },
      "properties": {
        "name": "eden community homes",
        "type": "Nursing and residential care facilities",
        "city": "toronto",
        "address": "",
        "outage_risk_score": 0.446,
        "solar_potential_score": 0.001,
        "facility_score": 0.8,
        "final_score": 37.86,
        "rank": 417,
        "solar_kwh_per_m2": 60.37
      }
    },
    {
      "type": "Feature",
      "geometry": {
        "type": "Point",
        "coordinates": [
          -79.4811296,
          43.6641822
        ]
      },
      "properties": {
        "name": "runnymede healthcare centre",
        "type": "Nursing and residential care facilities",
        "city": "toronto",
        "address": "625 runnymede rd. toronto on m6s 3a3",
        "outage_risk_score": 0.446,
        "solar_potential_score": 0.0,
        "facility_score": 0.8,
        "final_score": 37.85,
        "rank": 418,
        "solar_kwh_per_m2": 49.43
      }
    },
    {
      "type": "Feature",
      "geometry": {
        "type": "Point",
        "coordinates": [
          -79.52008044,
          43.7652176
        ]
      },
      "properties": {
        "name": "jane/finch community and family centre",
        "type": "Nursing and residential care facilities",
        "city": "toronto",
        "address": "",
        "outage_risk_score": 0.442,
        "solar_potential_score": 0.003,
        "facility_score": 0.8,
        "final_score": 37.79,
        "rank": 419,
        "solar_kwh_per_m2": 90.31
      }
    },
    {
      "type": "Feature",
      "geometry": {
        "type": "Point",
        "coordinates": [
          -79.38241549,
          43.76720841
        ]
      },
      "properties": {
        "name": "amica at bayview gardens",
        "type": "Nursing and residential care facilities",
        "city": "toronto",
        "address": "",
        "outage_risk_score": 0.443,
        "solar_potential_score": 0.002,
        "facility_score": 0.8,
        "final_score": 37.76,
        "rank": 420,
        "solar_kwh_per_m2": 74.69
      }
    },
    {
      "type": "Feature",
      "geometry": {
        "type": "Point",
        "coordinates": [
          -79.33261657,
          43.70983
        ]
      },
      "properties": {
        "name": "flemingdon health centre",
        "type": "Hospitals",
        "city": "toronto",
        "address": "",
        "outage_risk_score": 0.313,
        "solar_potential_score": 0.005,
        "facility_score": 1.0,
        "final_score": 37.67,
        "rank": 421,
        "solar_kwh_per_m2": 70.6
      }
    },
    {
      "type": "Feature",
      "geometry": {
        "type": "Point",
        "coordinates": [
          -79.4738514,
          43.6974651
        ]
      },
      "properties": {
        "name": "humber river regional hospital - keele street site",
        "type": "Hospitals",
        "city": "toronto",
        "address": "2175 keele st. toronto on m6m 3z4",
        "outage_risk_score": 0.311,
        "solar_potential_score": 0.005,
        "facility_score": 1.0,
        "final_score": 37.65,
        "rank": 422,
        "solar_kwh_per_m2": 77.31
      }
    },
    {
      "type": "Feature",
      "geometry": {
        "type": "Point",
        "coordinates": [
          -79.48214652,
          43.71741799
        ]
      },
      "properties": {
        "name": "north park nursing home",
        "type": "Nursing and residential care facilities",
        "city": "toronto",
        "address": "",
        "outage_risk_score": 0.438,
        "solar_potential_score": 0.001,
        "facility_score": 0.8,
        "final_score": 37.54,
        "rank": 423,
        "solar_kwh_per_m2": 77.12
      }
    },
    {
      "type": "Feature",
      "geometry": {
        "type": "Point",
        "coordinates": [
          -79.38791859,
          43.67423139
        ]
      },
      "properties": {
        "name": "davenhill senior living",
        "type": "Nursing and residential care facilities",
        "city": "toronto",
        "address": "",
        "outage_risk_score": 0.436,
        "solar_potential_score": 0.001,
        "facility_score": 0.8,
        "final_score": 37.48,
        "rank": 424,
        "solar_kwh_per_m2": 41.34
      }
    },
    {
      "type": "Feature",
      "geometry": {
        "type": "Point",
        "coordinates": [
          -79.20313123,
          43.74686311
        ]
      },
      "properties": {
        "name": "extendicare guildwood",
        "type": "Nursing and residential care facilities",
        "city": "toronto",
        "address": "",
        "outage_risk_score": 0.435,
        "solar_potential_score": 0.001,
        "facility_score": 0.8,
        "final_score": 37.45,
        "rank": 425,
        "solar_kwh_per_m2": 71.74
      }
    },
    {
      "type": "Feature",
      "geometry": {
        "type": "Point",
        "coordinates": [
          -79.14005432,
          43.79854962
        ]
      },
      "properties": {
        "name": "altamont care community",
        "type": "Nursing and residential care facilities",
        "city": "toronto",
        "address": "",
        "outage_risk_score": 0.435,
        "solar_potential_score": 0.001,
        "facility_score": 0.8,
        "final_score": 37.43,
        "rank": 426,
        "solar_kwh_per_m2": 67.82
      }
    },
    {
      "type": "Feature",
      "geometry": {
        "type": "Point",
        "coordinates": [
          -79.37938038,
          43.65654429
        ]
      },
      "properties": {
        "name": "city of toronto",
        "type": "Nursing and residential care facilities",
        "city": "toronto",
        "address": "",
        "outage_risk_score": 0.434,
        "solar_potential_score": 0.002,
        "facility_score": 0.8,
        "final_score": 37.43,
        "rank": 427,
        "solar_kwh_per_m2": 41.29
      }
    },
    {
      "type": "Feature",
      "geometry": {
        "type": "Point",
        "coordinates": [
          -79.51168893,
          43.72178469
        ]
      },
      "properties": {
        "name": "black creek community health centre",
        "type": "Nursing and residential care facilities",
        "city": "toronto",
        "address": "",
        "outage_risk_score": 0.433,
        "solar_potential_score": 0.003,
        "facility_score": 0.8,
        "final_score": 37.41,
        "rank": 428,
        "solar_kwh_per_m2": 84.61
      }
    },
    {
      "type": "Feature",
      "geometry": {
        "type": "Point",
        "coordinates": [
          -79.21573104,
          43.73904541
        ]
      },
      "properties": {
        "name": "scarborough centre for healthy communities",
        "type": "Hospitals",
        "city": "toronto",
        "address": "",
        "outage_risk_score": 0.309,
        "solar_potential_score": 0.002,
        "facility_score": 1.0,
        "final_score": 37.41,
        "rank": 429,
        "solar_kwh_per_m2": 73.47
      }
    },
    {
      "type": "Feature",
      "geometry": {
        "type": "Point",
        "coordinates": [
          -79.43936142,
          43.89114592
        ]
      },
      "properties": {
        "name": "delmanor elgin mills",
        "type": "Nursing and residential care facilities",
        "city": "richmond hill",
        "address": "",
        "outage_risk_score": 0.26,
        "solar_potential_score": 0.2,
        "facility_score": 0.8,
        "final_score": 37.41,
        "rank": 430,
        "solar_kwh_per_m2": 66.73
      }
    },
    {
      "type": "Feature",
      "geometry": {
        "type": "Point",
        "coordinates": [
          -79.388447,
          43.6548253
        ]
      },
      "properties": {
        "name": "sienna senior living inc. \u0097 weston terrace care community",
        "type": "Nursing and residential care facilities",
        "city": "toronto",
        "address": "",
        "outage_risk_score": 0.434,
        "solar_potential_score": 0.002,
        "facility_score": 0.8,
        "final_score": 37.4,
        "rank": 431,
        "solar_kwh_per_m2": 44.79
      }
    },
    {
      "type": "Feature",
      "geometry": {
        "type": "Point",
        "coordinates": [
          -79.3776706,
          43.6539147
        ]
      },
      "properties": {
        "name": "st. michael's hospital - bond st. site",
        "type": "Hospitals",
        "city": "toronto",
        "address": "30 bond st. toronto on m5b 1w8",
        "outage_risk_score": 0.307,
        "solar_potential_score": 0.003,
        "facility_score": 1.0,
        "final_score": 37.39,
        "rank": 432,
        "solar_kwh_per_m2": 22.84
      }
    },
    {
      "type": "Feature",
      "geometry": {
        "type": "Point",
        "coordinates": [
          -79.4217856,
          43.67317759
        ]
      },
      "properties": {
        "name": "castleview wychwood towers",
        "type": "Nursing and residential care facilities",
        "city": "toronto",
        "address": "",
        "outage_risk_score": 0.434,
        "solar_potential_score": 0.001,
        "facility_score": 0.8,
        "final_score": 37.37,
        "rank": 433,
        "solar_kwh_per_m2": 65.94
      }
    },
    {
      "type": "Feature",
      "geometry": {
        "type": "Point",
        "coordinates": [
          -79.388447,
          43.6548253
        ]
      },
      "properties": {
        "name": "university health network \u0097 toronto rehab lyndhurst centre",
        "type": "Hospitals",
        "city": "toronto",
        "address": "",
        "outage_risk_score": 0.308,
        "solar_potential_score": 0.002,
        "facility_score": 1.0,
        "final_score": 37.37,
        "rank": 434,
        "solar_kwh_per_m2": 44.79
      }
    },
    {
      "type": "Feature",
      "geometry": {
        "type": "Point",
        "coordinates": [
          -79.34558197,
          43.68025289
        ]
      },
      "properties": {
        "name": "nisbet lodge",
        "type": "Nursing and residential care facilities",
        "city": "toronto",
        "address": "",
        "outage_risk_score": 0.433,
        "solar_potential_score": 0.0,
        "facility_score": 0.8,
        "final_score": 37.33,
        "rank": 435,
        "solar_kwh_per_m2": 55.35
      }
    },
    {
      "type": "Feature",
      "geometry": {
        "type": "Point",
        "coordinates": [
          -79.27408486,
          43.74876471
        ]
      },
      "properties": {
        "name": "hellenic home - scarborough",
        "type": "Nursing and residential care facilities",
        "city": "toronto",
        "address": "",
        "outage_risk_score": 0.429,
        "solar_potential_score": 0.005,
        "facility_score": 0.8,
        "final_score": 37.33,
        "rank": 436,
        "solar_kwh_per_m2": 84.36
      }
    },
    {
      "type": "Feature",
      "geometry": {
        "type": "Point",
        "coordinates": [
          -79.3874511,
          43.6615988
        ]
      },
      "properties": {
        "name": "women's college hospital",
        "type": "Hospitals",
        "city": "toronto",
        "address": "76 grenville st. toronto on m5s 1b2",
        "outage_risk_score": 0.305,
        "solar_potential_score": 0.003,
        "facility_score": 1.0,
        "final_score": 37.31,
        "rank": 437,
        "solar_kwh_per_m2": 50.53
      }
    },
    {
      "type": "Feature",
      "geometry": {
        "type": "Point",
        "coordinates": [
          -79.41371529999999,
          43.8688079
        ]
      },
      "properties": {
        "name": "sienna senior living inc. \u0097 langstaff square care community",
        "type": "Nursing and residential care facilities",
        "city": "richmond hill",
        "address": "",
        "outage_risk_score": 0.257,
        "solar_potential_score": 0.2,
        "facility_score": 0.8,
        "final_score": 37.27,
        "rank": 438,
        "solar_kwh_per_m2": 66.73
      }
    },
    {
      "type": "Feature",
      "geometry": {
        "type": "Point",
        "coordinates": [
          -79.37282579,
          43.80779081
        ]
      },
      "properties": {
        "name": "chartwell gibson retirement residence",
        "type": "Nursing and residential care facilities",
        "city": "toronto",
        "address": "",
        "outage_risk_score": 0.429,
        "solar_potential_score": 0.002,
        "facility_score": 0.8,
        "final_score": 37.21,
        "rank": 439,
        "solar_kwh_per_m2": 78.29
      }
    },
    {
      "type": "Feature",
      "geometry": {
        "type": "Point",
        "coordinates": [
          -79.29511607,
          43.78183521
        ]
      },
      "properties": {
        "name": "shepherd terrace retirement residence",
        "type": "Nursing and residential care facilities",
        "city": "toronto",
        "address": "",
        "outage_risk_score": 0.428,
        "solar_potential_score": 0.002,
        "facility_score": 0.8,
        "final_score": 37.17,
        "rank": 440,
        "solar_kwh_per_m2": 75.63
      }
    },
    {
      "type": "Feature",
      "geometry": {
        "type": "Point",
        "coordinates": [
          -79.21012454,
          43.76375641
        ]
      },
      "properties": {
        "name": "extendicare scarborough",
        "type": "Nursing and residential care facilities",
        "city": "toronto",
        "address": "",
        "outage_risk_score": 0.428,
        "solar_potential_score": 0.001,
        "facility_score": 0.8,
        "final_score": 37.16,
        "rank": 441,
        "solar_kwh_per_m2": 76.53
      }
    },
    {
      "type": "Feature",
      "geometry": {
        "type": "Point",
        "coordinates": [
          -79.34066228,
          43.734248
        ]
      },
      "properties": {
        "name": "donway place",
        "type": "Nursing and residential care facilities",
        "city": "toronto",
        "address": "",
        "outage_risk_score": 0.427,
        "solar_potential_score": 0.003,
        "facility_score": 0.8,
        "final_score": 37.16,
        "rank": 442,
        "solar_kwh_per_m2": 68.1
      }
    },
    {
      "type": "Feature",
      "geometry": {
        "type": "Point",
        "coordinates": [
          -79.36252578,
          43.65615969
        ]
      },
      "properties": {
        "name": "good shepherd refuge social ministries",
        "type": "Nursing and residential care facilities",
        "city": "toronto",
        "address": "",
        "outage_risk_score": 0.428,
        "solar_potential_score": 0.001,
        "facility_score": 0.8,
        "final_score": 37.15,
        "rank": 443,
        "solar_kwh_per_m2": 61.39
      }
    },
    {
      "type": "Feature",
      "geometry": {
        "type": "Point",
        "coordinates": [
          -79.36614148,
          43.7131299
        ]
      },
      "properties": {
        "name": "suomi-koti toronto nursing home",
        "type": "Nursing and residential care facilities",
        "city": "toronto",
        "address": "",
        "outage_risk_score": 0.428,
        "solar_potential_score": 0.0,
        "facility_score": 0.8,
        "final_score": 37.14,
        "rank": 444,
        "solar_kwh_per_m2": 49.92
      }
    },
    {
      "type": "Feature",
      "geometry": {
        "type": "Point",
        "coordinates": [
          -79.44182311,
          43.7641371
        ]
      },
      "properties": {
        "name": "chai-tikvah foundation, the",
        "type": "Nursing and residential care facilities",
        "city": "toronto",
        "address": "",
        "outage_risk_score": 0.427,
        "solar_potential_score": 0.001,
        "facility_score": 0.8,
        "final_score": 37.12,
        "rank": 445,
        "solar_kwh_per_m2": 75.78
      }
    },
    {
      "type": "Feature",
      "geometry": {
        "type": "Point",
        "coordinates": [
          -79.4293819,
          43.63752278
        ]
      },
      "properties": {
        "name": "norwood nursing home",
        "type": "Nursing and residential care facilities",
        "city": "toronto",
        "address": "",
        "outage_risk_score": 0.426,
        "solar_potential_score": 0.001,
        "facility_score": 0.8,
        "final_score": 37.07,
        "rank": 446,
        "solar_kwh_per_m2": 59.42
      }
    },
    {
      "type": "Feature",
      "geometry": {
        "type": "Point",
        "coordinates": [
          -79.4040568,
          43.7875454
        ]
      },
      "properties": {
        "name": "st. john's rehabilitation hospital",
        "type": "Nursing and residential care facilities",
        "city": "toronto",
        "address": "285 cummer ave. toronto on m2m 2g1",
        "outage_risk_score": 0.425,
        "solar_potential_score": 0.001,
        "facility_score": 0.8,
        "final_score": 37.06,
        "rank": 447,
        "solar_kwh_per_m2": 67.01
      }
    },
    {
      "type": "Feature",
      "geometry": {
        "type": "Point",
        "coordinates": [
          -79.25466546,
          43.80871682
        ]
      },
      "properties": {
        "name": "yee hong centre - scarborough finch",
        "type": "Nursing and residential care facilities",
        "city": "toronto",
        "address": "",
        "outage_risk_score": 0.405,
        "solar_potential_score": 0.024,
        "facility_score": 0.8,
        "final_score": 37.05,
        "rank": 448,
        "solar_kwh_per_m2": 93.15
      }
    },
    {
      "type": "Feature",
      "geometry": {
        "type": "Point",
        "coordinates": [
          -79.31066676,
          43.68664259
        ]
      },
      "properties": {
        "name": "a-way express courier service",
        "type": "Nursing and residential care facilities",
        "city": "toronto",
        "address": "",
        "outage_risk_score": 0.426,
        "solar_potential_score": 0.0,
        "facility_score": 0.8,
        "final_score": 37.04,
        "rank": 449,
        "solar_kwh_per_m2": 54.34
      }
    },
    {
      "type": "Feature",
      "geometry": {
        "type": "Point",
        "coordinates": [
          -79.40331899,
          43.65733638
        ]
      },
      "properties": {
        "name": "kensington eye institute",
        "type": "Hospitals",
        "city": "toronto",
        "address": "",
        "outage_risk_score": 0.3,
        "solar_potential_score": 0.001,
        "facility_score": 1.0,
        "final_score": 37.03,
        "rank": 450,
        "solar_kwh_per_m2": 60.37
      }
    },
    {
      "type": "Feature",
      "geometry": {
        "type": "Point",
        "coordinates": [
          -79.40018149,
          43.68422839
        ]
      },
      "properties": {
        "name": "amica at the balmoral club",
        "type": "Nursing and residential care facilities",
        "city": "toronto",
        "address": "",
        "outage_risk_score": 0.425,
        "solar_potential_score": 0.001,
        "facility_score": 0.8,
        "final_score": 37.01,
        "rank": 451,
        "solar_kwh_per_m2": 52.06
      }
    },
    {
      "type": "Feature",
      "geometry": {
        "type": "Point",
        "coordinates": [
          -79.51880674,
          43.7589948
        ]
      },
      "properties": {
        "name": "across boundaries: an ethnocultural mental health centre",
        "type": "Nursing and residential care facilities",
        "city": "toronto",
        "address": "",
        "outage_risk_score": 0.423,
        "solar_potential_score": 0.003,
        "facility_score": 0.8,
        "final_score": 37.01,
        "rank": 452,
        "solar_kwh_per_m2": 90.99
      }
    },
    {
      "type": "Feature",
      "geometry": {
        "type": "Point",
        "coordinates": [
          -79.3989676,
          43.6584046
        ]
      },
      "properties": {
        "name": "centre for addiction and mental health - college st. site",
        "type": "Nursing and residential care facilities",
        "city": "toronto",
        "address": "250 college st. toronto on m5t 1r8",
        "outage_risk_score": 0.424,
        "solar_potential_score": 0.001,
        "facility_score": 0.8,
        "final_score": 37.0,
        "rank": 453,
        "solar_kwh_per_m2": 60.37
      }
    },
    {
      "type": "Feature",
      "geometry": {
        "type": "Point",
        "coordinates": [
          -79.30345907,
          43.7439777
        ]
      },
      "properties": {
        "name": "the wexford",
        "type": "Nursing and residential care facilities",
        "city": "toronto",
        "address": "",
        "outage_risk_score": 0.424,
        "solar_potential_score": 0.001,
        "facility_score": 0.8,
        "final_score": 36.99,
        "rank": 454,
        "solar_kwh_per_m2": 74.24
      }
    },
    {
      "type": "Feature",
      "geometry": {
        "type": "Point",
        "coordinates": [
          -79.39314779,
          43.65527498
        ]
      },
      "properties": {
        "name": "mon sheong home for the aged",
        "type": "Nursing and residential care facilities",
        "city": "toronto",
        "address": "",
        "outage_risk_score": 0.422,
        "solar_potential_score": 0.003,
        "facility_score": 0.8,
        "final_score": 36.99,
        "rank": 455,
        "solar_kwh_per_m2": 50.53
      }
    },
    {
      "type": "Feature",
      "geometry": {
        "type": "Point",
        "coordinates": [
          -79.26619476,
          43.80182762
        ]
      },
      "properties": {
        "name": "bethseda home",
        "type": "Nursing and residential care facilities",
        "city": "toronto",
        "address": "",
        "outage_risk_score": 0.423,
        "solar_potential_score": 0.002,
        "facility_score": 0.8,
        "final_score": 36.98,
        "rank": 456,
        "solar_kwh_per_m2": 77.73
      }
    },
    {
      "type": "Feature",
      "geometry": {
        "type": "Point",
        "coordinates": [
          -79.44494411,
          43.71953449
        ]
      },
      "properties": {
        "name": "unison health and community services.",
        "type": "Hospitals",
        "city": "toronto",
        "address": "",
        "outage_risk_score": 0.298,
        "solar_potential_score": 0.001,
        "facility_score": 1.0,
        "final_score": 36.97,
        "rank": 457,
        "solar_kwh_per_m2": 66.57
      }
    },
    {
      "type": "Feature",
      "geometry": {
        "type": "Point",
        "coordinates": [
          -79.38687049,
          43.69894059
        ]
      },
      "properties": {
        "name": "the claremont",
        "type": "Nursing and residential care facilities",
        "city": "toronto",
        "address": "",
        "outage_risk_score": 0.423,
        "solar_potential_score": 0.001,
        "facility_score": 0.8,
        "final_score": 36.94,
        "rank": 458,
        "solar_kwh_per_m2": 54.13
      }
    },
    {
      "type": "Feature",
      "geometry": {
        "type": "Point",
        "coordinates": [
          -79.33598338,
          43.80577041
        ]
      },
      "properties": {
        "name": "mcnicoll manor/moll berczy haus",
        "type": "Nursing and residential care facilities",
        "city": "toronto",
        "address": "",
        "outage_risk_score": 0.39,
        "solar_potential_score": 0.039,
        "facility_score": 0.8,
        "final_score": 36.94,
        "rank": 459,
        "solar_kwh_per_m2": 116.18
      }
    },
    {
      "type": "Feature",
      "geometry": {
        "type": "Point",
        "coordinates": [
          -79.42478351,
          43.84482422
        ]
      },
      "properties": {
        "name": "langstaff square care community",
        "type": "Nursing and residential care facilities",
        "city": "richmond hill",
        "address": "",
        "outage_risk_score": 0.248,
        "solar_potential_score": 0.2,
        "facility_score": 0.8,
        "final_score": 36.92,
        "rank": 460,
        "solar_kwh_per_m2": 66.73
      }
    },
    {
      "type": "Feature",
      "geometry": {
        "type": "Point",
        "coordinates": [
          -79.388447,
          43.6548253
        ]
      },
      "properties": {
        "name": "hellenic home for the aged \u0097 hellenic care toronto",
        "type": "Nursing and residential care facilities",
        "city": "toronto",
        "address": "",
        "outage_risk_score": 0.421,
        "solar_potential_score": 0.002,
        "facility_score": 0.8,
        "final_score": 36.88,
        "rank": 461,
        "solar_kwh_per_m2": 44.79
      }
    },
    {
      "type": "Feature",
      "geometry": {
        "type": "Point",
        "coordinates": [
          -79.388447,
          43.6548253
        ]
      },
      "properties": {
        "name": "university health network \u0097 toronto rehab e. w. bickle centre for complex continuing care",
        "type": "Nursing and residential care facilities",
        "city": "toronto",
        "address": "",
        "outage_risk_score": 0.419,
        "solar_potential_score": 0.002,
        "facility_score": 0.8,
        "final_score": 36.81,
        "rank": 462,
        "solar_kwh_per_m2": 44.79
      }
    },
    {
      "type": "Feature",
      "geometry": {
        "type": "Point",
        "coordinates": [
          -79.3906724,
          43.79341251
        ]
      },
      "properties": {
        "name": "extendicare bayview",
        "type": "Nursing and residential care facilities",
        "city": "toronto",
        "address": "",
        "outage_risk_score": 0.418,
        "solar_potential_score": 0.002,
        "facility_score": 0.8,
        "final_score": 36.79,
        "rank": 463,
        "solar_kwh_per_m2": 74.37
      }
    },
    {
      "type": "Feature",
      "geometry": {
        "type": "Point",
        "coordinates": [
          -79.33705167,
          43.66190209
        ]
      },
      "properties": {
        "name": "woodgreen community services",
        "type": "Nursing and residential care facilities",
        "city": "toronto",
        "address": "",
        "outage_risk_score": 0.418,
        "solar_potential_score": 0.001,
        "facility_score": 0.8,
        "final_score": 36.75,
        "rank": 464,
        "solar_kwh_per_m2": 56.47
      }
    },
    {
      "type": "Feature",
      "geometry": {
        "type": "Point",
        "coordinates": [
          -79.44013881,
          43.7286636
        ]
      },
      "properties": {
        "name": "terraces of baycrest",
        "type": "Nursing and residential care facilities",
        "city": "toronto",
        "address": "",
        "outage_risk_score": 0.418,
        "solar_potential_score": 0.001,
        "facility_score": 0.8,
        "final_score": 36.75,
        "rank": 465,
        "solar_kwh_per_m2": 74.79
      }
    },
    {
      "type": "Feature",
      "geometry": {
        "type": "Point",
        "coordinates": [
          -79.40066839,
          43.68566339
        ]
      },
      "properties": {
        "name": "bradgate arms",
        "type": "Nursing and residential care facilities",
        "city": "toronto",
        "address": "",
        "outage_risk_score": 0.417,
        "solar_potential_score": 0.001,
        "facility_score": 0.8,
        "final_score": 36.71,
        "rank": 466,
        "solar_kwh_per_m2": 49.53
      }
    },
    {
      "type": "Feature",
      "geometry": {
        "type": "Point",
        "coordinates": [
          -79.18320493,
          43.77551412
        ]
      },
      "properties": {
        "name": "ehatare nursing home",
        "type": "Nursing and residential care facilities",
        "city": "toronto",
        "address": "",
        "outage_risk_score": 0.417,
        "solar_potential_score": 0.001,
        "facility_score": 0.8,
        "final_score": 36.71,
        "rank": 467,
        "solar_kwh_per_m2": 58.81
      }
    },
    {
      "type": "Feature",
      "geometry": {
        "type": "Point",
        "coordinates": [
          -79.388447,
          43.6548253
        ]
      },
      "properties": {
        "name": "schlegel villages \u0097 maynard nursing home",
        "type": "Nursing and residential care facilities",
        "city": "toronto",
        "address": "",
        "outage_risk_score": 0.416,
        "solar_potential_score": 0.002,
        "facility_score": 0.8,
        "final_score": 36.71,
        "rank": 468,
        "solar_kwh_per_m2": 44.79
      }
    },
    {
      "type": "Feature",
      "geometry": {
        "type": "Point",
        "coordinates": [
          -79.40343829,
          43.65819899
        ]
      },
      "properties": {
        "name": "the kensington gardens",
        "type": "Nursing and residential care facilities",
        "city": "toronto",
        "address": "",
        "outage_risk_score": 0.417,
        "solar_potential_score": 0.001,
        "facility_score": 0.8,
        "final_score": 36.7,
        "rank": 469,
        "solar_kwh_per_m2": 60.37
      }
    },
    {
      "type": "Feature",
      "geometry": {
        "type": "Point",
        "coordinates": [
          -79.388447,
          43.6548253
        ]
      },
      "properties": {
        "name": "mackenzie health \u0097 reactivation care centre finch",
        "type": "Hospitals",
        "city": "toronto",
        "address": "",
        "outage_risk_score": 0.291,
        "solar_potential_score": 0.002,
        "facility_score": 1.0,
        "final_score": 36.7,
        "rank": 470,
        "solar_kwh_per_m2": 44.79
      }
    },
    {
      "type": "Feature",
      "geometry": {
        "type": "Point",
        "coordinates": [
          -79.52347352,
          43.59791447
        ]
      },
      "properties": {
        "name": "fairfield residence",
        "type": "Nursing and residential care facilities",
        "city": "toronto",
        "address": "",
        "outage_risk_score": 0.415,
        "solar_potential_score": 0.001,
        "facility_score": 0.8,
        "final_score": 36.65,
        "rank": 471,
        "solar_kwh_per_m2": 59.86
      }
    },
    {
      "type": "Feature",
      "geometry": {
        "type": "Point",
        "coordinates": [
          -79.29492787,
          43.81258112
        ]
      },
      "properties": {
        "name": "carefirst transitional care centre",
        "type": "Nursing and residential care facilities",
        "city": "toronto",
        "address": "",
        "outage_risk_score": 0.414,
        "solar_potential_score": 0.002,
        "facility_score": 0.8,
        "final_score": 36.63,
        "rank": 472,
        "solar_kwh_per_m2": 80.09
      }
    },
    {
      "type": "Feature",
      "geometry": {
        "type": "Point",
        "coordinates": [
          -79.3994315,
          43.6597795
        ]
      },
      "properties": {
        "name": "centre for addiction and mental health - russell st. site",
        "type": "Nursing and residential care facilities",
        "city": "toronto",
        "address": "33 russell st. toronto on m5s 2s1",
        "outage_risk_score": 0.415,
        "solar_potential_score": 0.001,
        "facility_score": 0.8,
        "final_score": 36.62,
        "rank": 473,
        "solar_kwh_per_m2": 60.37
      }
    },
    {
      "type": "Feature",
      "geometry": {
        "type": "Point",
        "coordinates": [
          -79.25075635,
          43.74168081
        ]
      },
      "properties": {
        "name": "villa karuna home for seniors",
        "type": "Nursing and residential care facilities",
        "city": "toronto",
        "address": "",
        "outage_risk_score": 0.413,
        "solar_potential_score": 0.001,
        "facility_score": 0.8,
        "final_score": 36.57,
        "rank": 474,
        "solar_kwh_per_m2": 79.94
      }
    },
    {
      "type": "Feature",
      "geometry": {
        "type": "Point",
        "coordinates": [
          -79.32006477,
          43.76323831
        ]
      },
      "properties": {
        "name": "rayoak place",
        "type": "Nursing and residential care facilities",
        "city": "toronto",
        "address": "",
        "outage_risk_score": 0.412,
        "solar_potential_score": 0.001,
        "facility_score": 0.8,
        "final_score": 36.55,
        "rank": 475,
        "solar_kwh_per_m2": 82.65
      }
    },
    {
      "type": "Feature",
      "geometry": {
        "type": "Point",
        "coordinates": [
          -79.37366898,
          43.66811959
        ]
      },
      "properties": {
        "name": "progress place",
        "type": "Nursing and residential care facilities",
        "city": "toronto",
        "address": "",
        "outage_risk_score": 0.413,
        "solar_potential_score": 0.001,
        "facility_score": 0.8,
        "final_score": 36.54,
        "rank": 476,
        "solar_kwh_per_m2": 51.55
      }
    },
    {
      "type": "Feature",
      "geometry": {
        "type": "Point",
        "coordinates": [
          -79.4223122,
          43.67304599
        ]
      },
      "properties": {
        "name": "christie gardens",
        "type": "Nursing and residential care facilities",
        "city": "toronto",
        "address": "",
        "outage_risk_score": 0.413,
        "solar_potential_score": 0.001,
        "facility_score": 0.8,
        "final_score": 36.53,
        "rank": 477,
        "solar_kwh_per_m2": 65.94
      }
    },
    {
      "type": "Feature",
      "geometry": {
        "type": "Point",
        "coordinates": [
          -79.44169122,
          43.90172983
        ]
      },
      "properties": {
        "name": "elginwood",
        "type": "Nursing and residential care facilities",
        "city": "richmond hill",
        "address": "",
        "outage_risk_score": 0.238,
        "solar_potential_score": 0.2,
        "facility_score": 0.8,
        "final_score": 36.52,
        "rank": 478,
        "solar_kwh_per_m2": 66.73
      }
    },
    {
      "type": "Feature",
      "geometry": {
        "type": "Point",
        "coordinates": [
          -79.18867764,
          43.80332132
        ]
      },
      "properties": {
        "name": "extendicare rouge valley",
        "type": "Nursing and residential care facilities",
        "city": "toronto",
        "address": "",
        "outage_risk_score": 0.407,
        "solar_potential_score": 0.006,
        "facility_score": 0.8,
        "final_score": 36.51,
        "rank": 479,
        "solar_kwh_per_m2": 83.64
      }
    },
    {
      "type": "Feature",
      "geometry": {
        "type": "Point",
        "coordinates": [
          -79.4332507,
          43.64077598
        ]
      },
      "properties": {
        "name": "sistering - a woman's place",
        "type": "Nursing and residential care facilities",
        "city": "toronto",
        "address": "",
        "outage_risk_score": 0.411,
        "solar_potential_score": 0.001,
        "facility_score": 0.8,
        "final_score": 36.49,
        "rank": 480,
        "solar_kwh_per_m2": 59.42
      }
    },
    {
      "type": "Feature",
      "geometry": {
        "type": "Point",
        "coordinates": [
          -79.59203906,
          43.71686989
        ]
      },
      "properties": {
        "name": "canes community care",
        "type": "Nursing and residential care facilities",
        "city": "toronto",
        "address": "",
        "outage_risk_score": 0.411,
        "solar_potential_score": 0.002,
        "facility_score": 0.8,
        "final_score": 36.48,
        "rank": 481,
        "solar_kwh_per_m2": 76.09
      }
    },
    {
      "type": "Feature",
      "geometry": {
        "type": "Point",
        "coordinates": [
          -79.39254279,
          43.70000099
        ]
      },
      "properties": {
        "name": "isabel and arthur meighen manor",
        "type": "Nursing and residential care facilities",
        "city": "toronto",
        "address": "",
        "outage_risk_score": 0.411,
        "solar_potential_score": 0.001,
        "facility_score": 0.8,
        "final_score": 36.46,
        "rank": 482,
        "solar_kwh_per_m2": 54.13
      }
    },
    {
      "type": "Feature",
      "geometry": {
        "type": "Point",
        "coordinates": [
          -79.4252491,
          43.70622009
        ]
      },
      "properties": {
        "name": "forest hill place",
        "type": "Nursing and residential care facilities",
        "city": "toronto",
        "address": "",
        "outage_risk_score": 0.41,
        "solar_potential_score": 0.001,
        "facility_score": 0.8,
        "final_score": 36.46,
        "rank": 483,
        "solar_kwh_per_m2": 67.19
      }
    },
    {
      "type": "Feature",
      "geometry": {
        "type": "Point",
        "coordinates": [
          -79.3832017,
          43.670326
        ]
      },
      "properties": {
        "name": "the salvation army toronto grace health centre",
        "type": "Nursing and residential care facilities",
        "city": "toronto",
        "address": "650 church st. toronto on m4y 2g5",
        "outage_risk_score": 0.409,
        "solar_potential_score": 0.001,
        "facility_score": 0.8,
        "final_score": 36.43,
        "rank": 484,
        "solar_kwh_per_m2": 47.22
      }
    },
    {
      "type": "Feature",
      "geometry": {
        "type": "Point",
        "coordinates": [
          -79.51006583,
          43.66125518
        ]
      },
      "properties": {
        "name": "delmanor prince edward",
        "type": "Nursing and residential care facilities",
        "city": "toronto",
        "address": "",
        "outage_risk_score": 0.409,
        "solar_potential_score": 0.001,
        "facility_score": 0.8,
        "final_score": 36.38,
        "rank": 485,
        "solar_kwh_per_m2": 52.26
      }
    },
    {
      "type": "Feature",
      "geometry": {
        "type": "Point",
        "coordinates": [
          -79.46978092,
          43.69821459
        ]
      },
      "properties": {
        "name": "harold and grace baker centre",
        "type": "Nursing and residential care facilities",
        "city": "toronto",
        "address": "",
        "outage_risk_score": 0.405,
        "solar_potential_score": 0.005,
        "facility_score": 0.8,
        "final_score": 36.38,
        "rank": 486,
        "solar_kwh_per_m2": 77.31
      }
    },
    {
      "type": "Feature",
      "geometry": {
        "type": "Point",
        "coordinates": [
          -79.40343899,
          43.65757158
        ]
      },
      "properties": {
        "name": "access alliance multicultural health and community services",
        "type": "Hospitals",
        "city": "toronto",
        "address": "",
        "outage_risk_score": 0.284,
        "solar_potential_score": 0.001,
        "facility_score": 1.0,
        "final_score": 36.38,
        "rank": 487,
        "solar_kwh_per_m2": 60.37
      }
    },
    {
      "type": "Feature",
      "geometry": {
        "type": "Point",
        "coordinates": [
          -79.388447,
          43.6548253
        ]
      },
      "properties": {
        "name": "sunnybrook health sciences centre \u0097 reactivation care centre church",
        "type": "Hospitals",
        "city": "toronto",
        "address": "",
        "outage_risk_score": 0.283,
        "solar_potential_score": 0.002,
        "facility_score": 1.0,
        "final_score": 36.38,
        "rank": 488,
        "solar_kwh_per_m2": 44.79
      }
    },
    {
      "type": "Feature",
      "geometry": {
        "type": "Point",
        "coordinates": [
          -79.45149351,
          43.65437708
        ]
      },
      "properties": {
        "name": "habitat services (mental health program services of metropolitan toronto)",
        "type": "Nursing and residential care facilities",
        "city": "toronto",
        "address": "",
        "outage_risk_score": 0.409,
        "solar_potential_score": 0.0,
        "facility_score": 0.8,
        "final_score": 36.37,
        "rank": 489,
        "solar_kwh_per_m2": 54.18
      }
    },
    {
      "type": "Feature",
      "geometry": {
        "type": "Point",
        "coordinates": [
          -79.53873663,
          43.58781597
        ]
      },
      "properties": {
        "name": "adeline's lodge",
        "type": "Nursing and residential care facilities",
        "city": "toronto",
        "address": "",
        "outage_risk_score": 0.408,
        "solar_potential_score": 0.001,
        "facility_score": 0.8,
        "final_score": 36.37,
        "rank": 490,
        "solar_kwh_per_m2": 57.7
      }
    },
    {
      "type": "Feature",
      "geometry": {
        "type": "Point",
        "coordinates": [
          -79.38355728,
          43.66070949
        ]
      },
      "properties": {
        "name": "fred victor centre",
        "type": "Nursing and residential care facilities",
        "city": "toronto",
        "address": "",
        "outage_risk_score": 0.407,
        "solar_potential_score": 0.002,
        "facility_score": 0.8,
        "final_score": 36.36,
        "rank": 491,
        "solar_kwh_per_m2": 41.29
      }
    },
    {
      "type": "Feature",
      "geometry": {
        "type": "Point",
        "coordinates": [
          -79.39895869,
          43.65822289
        ]
      },
      "properties": {
        "name": "centre for addiction and mental health - college street site",
        "type": "Hospitals",
        "city": "toronto",
        "address": "",
        "outage_risk_score": 0.283,
        "solar_potential_score": 0.001,
        "facility_score": 1.0,
        "final_score": 36.36,
        "rank": 492,
        "solar_kwh_per_m2": 60.37
      }
    },
    {
      "type": "Feature",
      "geometry": {
        "type": "Point",
        "coordinates": [
          -79.44446061,
          43.7818402
        ]
      },
      "properties": {
        "name": "cheltenham care community",
        "type": "Nursing and residential care facilities",
        "city": "toronto",
        "address": "",
        "outage_risk_score": 0.408,
        "solar_potential_score": 0.001,
        "facility_score": 0.8,
        "final_score": 36.34,
        "rank": 493,
        "solar_kwh_per_m2": 66.34
      }
    },
    {
      "type": "Feature",
      "geometry": {
        "type": "Point",
        "coordinates": [
          -79.4299437,
          43.65822408
        ]
      },
      "properties": {
        "name": "st. michael's homes",
        "type": "Nursing and residential care facilities",
        "city": "toronto",
        "address": "",
        "outage_risk_score": 0.406,
        "solar_potential_score": 0.0,
        "facility_score": 0.8,
        "final_score": 36.25,
        "rank": 494,
        "solar_kwh_per_m2": 64.66
      }
    },
    {
      "type": "Feature",
      "geometry": {
        "type": "Point",
        "coordinates": [
          -79.36354308,
          43.70293019
        ]
      },
      "properties": {
        "name": "the millwood",
        "type": "Nursing and residential care facilities",
        "city": "toronto",
        "address": "",
        "outage_risk_score": 0.405,
        "solar_potential_score": 0.001,
        "facility_score": 0.8,
        "final_score": 36.24,
        "rank": 495,
        "solar_kwh_per_m2": 61.57
      }
    },
    {
      "type": "Feature",
      "geometry": {
        "type": "Point",
        "coordinates": [
          -79.4392265,
          43.63717128
        ]
      },
      "properties": {
        "name": "chartwell white eagle long term care residence",
        "type": "Nursing and residential care facilities",
        "city": "toronto",
        "address": "",
        "outage_risk_score": 0.405,
        "solar_potential_score": 0.001,
        "facility_score": 0.8,
        "final_score": 36.22,
        "rank": 496,
        "solar_kwh_per_m2": 54.89
      }
    },
    {
      "type": "Feature",
      "geometry": {
        "type": "Point",
        "coordinates": [
          -79.388447,
          43.6548253
        ]
      },
      "properties": {
        "name": "north york general hospital \u0097 seniors\u0092 health centre",
        "type": "Nursing and residential care facilities",
        "city": "toronto",
        "address": "",
        "outage_risk_score": 0.404,
        "solar_potential_score": 0.002,
        "facility_score": 0.8,
        "final_score": 36.22,
        "rank": 497,
        "solar_kwh_per_m2": 44.79
      }
    },
    {
      "type": "Feature",
      "geometry": {
        "type": "Point",
        "coordinates": [
          -79.47100711,
          43.65263078
        ]
      },
      "properties": {
        "name": "chartwell grenadier retirement residence",
        "type": "Nursing and residential care facilities",
        "city": "toronto",
        "address": "",
        "outage_risk_score": 0.405,
        "solar_potential_score": 0.0,
        "facility_score": 0.8,
        "final_score": 36.21,
        "rank": 498,
        "solar_kwh_per_m2": 42.47
      }
    },
    {
      "type": "Feature",
      "geometry": {
        "type": "Point",
        "coordinates": [
          -79.4184381,
          43.68166709
        ]
      },
      "properties": {
        "name": "anishnawbe health toronto",
        "type": "Nursing and residential care facilities",
        "city": "toronto",
        "address": "",
        "outage_risk_score": 0.405,
        "solar_potential_score": 0.001,
        "facility_score": 0.8,
        "final_score": 36.21,
        "rank": 499,
        "solar_kwh_per_m2": 52.9
      }
    },
    {
      "type": "Feature",
      "geometry": {
        "type": "Point",
        "coordinates": [
          -79.28979207,
          43.80799722
        ]
      },
      "properties": {
        "name": "chinese family services of ontario",
        "type": "Nursing and residential care facilities",
        "city": "toronto",
        "address": "",
        "outage_risk_score": 0.402,
        "solar_potential_score": 0.002,
        "facility_score": 0.8,
        "final_score": 36.17,
        "rank": 500,
        "solar_kwh_per_m2": 80.09
      }
    },
    {
      "type": "Feature",
      "geometry": {
        "type": "Point",
        "coordinates": [
          -79.34677178,
          43.7324901
        ]
      },
      "properties": {
        "name": "thompson house",
        "type": "Nursing and residential care facilities",
        "city": "toronto",
        "address": "",
        "outage_risk_score": 0.401,
        "solar_potential_score": 0.003,
        "facility_score": 0.8,
        "final_score": 36.14,
        "rank": 501,
        "solar_kwh_per_m2": 66.2
      }
    },
    {
      "type": "Feature",
      "geometry": {
        "type": "Point",
        "coordinates": [
          -79.4102162,
          43.70583549
        ]
      },
      "properties": {
        "name": "living life on the avenue retirement residence",
        "type": "Nursing and residential care facilities",
        "city": "toronto",
        "address": "",
        "outage_risk_score": 0.402,
        "solar_potential_score": 0.0,
        "facility_score": 0.8,
        "final_score": 36.11,
        "rank": 502,
        "solar_kwh_per_m2": 49.19
      }
    },
    {
      "type": "Feature",
      "geometry": {
        "type": "Point",
        "coordinates": [
          -79.44368851,
          43.67885409
        ]
      },
      "properties": {
        "name": "costi immigrant services",
        "type": "Nursing and residential care facilities",
        "city": "toronto",
        "address": "",
        "outage_risk_score": 0.402,
        "solar_potential_score": 0.0,
        "facility_score": 0.8,
        "final_score": 36.1,
        "rank": 503,
        "solar_kwh_per_m2": 63.48
      }
    },
    {
      "type": "Feature",
      "geometry": {
        "type": "Point",
        "coordinates": [
          -79.37364258,
          43.66516559
        ]
      },
      "properties": {
        "name": "cota health",
        "type": "Nursing and residential care facilities",
        "city": "toronto",
        "address": "",
        "outage_risk_score": 0.4,
        "solar_potential_score": 0.001,
        "facility_score": 0.8,
        "final_score": 36.01,
        "rank": 504,
        "solar_kwh_per_m2": 51.55
      }
    },
    {
      "type": "Feature",
      "geometry": {
        "type": "Point",
        "coordinates": [
          -79.37378508,
          43.66563579
        ]
      },
      "properties": {
        "name": "loft community services",
        "type": "Nursing and residential care facilities",
        "city": "toronto",
        "address": "",
        "outage_risk_score": 0.398,
        "solar_potential_score": 0.001,
        "facility_score": 0.8,
        "final_score": 35.97,
        "rank": 505,
        "solar_kwh_per_m2": 51.55
      }
    },
    {
      "type": "Feature",
      "geometry": {
        "type": "Point",
        "coordinates": [
          -79.29840606,
          43.6960602
        ]
      },
      "properties": {
        "name": "true davidson acres",
        "type": "Nursing and residential care facilities",
        "city": "toronto",
        "address": "",
        "outage_risk_score": 0.398,
        "solar_potential_score": 0.001,
        "facility_score": 0.8,
        "final_score": 35.96,
        "rank": 506,
        "solar_kwh_per_m2": 65.95
      }
    },
    {
      "type": "Feature",
      "geometry": {
        "type": "Point",
        "coordinates": [
          -79.27793126,
          43.76728591
        ]
      },
      "properties": {
        "name": "fieldstone commons care community",
        "type": "Nursing and residential care facilities",
        "city": "toronto",
        "address": "",
        "outage_risk_score": 0.39,
        "solar_potential_score": 0.01,
        "facility_score": 0.8,
        "final_score": 35.95,
        "rank": 507,
        "solar_kwh_per_m2": 88.6
      }
    },
    {
      "type": "Feature",
      "geometry": {
        "type": "Point",
        "coordinates": [
          -79.25329325,
          43.706865
        ]
      },
      "properties": {
        "name": "craiglee nursing home",
        "type": "Nursing and residential care facilities",
        "city": "toronto",
        "address": "",
        "outage_risk_score": 0.398,
        "solar_potential_score": 0.001,
        "facility_score": 0.8,
        "final_score": 35.93,
        "rank": 508,
        "solar_kwh_per_m2": 58.56
      }
    },
    {
      "type": "Feature",
      "geometry": {
        "type": "Point",
        "coordinates": [
          -79.44534401,
          43.7542485
        ]
      },
      "properties": {
        "name": "l'chaim retirement homes inc.",
        "type": "Nursing and residential care facilities",
        "city": "toronto",
        "address": "",
        "outage_risk_score": 0.397,
        "solar_potential_score": 0.001,
        "facility_score": 0.8,
        "final_score": 35.91,
        "rank": 509,
        "solar_kwh_per_m2": 69.48
      }
    },
    {
      "type": "Feature",
      "geometry": {
        "type": "Point",
        "coordinates": [
          -79.52618684,
          43.7567876
        ]
      },
      "properties": {
        "name": "norfinch care community",
        "type": "Nursing and residential care facilities",
        "city": "toronto",
        "address": "",
        "outage_risk_score": 0.392,
        "solar_potential_score": 0.006,
        "facility_score": 0.8,
        "final_score": 35.9,
        "rank": 510,
        "solar_kwh_per_m2": 95.43
      }
    },
    {
      "type": "Feature",
      "geometry": {
        "type": "Point",
        "coordinates": [
          -79.41728601,
          43.85601072
        ]
      },
      "properties": {
        "name": "royalton retirement home",
        "type": "Nursing and residential care facilities",
        "city": "richmond hill",
        "address": "",
        "outage_risk_score": 0.222,
        "solar_potential_score": 0.2,
        "facility_score": 0.8,
        "final_score": 35.89,
        "rank": 511,
        "solar_kwh_per_m2": 66.73
      }
    },
    {
      "type": "Feature",
      "geometry": {
        "type": "Point",
        "coordinates": [
          -79.41732259,
          43.64308398
        ]
      },
      "properties": {
        "name": "sound times support services of metropolitan toronto",
        "type": "Nursing and residential care facilities",
        "city": "toronto",
        "address": "",
        "outage_risk_score": 0.393,
        "solar_potential_score": 0.003,
        "facility_score": 0.8,
        "final_score": 35.82,
        "rank": 512,
        "solar_kwh_per_m2": 71.4
      }
    },
    {
      "type": "Feature",
      "geometry": {
        "type": "Point",
        "coordinates": [
          -79.20432774,
          43.78117732
        ]
      },
      "properties": {
        "name": "seven oaks",
        "type": "Nursing and residential care facilities",
        "city": "toronto",
        "address": "",
        "outage_risk_score": 0.387,
        "solar_potential_score": 0.009,
        "facility_score": 0.8,
        "final_score": 35.82,
        "rank": 513,
        "solar_kwh_per_m2": 77.01
      }
    },
    {
      "type": "Feature",
      "geometry": {
        "type": "Point",
        "coordinates": [
          -79.29999097,
          43.81309612
        ]
      },
      "properties": {
        "name": "mon sheong scarborough long term care centre",
        "type": "Nursing and residential care facilities",
        "city": "toronto",
        "address": "",
        "outage_risk_score": 0.392,
        "solar_potential_score": 0.003,
        "facility_score": 0.8,
        "final_score": 35.79,
        "rank": 514,
        "solar_kwh_per_m2": 87.03
      }
    },
    {
      "type": "Feature",
      "geometry": {
        "type": "Point",
        "coordinates": [
          -79.50673762,
          43.63771778
        ]
      },
      "properties": {
        "name": "ivan franko home (etobicoke)",
        "type": "Nursing and residential care facilities",
        "city": "toronto",
        "address": "",
        "outage_risk_score": 0.394,
        "solar_potential_score": 0.001,
        "facility_score": 0.8,
        "final_score": 35.78,
        "rank": 515,
        "solar_kwh_per_m2": 57.42
      }
    },
    {
      "type": "Feature",
      "geometry": {
        "type": "Point",
        "coordinates": [
          -79.45149351,
          43.65437708
        ]
      },
      "properties": {
        "name": "regeneration house inc.",
        "type": "Nursing and residential care facilities",
        "city": "toronto",
        "address": "",
        "outage_risk_score": 0.393,
        "solar_potential_score": 0.0,
        "facility_score": 0.8,
        "final_score": 35.75,
        "rank": 516,
        "solar_kwh_per_m2": 54.18
      }
    },
    {
      "type": "Feature",
      "geometry": {
        "type": "Point",
        "coordinates": [
          -79.48166312,
          43.66546488
        ]
      },
      "properties": {
        "name": "cross toronto community development corporation",
        "type": "Nursing and residential care facilities",
        "city": "toronto",
        "address": "",
        "outage_risk_score": 0.393,
        "solar_potential_score": 0.001,
        "facility_score": 0.8,
        "final_score": 35.75,
        "rank": 517,
        "solar_kwh_per_m2": 73.96
      }
    },
    {
      "type": "Feature",
      "geometry": {
        "type": "Point",
        "coordinates": [
          -79.388447,
          43.6548253
        ]
      },
      "properties": {
        "name": "university health network \u0097 toronto rehab lakeside long term care centre",
        "type": "Nursing and residential care facilities",
        "city": "toronto",
        "address": "",
        "outage_risk_score": 0.392,
        "solar_potential_score": 0.002,
        "facility_score": 0.8,
        "final_score": 35.74,
        "rank": 518,
        "solar_kwh_per_m2": 44.79
      }
    },
    {
      "type": "Feature",
      "geometry": {
        "type": "Point",
        "coordinates": [
          -79.33065757,
          43.68158869
        ]
      },
      "properties": {
        "name": "east york mental health counselling services agency",
        "type": "Nursing and residential care facilities",
        "city": "toronto",
        "address": "",
        "outage_risk_score": 0.392,
        "solar_potential_score": 0.001,
        "facility_score": 0.8,
        "final_score": 35.71,
        "rank": 519,
        "solar_kwh_per_m2": 60.15
      }
    },
    {
      "type": "Feature",
      "geometry": {
        "type": "Point",
        "coordinates": [
          -79.23978785,
          43.73815011
        ]
      },
      "properties": {
        "name": "mccowan retirement residence",
        "type": "Nursing and residential care facilities",
        "city": "toronto",
        "address": "",
        "outage_risk_score": 0.391,
        "solar_potential_score": 0.002,
        "facility_score": 0.8,
        "final_score": 35.7,
        "rank": 520,
        "solar_kwh_per_m2": 81.64
      }
    },
    {
      "type": "Feature",
      "geometry": {
        "type": "Point",
        "coordinates": [
          -79.4191815,
          43.64880888
        ]
      },
      "properties": {
        "name": "maynard nursing home",
        "type": "Nursing and residential care facilities",
        "city": "toronto",
        "address": "",
        "outage_risk_score": 0.392,
        "solar_potential_score": 0.0,
        "facility_score": 0.8,
        "final_score": 35.68,
        "rank": 521,
        "solar_kwh_per_m2": 69.31
      }
    },
    {
      "type": "Feature",
      "geometry": {
        "type": "Point",
        "coordinates": [
          -79.36576928,
          43.65076979
        ]
      },
      "properties": {
        "name": "ontario federation of indigenous friendship centres",
        "type": "Nursing and residential care facilities",
        "city": "toronto",
        "address": "",
        "outage_risk_score": 0.389,
        "solar_potential_score": 0.003,
        "facility_score": 0.8,
        "final_score": 35.65,
        "rank": 522,
        "solar_kwh_per_m2": 54.6
      }
    },
    {
      "type": "Feature",
      "geometry": {
        "type": "Point",
        "coordinates": [
          -79.45410882,
          43.7628942
        ]
      },
      "properties": {
        "name": "147 elder street inc.",
        "type": "Nursing and residential care facilities",
        "city": "toronto",
        "address": "",
        "outage_risk_score": 0.39,
        "solar_potential_score": 0.001,
        "facility_score": 0.8,
        "final_score": 35.63,
        "rank": 523,
        "solar_kwh_per_m2": 75.59
      }
    },
    {
      "type": "Feature",
      "geometry": {
        "type": "Point",
        "coordinates": [
          -79.38443889,
          43.7514172
        ]
      },
      "properties": {
        "name": "cedarhurst dementia care home",
        "type": "Nursing and residential care facilities",
        "city": "toronto",
        "address": "",
        "outage_risk_score": 0.388,
        "solar_potential_score": 0.002,
        "facility_score": 0.8,
        "final_score": 35.61,
        "rank": 524,
        "solar_kwh_per_m2": 70.05
      }
    },
    {
      "type": "Feature",
      "geometry": {
        "type": "Point",
        "coordinates": [
          -79.4185408,
          43.6435848
        ]
      },
      "properties": {
        "name": "centre for addiction and mental health (corporate office)",
        "type": "Nursing and residential care facilities",
        "city": "toronto",
        "address": "1001 queen st. w. toronto on m6j 1h4",
        "outage_risk_score": 0.388,
        "solar_potential_score": 0.003,
        "facility_score": 0.8,
        "final_score": 35.61,
        "rank": 525,
        "solar_kwh_per_m2": 71.4
      }
    },
    {
      "type": "Feature",
      "geometry": {
        "type": "Point",
        "coordinates": [
          -79.51015143,
          43.70123959
        ]
      },
      "properties": {
        "name": "weston terrace care community",
        "type": "Nursing and residential care facilities",
        "city": "toronto",
        "address": "",
        "outage_risk_score": 0.389,
        "solar_potential_score": 0.001,
        "facility_score": 0.8,
        "final_score": 35.59,
        "rank": 526,
        "solar_kwh_per_m2": 57.64
      }
    },
    {
      "type": "Feature",
      "geometry": {
        "type": "Point",
        "coordinates": [
          -79.37243298,
          43.65925109
        ]
      },
      "properties": {
        "name": "street haven at the crossroads, the",
        "type": "Nursing and residential care facilities",
        "city": "toronto",
        "address": "",
        "outage_risk_score": 0.389,
        "solar_potential_score": 0.001,
        "facility_score": 0.8,
        "final_score": 35.58,
        "rank": 527,
        "solar_kwh_per_m2": 56.11
      }
    },
    {
      "type": "Feature",
      "geometry": {
        "type": "Point",
        "coordinates": [
          -79.57339555,
          43.72574509
        ]
      },
      "properties": {
        "name": "kipling acres",
        "type": "Nursing and residential care facilities",
        "city": "toronto",
        "address": "",
        "outage_risk_score": 0.388,
        "solar_potential_score": 0.001,
        "facility_score": 0.8,
        "final_score": 35.55,
        "rank": 528,
        "solar_kwh_per_m2": 79.35
      }
    },
    {
      "type": "Feature",
      "geometry": {
        "type": "Point",
        "coordinates": [
          -79.4405301,
          43.63958288
        ]
      },
      "properties": {
        "name": "the st. christopher house",
        "type": "Nursing and residential care facilities",
        "city": "toronto",
        "address": "",
        "outage_risk_score": 0.387,
        "solar_potential_score": 0.001,
        "facility_score": 0.8,
        "final_score": 35.48,
        "rank": 529,
        "solar_kwh_per_m2": 54.89
      }
    },
    {
      "type": "Feature",
      "geometry": {
        "type": "Point",
        "coordinates": [
          -79.56745924,
          43.64388927
        ]
      },
      "properties": {
        "name": "wesburn manor",
        "type": "Nursing and residential care facilities",
        "city": "toronto",
        "address": "",
        "outage_risk_score": 0.385,
        "solar_potential_score": 0.001,
        "facility_score": 0.8,
        "final_score": 35.44,
        "rank": 530,
        "solar_kwh_per_m2": 68.86
      }
    },
    {
      "type": "Feature",
      "geometry": {
        "type": "Point",
        "coordinates": [
          -79.56767874,
          43.64832328
        ]
      },
      "properties": {
        "name": "chartwell westbury long term care residence",
        "type": "Nursing and residential care facilities",
        "city": "toronto",
        "address": "",
        "outage_risk_score": 0.385,
        "solar_potential_score": 0.001,
        "facility_score": 0.8,
        "final_score": 35.43,
        "rank": 531,
        "solar_kwh_per_m2": 77.21
      }
    },
    {
      "type": "Feature",
      "geometry": {
        "type": "Point",
        "coordinates": [
          -79.53888573,
          43.64126548
        ]
      },
      "properties": {
        "name": "elim springs retirement residence",
        "type": "Nursing and residential care facilities",
        "city": "toronto",
        "address": "",
        "outage_risk_score": 0.384,
        "solar_potential_score": 0.001,
        "facility_score": 0.8,
        "final_score": 35.39,
        "rank": 532,
        "solar_kwh_per_m2": 61.94
      }
    },
    {
      "type": "Feature",
      "geometry": {
        "type": "Point",
        "coordinates": [
          -79.39897099,
          43.65841319
        ]
      },
      "properties": {
        "name": "working for change",
        "type": "Nursing and residential care facilities",
        "city": "toronto",
        "address": "",
        "outage_risk_score": 0.384,
        "solar_potential_score": 0.001,
        "facility_score": 0.8,
        "final_score": 35.39,
        "rank": 533,
        "solar_kwh_per_m2": 60.37
      }
    },
    {
      "type": "Feature",
      "geometry": {
        "type": "Point",
        "coordinates": [
          -79.25423655,
          43.7005841
        ]
      },
      "properties": {
        "name": "retirement suites by the lake",
        "type": "Nursing and residential care facilities",
        "city": "toronto",
        "address": "",
        "outage_risk_score": 0.383,
        "solar_potential_score": 0.001,
        "facility_score": 0.8,
        "final_score": 35.37,
        "rank": 534,
        "solar_kwh_per_m2": 62.62
      }
    },
    {
      "type": "Feature",
      "geometry": {
        "type": "Point",
        "coordinates": [
          -79.51869943,
          43.68434358
        ]
      },
      "properties": {
        "name": "ukrainian canadian care centre",
        "type": "Nursing and residential care facilities",
        "city": "toronto",
        "address": "",
        "outage_risk_score": 0.38,
        "solar_potential_score": 0.001,
        "facility_score": 0.8,
        "final_score": 35.26,
        "rank": 535,
        "solar_kwh_per_m2": 73.37
      }
    },
    {
      "type": "Feature",
      "geometry": {
        "type": "Point",
        "coordinates": [
          -79.38399909,
          43.766395
        ]
      },
      "properties": {
        "name": "amica at bayview",
        "type": "Nursing and residential care facilities",
        "city": "toronto",
        "address": "",
        "outage_risk_score": 0.38,
        "solar_potential_score": 0.002,
        "facility_score": 0.8,
        "final_score": 35.26,
        "rank": 536,
        "solar_kwh_per_m2": 74.69
      }
    },
    {
      "type": "Feature",
      "geometry": {
        "type": "Point",
        "coordinates": [
          -79.37202078,
          43.66230769
        ]
      },
      "properties": {
        "name": "sherbourne health centre",
        "type": "Nursing and residential care facilities",
        "city": "toronto",
        "address": "",
        "outage_risk_score": 0.381,
        "solar_potential_score": 0.001,
        "facility_score": 0.8,
        "final_score": 35.25,
        "rank": 537,
        "solar_kwh_per_m2": 56.11
      }
    },
    {
      "type": "Feature",
      "geometry": {
        "type": "Point",
        "coordinates": [
          -79.37287829,
          43.7228543
        ]
      },
      "properties": {
        "name": "sunnybrook health sciences centre",
        "type": "Nursing and residential care facilities",
        "city": "toronto",
        "address": "",
        "outage_risk_score": 0.38,
        "solar_potential_score": 0.001,
        "facility_score": 0.8,
        "final_score": 35.23,
        "rank": 538,
        "solar_kwh_per_m2": 55.76
      }
    },
    {
      "type": "Feature",
      "geometry": {
        "type": "Point",
        "coordinates": [
          -79.61744587,
          43.73160489
        ]
      },
      "properties": {
        "name": "deerwood creek care community",
        "type": "Nursing and residential care facilities",
        "city": "toronto",
        "address": "",
        "outage_risk_score": 0.379,
        "solar_potential_score": 0.001,
        "facility_score": 0.8,
        "final_score": 35.22,
        "rank": 539,
        "solar_kwh_per_m2": 75.27
      }
    },
    {
      "type": "Feature",
      "geometry": {
        "type": "Point",
        "coordinates": [
          -79.37027698,
          43.65124129
        ]
      },
      "properties": {
        "name": "george brown college",
        "type": "Nursing and residential care facilities",
        "city": "toronto",
        "address": "",
        "outage_risk_score": 0.378,
        "solar_potential_score": 0.003,
        "facility_score": 0.8,
        "final_score": 35.21,
        "rank": 540,
        "solar_kwh_per_m2": 54.6
      }
    },
    {
      "type": "Feature",
      "geometry": {
        "type": "Point",
        "coordinates": [
          -79.41746401,
          43.78119791
        ]
      },
      "properties": {
        "name": "north york seniors centre",
        "type": "Nursing and residential care facilities",
        "city": "toronto",
        "address": "",
        "outage_risk_score": 0.378,
        "solar_potential_score": 0.001,
        "facility_score": 0.8,
        "final_score": 35.16,
        "rank": 541,
        "solar_kwh_per_m2": 66.0
      }
    },
    {
      "type": "Feature",
      "geometry": {
        "type": "Point",
        "coordinates": [
          -79.430342,
          43.67679399
        ]
      },
      "properties": {
        "name": "hellenic care for seniors (toronto)",
        "type": "Nursing and residential care facilities",
        "city": "toronto",
        "address": "",
        "outage_risk_score": 0.377,
        "solar_potential_score": 0.0,
        "facility_score": 0.8,
        "final_score": 35.09,
        "rank": 542,
        "solar_kwh_per_m2": 56.51
      }
    },
    {
      "type": "Feature",
      "geometry": {
        "type": "Point",
        "coordinates": [
          -79.38637899,
          43.65541839
        ]
      },
      "properties": {
        "name": "canadian mental health association (cmha) ontario division",
        "type": "Nursing and residential care facilities",
        "city": "toronto",
        "address": "",
        "outage_risk_score": 0.374,
        "solar_potential_score": 0.003,
        "facility_score": 0.8,
        "final_score": 35.07,
        "rank": 543,
        "solar_kwh_per_m2": 50.53
      }
    },
    {
      "type": "Feature",
      "geometry": {
        "type": "Point",
        "coordinates": [
          -79.40586279,
          43.67413319
        ]
      },
      "properties": {
        "name": "transition house incorporated",
        "type": "Nursing and residential care facilities",
        "city": "toronto",
        "address": "",
        "outage_risk_score": 0.374,
        "solar_potential_score": 0.001,
        "facility_score": 0.8,
        "final_score": 34.99,
        "rank": 544,
        "solar_kwh_per_m2": 53.77
      }
    },
    {
      "type": "Feature",
      "geometry": {
        "type": "Point",
        "coordinates": [
          -79.4144039,
          43.772131
        ]
      },
      "properties": {
        "name": "canterbury place retirement residence",
        "type": "Nursing and residential care facilities",
        "city": "toronto",
        "address": "",
        "outage_risk_score": 0.373,
        "solar_potential_score": 0.001,
        "facility_score": 0.8,
        "final_score": 34.98,
        "rank": 545,
        "solar_kwh_per_m2": 53.31
      }
    },
    {
      "type": "Feature",
      "geometry": {
        "type": "Point",
        "coordinates": [
          -79.48559573,
          43.7511842
        ]
      },
      "properties": {
        "name": "downsview long term care centre",
        "type": "Nursing and residential care facilities",
        "city": "toronto",
        "address": "",
        "outage_risk_score": 0.373,
        "solar_potential_score": 0.002,
        "facility_score": 0.8,
        "final_score": 34.97,
        "rank": 546,
        "solar_kwh_per_m2": 91.15
      }
    },
    {
      "type": "Feature",
      "geometry": {
        "type": "Point",
        "coordinates": [
          -79.4155915,
          43.6775465
        ]
      },
      "properties": {
        "name": "toronto rehabilitation institute - hillcrest centre",
        "type": "Nursing and residential care facilities",
        "city": "toronto",
        "address": "47 austin terrace toronto on m5r 1y8",
        "outage_risk_score": 0.372,
        "solar_potential_score": 0.001,
        "facility_score": 0.8,
        "final_score": 34.92,
        "rank": 547,
        "solar_kwh_per_m2": 52.9
      }
    },
    {
      "type": "Feature",
      "geometry": {
        "type": "Point",
        "coordinates": [
          -79.39543479,
          43.67320579
        ]
      },
      "properties": {
        "name": "hazelton place retirement residence",
        "type": "Nursing and residential care facilities",
        "city": "toronto",
        "address": "",
        "outage_risk_score": 0.372,
        "solar_potential_score": 0.001,
        "facility_score": 0.8,
        "final_score": 34.92,
        "rank": 548,
        "solar_kwh_per_m2": 47.6
      }
    },
    {
      "type": "Feature",
      "geometry": {
        "type": "Point",
        "coordinates": [
          -79.4141526,
          43.77540511
        ]
      },
      "properties": {
        "name": "delmanor northtown",
        "type": "Nursing and residential care facilities",
        "city": "toronto",
        "address": "",
        "outage_risk_score": 0.371,
        "solar_potential_score": 0.001,
        "facility_score": 0.8,
        "final_score": 34.9,
        "rank": 549,
        "solar_kwh_per_m2": 66.74
      }
    },
    {
      "type": "Feature",
      "geometry": {
        "type": "Point",
        "coordinates": [
          -79.36670818,
          43.65914419
        ]
      },
      "properties": {
        "name": "st. jude community homes",
        "type": "Nursing and residential care facilities",
        "city": "toronto",
        "address": "",
        "outage_risk_score": 0.371,
        "solar_potential_score": 0.001,
        "facility_score": 0.8,
        "final_score": 34.88,
        "rank": 550,
        "solar_kwh_per_m2": 56.11
      }
    },
    {
      "type": "Feature",
      "geometry": {
        "type": "Point",
        "coordinates": [
          -79.388447,
          43.6548253
        ]
      },
      "properties": {
        "name": "responsive health management inc. \u0097 vermont square",
        "type": "Nursing and residential care facilities",
        "city": "toronto",
        "address": "",
        "outage_risk_score": 0.371,
        "solar_potential_score": 0.002,
        "facility_score": 0.8,
        "final_score": 34.88,
        "rank": 551,
        "solar_kwh_per_m2": 44.79
      }
    },
    {
      "type": "Feature",
      "geometry": {
        "type": "Point",
        "coordinates": [
          -79.45081182,
          43.87045412
        ]
      },
      "properties": {
        "name": "mackenzie health long term care facility",
        "type": "Nursing and residential care facilities",
        "city": "richmond hill",
        "address": "",
        "outage_risk_score": 0.197,
        "solar_potential_score": 0.2,
        "facility_score": 0.8,
        "final_score": 34.88,
        "rank": 552,
        "solar_kwh_per_m2": 66.73
      }
    },
    {
      "type": "Feature",
      "geometry": {
        "type": "Point",
        "coordinates": [
          -79.28926847,
          43.80724932
        ]
      },
      "properties": {
        "name": "hong fook mental health association",
        "type": "Nursing and residential care facilities",
        "city": "toronto",
        "address": "",
        "outage_risk_score": 0.368,
        "solar_potential_score": 0.002,
        "facility_score": 0.8,
        "final_score": 34.82,
        "rank": 553,
        "solar_kwh_per_m2": 80.09
      }
    },
    {
      "type": "Feature",
      "geometry": {
        "type": "Point",
        "coordinates": [
          -79.43774412,
          43.87424932
        ]
      },
      "properties": {
        "name": "lance krasman memorial centre for community mental health",
        "type": "Nursing and residential care facilities",
        "city": "richmond hill",
        "address": "",
        "outage_risk_score": 0.194,
        "solar_potential_score": 0.2,
        "facility_score": 0.8,
        "final_score": 34.77,
        "rank": 554,
        "solar_kwh_per_m2": 66.73
      }
    },
    {
      "type": "Feature",
      "geometry": {
        "type": "Point",
        "coordinates": [
          -79.41224359,
          43.65127938
        ]
      },
      "properties": {
        "name": "university health network",
        "type": "Nursing and residential care facilities",
        "city": "toronto",
        "address": "",
        "outage_risk_score": 0.367,
        "solar_potential_score": 0.0,
        "facility_score": 0.8,
        "final_score": 34.72,
        "rank": 555,
        "solar_kwh_per_m2": 73.36
      }
    },
    {
      "type": "Feature",
      "geometry": {
        "type": "Point",
        "coordinates": [
          -79.35716348,
          43.65746389
        ]
      },
      "properties": {
        "name": "mainstay housing",
        "type": "Nursing and residential care facilities",
        "city": "toronto",
        "address": "",
        "outage_risk_score": 0.366,
        "solar_potential_score": 0.001,
        "facility_score": 0.8,
        "final_score": 34.67,
        "rank": 556,
        "solar_kwh_per_m2": 61.39
      }
    },
    {
      "type": "Feature",
      "geometry": {
        "type": "Point",
        "coordinates": [
          -79.40343899,
          43.65757158
        ]
      },
      "properties": {
        "name": "st. stephen's community house",
        "type": "Nursing and residential care facilities",
        "city": "toronto",
        "address": "",
        "outage_risk_score": 0.364,
        "solar_potential_score": 0.001,
        "facility_score": 0.8,
        "final_score": 34.61,
        "rank": 557,
        "solar_kwh_per_m2": 60.37
      }
    },
    {
      "type": "Feature",
      "geometry": {
        "type": "Point",
        "coordinates": [
          -79.3941154,
          43.78501831
        ]
      },
      "properties": {
        "name": "carefree lodge",
        "type": "Nursing and residential care facilities",
        "city": "toronto",
        "address": "",
        "outage_risk_score": 0.363,
        "solar_potential_score": 0.002,
        "facility_score": 0.8,
        "final_score": 34.57,
        "rank": 558,
        "solar_kwh_per_m2": 74.37
      }
    },
    {
      "type": "Feature",
      "geometry": {
        "type": "Point",
        "coordinates": [
          -79.31276747,
          43.7056131
        ]
      },
      "properties": {
        "name": "st. clair o'connor community nursing home",
        "type": "Nursing and residential care facilities",
        "city": "toronto",
        "address": "",
        "outage_risk_score": 0.362,
        "solar_potential_score": 0.003,
        "facility_score": 0.8,
        "final_score": 34.57,
        "rank": 559,
        "solar_kwh_per_m2": 69.67
      }
    },
    {
      "type": "Feature",
      "geometry": {
        "type": "Point",
        "coordinates": [
          -79.4075617,
          43.78816171
        ]
      },
      "properties": {
        "name": "cummer lodge",
        "type": "Nursing and residential care facilities",
        "city": "toronto",
        "address": "",
        "outage_risk_score": 0.362,
        "solar_potential_score": 0.001,
        "facility_score": 0.8,
        "final_score": 34.52,
        "rank": 560,
        "solar_kwh_per_m2": 71.87
      }
    },
    {
      "type": "Feature",
      "geometry": {
        "type": "Point",
        "coordinates": [
          -79.4218175,
          43.68583989
        ]
      },
      "properties": {
        "name": "rose of sharon korean long term care",
        "type": "Nursing and residential care facilities",
        "city": "toronto",
        "address": "",
        "outage_risk_score": 0.362,
        "solar_potential_score": 0.001,
        "facility_score": 0.8,
        "final_score": 34.51,
        "rank": 561,
        "solar_kwh_per_m2": 57.88
      }
    },
    {
      "type": "Feature",
      "geometry": {
        "type": "Point",
        "coordinates": [
          -79.40348049,
          43.66539409
        ]
      },
      "properties": {
        "name": "accommodation, information and support inc.",
        "type": "Nursing and residential care facilities",
        "city": "toronto",
        "address": "",
        "outage_risk_score": 0.361,
        "solar_potential_score": 0.001,
        "facility_score": 0.8,
        "final_score": 34.49,
        "rank": 562,
        "solar_kwh_per_m2": 47.6
      }
    },
    {
      "type": "Feature",
      "geometry": {
        "type": "Point",
        "coordinates": [
          -79.58203235,
          43.65323988
        ]
      },
      "properties": {
        "name": "centennial park place",
        "type": "Nursing and residential care facilities",
        "city": "toronto",
        "address": "",
        "outage_risk_score": 0.36,
        "solar_potential_score": 0.001,
        "facility_score": 0.8,
        "final_score": 34.46,
        "rank": 563,
        "solar_kwh_per_m2": 80.8
      }
    },
    {
      "type": "Feature",
      "geometry": {
        "type": "Point",
        "coordinates": [
          -79.4389914,
          43.63691448
        ]
      },
      "properties": {
        "name": "dowling rest home",
        "type": "Nursing and residential care facilities",
        "city": "toronto",
        "address": "",
        "outage_risk_score": 0.36,
        "solar_potential_score": 0.001,
        "facility_score": 0.8,
        "final_score": 34.41,
        "rank": 564,
        "solar_kwh_per_m2": 54.89
      }
    },
    {
      "type": "Feature",
      "geometry": {
        "type": "Point",
        "coordinates": [
          -79.30496586,
          43.7205599
        ]
      },
      "properties": {
        "name": "fountain view care community",
        "type": "Nursing and residential care facilities",
        "city": "toronto",
        "address": "",
        "outage_risk_score": 0.358,
        "solar_potential_score": 0.001,
        "facility_score": 0.8,
        "final_score": 34.38,
        "rank": 565,
        "solar_kwh_per_m2": 62.14
      }
    },
    {
      "type": "Feature",
      "geometry": {
        "type": "Point",
        "coordinates": [
          -79.39003029,
          43.64665448
        ]
      },
      "properties": {
        "name": "fosterbrooke",
        "type": "Nursing and residential care facilities",
        "city": "toronto",
        "address": "",
        "outage_risk_score": 0.358,
        "solar_potential_score": 0.002,
        "facility_score": 0.8,
        "final_score": 34.38,
        "rank": 566,
        "solar_kwh_per_m2": 44.79
      }
    },
    {
      "type": "Feature",
      "geometry": {
        "type": "Point",
        "coordinates": [
          -79.0804323,
          43.83806563
        ]
      },
      "properties": {
        "name": "chartwell pickering city centre retirement residence",
        "type": "Nursing and residential care facilities",
        "city": "pickering",
        "address": "",
        "outage_risk_score": 0.184,
        "solar_potential_score": 0.2,
        "facility_score": 0.8,
        "final_score": 34.37,
        "rank": 567,
        "solar_kwh_per_m2": 66.73
      }
    },
    {
      "type": "Feature",
      "geometry": {
        "type": "Point",
        "coordinates": [
          -79.29413397,
          43.78271331
        ]
      },
      "properties": {
        "name": "shepherd lodge",
        "type": "Nursing and residential care facilities",
        "city": "toronto",
        "address": "",
        "outage_risk_score": 0.357,
        "solar_potential_score": 0.002,
        "facility_score": 0.8,
        "final_score": 34.36,
        "rank": 568,
        "solar_kwh_per_m2": 72.21
      }
    },
    {
      "type": "Feature",
      "geometry": {
        "type": "Point",
        "coordinates": [
          -79.40582219,
          43.67398969
        ]
      },
      "properties": {
        "name": "george herman house",
        "type": "Nursing and residential care facilities",
        "city": "toronto",
        "address": "",
        "outage_risk_score": 0.358,
        "solar_potential_score": 0.001,
        "facility_score": 0.8,
        "final_score": 34.32,
        "rank": 569,
        "solar_kwh_per_m2": 53.77
      }
    },
    {
      "type": "Feature",
      "geometry": {
        "type": "Point",
        "coordinates": [
          -79.388447,
          43.6548253
        ]
      },
      "properties": {
        "name": "city of toronto \u0097 true davidson acres",
        "type": "Nursing and residential care facilities",
        "city": "toronto",
        "address": "",
        "outage_risk_score": 0.354,
        "solar_potential_score": 0.002,
        "facility_score": 0.8,
        "final_score": 34.22,
        "rank": 570,
        "solar_kwh_per_m2": 44.79
      }
    },
    {
      "type": "Feature",
      "geometry": {
        "type": "Point",
        "coordinates": [
          -79.39897099,
          43.65841319
        ]
      },
      "properties": {
        "name": "centre for addiction and mental health (camh)",
        "type": "Nursing and residential care facilities",
        "city": "toronto",
        "address": "",
        "outage_risk_score": 0.354,
        "solar_potential_score": 0.001,
        "facility_score": 0.8,
        "final_score": 34.21,
        "rank": 571,
        "solar_kwh_per_m2": 60.37
      }
    },
    {
      "type": "Feature",
      "geometry": {
        "type": "Point",
        "coordinates": [
          -79.33598338,
          43.80577041
        ]
      },
      "properties": {
        "name": "tendercare living centre",
        "type": "Nursing and residential care facilities",
        "city": "toronto",
        "address": "",
        "outage_risk_score": 0.321,
        "solar_potential_score": 0.039,
        "facility_score": 0.8,
        "final_score": 34.19,
        "rank": 572,
        "solar_kwh_per_m2": 116.18
      }
    },
    {
      "type": "Feature",
      "geometry": {
        "type": "Point",
        "coordinates": [
          -79.45399892,
          43.7526538
        ]
      },
      "properties": {
        "name": "kensington place retirement residence",
        "type": "Nursing and residential care facilities",
        "city": "toronto",
        "address": "",
        "outage_risk_score": 0.354,
        "solar_potential_score": 0.001,
        "facility_score": 0.8,
        "final_score": 34.18,
        "rank": 573,
        "solar_kwh_per_m2": 69.48
      }
    },
    {
      "type": "Feature",
      "geometry": {
        "type": "Point",
        "coordinates": [
          -79.45002,
          43.64055838
        ]
      },
      "properties": {
        "name": "st. joseph's health centre",
        "type": "Nursing and residential care facilities",
        "city": "toronto",
        "address": "",
        "outage_risk_score": 0.354,
        "solar_potential_score": 0.001,
        "facility_score": 0.8,
        "final_score": 34.17,
        "rank": 574,
        "solar_kwh_per_m2": 56.75
      }
    },
    {
      "type": "Feature",
      "geometry": {
        "type": "Point",
        "coordinates": [
          -79.5561668,
          43.82622809999999
        ]
      },
      "properties": {
        "name": "mackenzie health \u0097 urgent care centre",
        "type": "Hospitals",
        "city": "vaughan",
        "address": "",
        "outage_risk_score": 0.05,
        "solar_potential_score": 0.2,
        "facility_score": 1.0,
        "final_score": 34.0,
        "rank": 575,
        "solar_kwh_per_m2": 66.73
      }
    },
    {
      "type": "Feature",
      "geometry": {
        "type": "Point",
        "coordinates": [
          -79.231971,
          43.883994
        ]
      },
      "properties": {
        "name": "markham stouffville hospital",
        "type": "Hospitals",
        "city": "markham",
        "address": "381 church st. markham on l3p 7p3",
        "outage_risk_score": 0.05,
        "solar_potential_score": 0.2,
        "facility_score": 1.0,
        "final_score": 34.0,
        "rank": 576,
        "solar_kwh_per_m2": 66.73
      }
    },
    {
      "type": "Feature",
      "geometry": {
        "type": "Point",
        "coordinates": [
          -79.3349945,
          43.8599076
        ]
      },
      "properties": {
        "name": "markham stouffville hospital \u0097 markham site",
        "type": "Hospitals",
        "city": "markham",
        "address": "",
        "outage_risk_score": 0.05,
        "solar_potential_score": 0.2,
        "facility_score": 1.0,
        "final_score": 34.0,
        "rank": 577,
        "solar_kwh_per_m2": 66.73
      }
    },
    {
      "type": "Feature",
      "geometry": {
        "type": "Point",
        "coordinates": [
          -79.53180675,
          43.83562281
        ]
      },
      "properties": {
        "name": "vaughan community health centre",
        "type": "Hospitals",
        "city": "vaughan",
        "address": "",
        "outage_risk_score": 0.05,
        "solar_potential_score": 0.2,
        "facility_score": 1.0,
        "final_score": 34.0,
        "rank": 578,
        "solar_kwh_per_m2": 66.73
      }
    },
    {
      "type": "Feature",
      "geometry": {
        "type": "Point",
        "coordinates": [
          -79.4361522,
          43.65988208
        ]
      },
      "properties": {
        "name": "new horizons tower",
        "type": "Nursing and residential care facilities",
        "city": "toronto",
        "address": "",
        "outage_risk_score": 0.349,
        "solar_potential_score": 0.001,
        "facility_score": 0.8,
        "final_score": 33.99,
        "rank": 579,
        "solar_kwh_per_m2": 74.3
      }
    },
    {
      "type": "Feature",
      "geometry": {
        "type": "Point",
        "coordinates": [
          -79.4327094,
          43.6348034
        ]
      },
      "properties": {
        "name": "toronto rehabilitation institute - e. w. bickle centre",
        "type": "Nursing and residential care facilities",
        "city": "toronto",
        "address": "130 dunn ave. toronto on m6k 2r7",
        "outage_risk_score": 0.348,
        "solar_potential_score": 0.001,
        "facility_score": 0.8,
        "final_score": 33.96,
        "rank": 580,
        "solar_kwh_per_m2": 53.98
      }
    },
    {
      "type": "Feature",
      "geometry": {
        "type": "Point",
        "coordinates": [
          -79.33111227,
          43.66272499
        ]
      },
      "properties": {
        "name": "the heritage nursing home",
        "type": "Nursing and residential care facilities",
        "city": "toronto",
        "address": "",
        "outage_risk_score": 0.347,
        "solar_potential_score": 0.001,
        "facility_score": 0.8,
        "final_score": 33.93,
        "rank": 581,
        "solar_kwh_per_m2": 65.72
      }
    },
    {
      "type": "Feature",
      "geometry": {
        "type": "Point",
        "coordinates": [
          -79.53092513,
          43.64373408
        ]
      },
      "properties": {
        "name": "labdara lithuanian nursing home",
        "type": "Nursing and residential care facilities",
        "city": "toronto",
        "address": "",
        "outage_risk_score": 0.346,
        "solar_potential_score": 0.002,
        "facility_score": 0.8,
        "final_score": 33.89,
        "rank": 582,
        "solar_kwh_per_m2": 83.48
      }
    },
    {
      "type": "Feature",
      "geometry": {
        "type": "Point",
        "coordinates": [
          -79.44630321,
          43.7708832
        ]
      },
      "properties": {
        "name": "valleyview residence",
        "type": "Nursing and residential care facilities",
        "city": "toronto",
        "address": "",
        "outage_risk_score": 0.345,
        "solar_potential_score": 0.002,
        "facility_score": 0.8,
        "final_score": 33.85,
        "rank": 583,
        "solar_kwh_per_m2": 80.7
      }
    },
    {
      "type": "Feature",
      "geometry": {
        "type": "Point",
        "coordinates": [
          -79.39470579,
          43.70671009
        ]
      },
      "properties": {
        "name": "the dunfield retirement residence",
        "type": "Nursing and residential care facilities",
        "city": "toronto",
        "address": "",
        "outage_risk_score": 0.345,
        "solar_potential_score": 0.001,
        "facility_score": 0.8,
        "final_score": 33.84,
        "rank": 584,
        "solar_kwh_per_m2": 57.77
      }
    },
    {
      "type": "Feature",
      "geometry": {
        "type": "Point",
        "coordinates": [
          -79.23954525,
          43.77087331
        ]
      },
      "properties": {
        "name": "v care retirement home",
        "type": "Nursing and residential care facilities",
        "city": "toronto",
        "address": "",
        "outage_risk_score": 0.345,
        "solar_potential_score": 0.001,
        "facility_score": 0.8,
        "final_score": 33.84,
        "rank": 585,
        "solar_kwh_per_m2": 83.33
      }
    },
    {
      "type": "Feature",
      "geometry": {
        "type": "Point",
        "coordinates": [
          -79.51442973,
          43.65882728
        ]
      },
      "properties": {
        "name": "kingsway",
        "type": "Nursing and residential care facilities",
        "city": "toronto",
        "address": "",
        "outage_risk_score": 0.345,
        "solar_potential_score": 0.001,
        "facility_score": 0.8,
        "final_score": 33.83,
        "rank": 586,
        "solar_kwh_per_m2": 52.26
      }
    },
    {
      "type": "Feature",
      "geometry": {
        "type": "Point",
        "coordinates": [
          -79.3741804,
          43.7180569
        ]
      },
      "properties": {
        "name": "holland bloorview kids rehabilitation hospital",
        "type": "Nursing and residential care facilities",
        "city": "toronto",
        "address": "150 kilgour rd. toronto on m4g 1r8",
        "outage_risk_score": 0.344,
        "solar_potential_score": 0.001,
        "facility_score": 0.8,
        "final_score": 33.81,
        "rank": 587,
        "solar_kwh_per_m2": 55.76
      }
    },
    {
      "type": "Feature",
      "geometry": {
        "type": "Point",
        "coordinates": [
          -79.40161649,
          43.67253289
        ]
      },
      "properties": {
        "name": "st. george care community",
        "type": "Nursing and residential care facilities",
        "city": "toronto",
        "address": "",
        "outage_risk_score": 0.344,
        "solar_potential_score": 0.001,
        "facility_score": 0.8,
        "final_score": 33.81,
        "rank": 588,
        "solar_kwh_per_m2": 47.6
      }
    },
    {
      "type": "Feature",
      "geometry": {
        "type": "Point",
        "coordinates": [
          -79.405509,
          43.671751
        ]
      },
      "properties": {
        "name": "the annex",
        "type": "Nursing and residential care facilities",
        "city": "toronto",
        "address": "",
        "outage_risk_score": 0.344,
        "solar_potential_score": 0.001,
        "facility_score": 0.8,
        "final_score": 33.79,
        "rank": 589,
        "solar_kwh_per_m2": 53.77
      }
    },
    {
      "type": "Feature",
      "geometry": {
        "type": "Point",
        "coordinates": [
          -79.388447,
          43.6548253
        ]
      },
      "properties": {
        "name": "sienna senior living inc. \u0097 st. george care community",
        "type": "Nursing and residential care facilities",
        "city": "toronto",
        "address": "",
        "outage_risk_score": 0.343,
        "solar_potential_score": 0.002,
        "facility_score": 0.8,
        "final_score": 33.78,
        "rank": 590,
        "solar_kwh_per_m2": 44.79
      }
    },
    {
      "type": "Feature",
      "geometry": {
        "type": "Point",
        "coordinates": [
          -79.30274076,
          43.67800329
        ]
      },
      "properties": {
        "name": "atrium at kew beach",
        "type": "Nursing and residential care facilities",
        "city": "toronto",
        "address": "",
        "outage_risk_score": 0.344,
        "solar_potential_score": 0.0,
        "facility_score": 0.8,
        "final_score": 33.76,
        "rank": 591,
        "solar_kwh_per_m2": 51.19
      }
    },
    {
      "type": "Feature",
      "geometry": {
        "type": "Point",
        "coordinates": [
          -79.45593283,
          43.95209263
        ]
      },
      "properties": {
        "name": "march of dimes canada - york simcoe",
        "type": "Ambulatory health care services",
        "city": "richmond hill",
        "address": "",
        "outage_risk_score": 0.355,
        "solar_potential_score": 0.2,
        "facility_score": 0.5,
        "final_score": 33.7,
        "rank": 592,
        "solar_kwh_per_m2": 66.73
      }
    },
    {
      "type": "Feature",
      "geometry": {
        "type": "Point",
        "coordinates": [
          -79.388447,
          43.6548253
        ]
      },
      "properties": {
        "name": "sienna senior living inc. \u0097 cheltenham care community",
        "type": "Nursing and residential care facilities",
        "city": "toronto",
        "address": "",
        "outage_risk_score": 0.339,
        "solar_potential_score": 0.002,
        "facility_score": 0.8,
        "final_score": 33.62,
        "rank": 593,
        "solar_kwh_per_m2": 44.79
      }
    },
    {
      "type": "Feature",
      "geometry": {
        "type": "Point",
        "coordinates": [
          -79.37402148,
          43.66633069
        ]
      },
      "properties": {
        "name": "fudger house",
        "type": "Nursing and residential care facilities",
        "city": "toronto",
        "address": "",
        "outage_risk_score": 0.339,
        "solar_potential_score": 0.001,
        "facility_score": 0.8,
        "final_score": 33.59,
        "rank": 594,
        "solar_kwh_per_m2": 51.55
      }
    },
    {
      "type": "Feature",
      "geometry": {
        "type": "Point",
        "coordinates": [
          -79.388447,
          43.6548253
        ]
      },
      "properties": {
        "name": "chartwell retirement residences \u0097 white eagle residence",
        "type": "Nursing and residential care facilities",
        "city": "toronto",
        "address": "",
        "outage_risk_score": 0.338,
        "solar_potential_score": 0.002,
        "facility_score": 0.8,
        "final_score": 33.56,
        "rank": 595,
        "solar_kwh_per_m2": 44.79
      }
    },
    {
      "type": "Feature",
      "geometry": {
        "type": "Point",
        "coordinates": [
          -79.2850295,
          43.7122051
        ]
      },
      "properties": {
        "name": "providence healthcare",
        "type": "Nursing and residential care facilities",
        "city": "toronto",
        "address": "3276 st. clair ave. e. toronto on m1l 1w1",
        "outage_risk_score": 0.338,
        "solar_potential_score": 0.001,
        "facility_score": 0.8,
        "final_score": 33.53,
        "rank": 596,
        "solar_kwh_per_m2": 59.64
      }
    },
    {
      "type": "Feature",
      "geometry": {
        "type": "Point",
        "coordinates": [
          -79.50327902,
          43.62017967
        ]
      },
      "properties": {
        "name": "evans house",
        "type": "Nursing and residential care facilities",
        "city": "toronto",
        "address": "",
        "outage_risk_score": 0.337,
        "solar_potential_score": 0.001,
        "facility_score": 0.8,
        "final_score": 33.52,
        "rank": 597,
        "solar_kwh_per_m2": 68.22
      }
    },
    {
      "type": "Feature",
      "geometry": {
        "type": "Point",
        "coordinates": [
          -79.45593283,
          43.95209263
        ]
      },
      "properties": {
        "name": "march of dimes canada - york",
        "type": "Ambulatory health care services",
        "city": "richmond hill",
        "address": "",
        "outage_risk_score": 0.35,
        "solar_potential_score": 0.2,
        "facility_score": 0.5,
        "final_score": 33.5,
        "rank": 598,
        "solar_kwh_per_m2": 66.73
      }
    },
    {
      "type": "Feature",
      "geometry": {
        "type": "Point",
        "coordinates": [
          -79.56046144,
          43.64760318
        ]
      },
      "properties": {
        "name": "eatonville care centre",
        "type": "Nursing and residential care facilities",
        "city": "toronto",
        "address": "",
        "outage_risk_score": 0.336,
        "solar_potential_score": 0.002,
        "facility_score": 0.8,
        "final_score": 33.48,
        "rank": 599,
        "solar_kwh_per_m2": 73.33
      }
    },
    {
      "type": "Feature",
      "geometry": {
        "type": "Point",
        "coordinates": [
          -79.45081182,
          43.87045412
        ]
      },
      "properties": {
        "name": "mackenzie health",
        "type": "Ambulatory health care services",
        "city": "richmond hill",
        "address": "",
        "outage_risk_score": 0.349,
        "solar_potential_score": 0.2,
        "facility_score": 0.5,
        "final_score": 33.47,
        "rank": 600,
        "solar_kwh_per_m2": 66.73
      }
    },
    {
      "type": "Feature",
      "geometry": {
        "type": "Point",
        "coordinates": [
          -79.4405301,
          43.63958288
        ]
      },
      "properties": {
        "name": "parkdale activity - recreation centre (parc), the",
        "type": "Nursing and residential care facilities",
        "city": "toronto",
        "address": "",
        "outage_risk_score": 0.336,
        "solar_potential_score": 0.001,
        "facility_score": 0.8,
        "final_score": 33.47,
        "rank": 601,
        "solar_kwh_per_m2": 54.89
      }
    },
    {
      "type": "Feature",
      "geometry": {
        "type": "Point",
        "coordinates": [
          -79.51845532,
          43.59721667
        ]
      },
      "properties": {
        "name": "lakeshore lodge",
        "type": "Nursing and residential care facilities",
        "city": "toronto",
        "address": "",
        "outage_risk_score": 0.336,
        "solar_potential_score": 0.001,
        "facility_score": 0.8,
        "final_score": 33.47,
        "rank": 602,
        "solar_kwh_per_m2": 59.86
      }
    },
    {
      "type": "Feature",
      "geometry": {
        "type": "Point",
        "coordinates": [
          -79.388447,
          43.6548253
        ]
      },
      "properties": {
        "name": "the rekai centres \u0097 the rekai centre at wellesley central place",
        "type": "Nursing and residential care facilities",
        "city": "toronto",
        "address": "",
        "outage_risk_score": 0.334,
        "solar_potential_score": 0.002,
        "facility_score": 0.8,
        "final_score": 33.43,
        "rank": 603,
        "solar_kwh_per_m2": 44.79
      }
    },
    {
      "type": "Feature",
      "geometry": {
        "type": "Point",
        "coordinates": [
          -79.30233976,
          43.67733999
        ]
      },
      "properties": {
        "name": "beach arms retirement residence",
        "type": "Nursing and residential care facilities",
        "city": "toronto",
        "address": "",
        "outage_risk_score": 0.334,
        "solar_potential_score": 0.0,
        "facility_score": 0.8,
        "final_score": 33.39,
        "rank": 604,
        "solar_kwh_per_m2": 51.19
      }
    },
    {
      "type": "Feature",
      "geometry": {
        "type": "Point",
        "coordinates": [
          -79.388447,
          43.6548253
        ]
      },
      "properties": {
        "name": "mon sheong foundation \u0097 home for the aged",
        "type": "Nursing and residential care facilities",
        "city": "toronto",
        "address": "",
        "outage_risk_score": 0.333,
        "solar_potential_score": 0.002,
        "facility_score": 0.8,
        "final_score": 33.39,
        "rank": 605,
        "solar_kwh_per_m2": 44.79
      }
    },
    {
      "type": "Feature",
      "geometry": {
        "type": "Point",
        "coordinates": [
          -79.56777145,
          43.73728579
        ]
      },
      "properties": {
        "name": "westside",
        "type": "Nursing and residential care facilities",
        "city": "toronto",
        "address": "",
        "outage_risk_score": 0.332,
        "solar_potential_score": 0.001,
        "facility_score": 0.8,
        "final_score": 33.33,
        "rank": 606,
        "solar_kwh_per_m2": 81.62
      }
    },
    {
      "type": "Feature",
      "geometry": {
        "type": "Point",
        "coordinates": [
          -79.38773779,
          43.65710429
        ]
      },
      "properties": {
        "name": "hospital for sick children, the",
        "type": "Nursing and residential care facilities",
        "city": "toronto",
        "address": "",
        "outage_risk_score": 0.329,
        "solar_potential_score": 0.003,
        "facility_score": 0.8,
        "final_score": 33.28,
        "rank": 607,
        "solar_kwh_per_m2": 50.53
      }
    },
    {
      "type": "Feature",
      "geometry": {
        "type": "Point",
        "coordinates": [
          -79.40919499,
          43.65588248
        ]
      },
      "properties": {
        "name": "barbra schlifer commemorative clinic, the",
        "type": "Nursing and residential care facilities",
        "city": "toronto",
        "address": "",
        "outage_risk_score": 0.331,
        "solar_potential_score": 0.0,
        "facility_score": 0.8,
        "final_score": 33.27,
        "rank": 608,
        "solar_kwh_per_m2": 63.09
      }
    },
    {
      "type": "Feature",
      "geometry": {
        "type": "Point",
        "coordinates": [
          -79.49680752,
          43.60195707
        ]
      },
      "properties": {
        "name": "garden court nursing home",
        "type": "Nursing and residential care facilities",
        "city": "toronto",
        "address": "",
        "outage_risk_score": 0.331,
        "solar_potential_score": 0.001,
        "facility_score": 0.8,
        "final_score": 33.25,
        "rank": 609,
        "solar_kwh_per_m2": 54.24
      }
    },
    {
      "type": "Feature",
      "geometry": {
        "type": "Point",
        "coordinates": [
          -79.37858618,
          43.66039509
        ]
      },
      "properties": {
        "name": "family service toronto",
        "type": "Nursing and residential care facilities",
        "city": "toronto",
        "address": "",
        "outage_risk_score": 0.329,
        "solar_potential_score": 0.002,
        "facility_score": 0.8,
        "final_score": 33.22,
        "rank": 610,
        "solar_kwh_per_m2": 41.29
      }
    },
    {
      "type": "Feature",
      "geometry": {
        "type": "Point",
        "coordinates": [
          -79.37700068,
          43.65585569
        ]
      },
      "properties": {
        "name": "society of st. vincent de paul, toronto central council",
        "type": "Nursing and residential care facilities",
        "city": "toronto",
        "address": "",
        "outage_risk_score": 0.328,
        "solar_potential_score": 0.002,
        "facility_score": 0.8,
        "final_score": 33.2,
        "rank": 611,
        "solar_kwh_per_m2": 41.29
      }
    },
    {
      "type": "Feature",
      "geometry": {
        "type": "Point",
        "coordinates": [
          -79.56513824,
          43.62949697
        ]
      },
      "properties": {
        "name": "dom lipa",
        "type": "Nursing and residential care facilities",
        "city": "toronto",
        "address": "",
        "outage_risk_score": 0.328,
        "solar_potential_score": 0.001,
        "facility_score": 0.8,
        "final_score": 33.15,
        "rank": 612,
        "solar_kwh_per_m2": 71.13
      }
    },
    {
      "type": "Feature",
      "geometry": {
        "type": "Point",
        "coordinates": [
          -79.23864245,
          43.73848531
        ]
      },
      "properties": {
        "name": "chartwell trilogy long term care residence",
        "type": "Nursing and residential care facilities",
        "city": "toronto",
        "address": "",
        "outage_risk_score": 0.327,
        "solar_potential_score": 0.002,
        "facility_score": 0.8,
        "final_score": 33.15,
        "rank": 613,
        "solar_kwh_per_m2": 81.64
      }
    },
    {
      "type": "Feature",
      "geometry": {
        "type": "Point",
        "coordinates": [
          -79.38999619,
          43.65753069
        ]
      },
      "properties": {
        "name": "sinai health system",
        "type": "Nursing and residential care facilities",
        "city": "toronto",
        "address": "",
        "outage_risk_score": 0.326,
        "solar_potential_score": 0.003,
        "facility_score": 0.8,
        "final_score": 33.15,
        "rank": 614,
        "solar_kwh_per_m2": 50.53
      }
    },
    {
      "type": "Feature",
      "geometry": {
        "type": "Point",
        "coordinates": [
          -79.20760054,
          43.78366142
        ]
      },
      "properties": {
        "name": "a better way retirement home corp.",
        "type": "Nursing and residential care facilities",
        "city": "toronto",
        "address": "",
        "outage_risk_score": 0.327,
        "solar_potential_score": 0.001,
        "facility_score": 0.8,
        "final_score": 33.12,
        "rank": 615,
        "solar_kwh_per_m2": 72.19
      }
    },
    {
      "type": "Feature",
      "geometry": {
        "type": "Point",
        "coordinates": [
          -79.18320493,
          43.77551412
        ]
      },
      "properties": {
        "name": "ehatare retirement home",
        "type": "Nursing and residential care facilities",
        "city": "toronto",
        "address": "",
        "outage_risk_score": 0.326,
        "solar_potential_score": 0.001,
        "facility_score": 0.8,
        "final_score": 33.09,
        "rank": 616,
        "solar_kwh_per_m2": 58.81
      }
    },
    {
      "type": "Feature",
      "geometry": {
        "type": "Point",
        "coordinates": [
          -79.13066792,
          43.79197732
        ]
      },
      "properties": {
        "name": "birdsilver gardens senior support centre",
        "type": "Nursing and residential care facilities",
        "city": "toronto",
        "address": "",
        "outage_risk_score": 0.326,
        "solar_potential_score": 0.001,
        "facility_score": 0.8,
        "final_score": 33.06,
        "rank": 617,
        "solar_kwh_per_m2": 68.47
      }
    },
    {
      "type": "Feature",
      "geometry": {
        "type": "Point",
        "coordinates": [
          -79.38117158,
          43.66537169
        ]
      },
      "properties": {
        "name": "central toronto youth services",
        "type": "Nursing and residential care facilities",
        "city": "toronto",
        "address": "",
        "outage_risk_score": 0.324,
        "solar_potential_score": 0.001,
        "facility_score": 0.8,
        "final_score": 33.0,
        "rank": 618,
        "solar_kwh_per_m2": 47.22
      }
    },
    {
      "type": "Feature",
      "geometry": {
        "type": "Point",
        "coordinates": [
          -79.388447,
          43.6548253
        ]
      },
      "properties": {
        "name": "responsive health management inc. \u0097 the o\u0092neill centre",
        "type": "Nursing and residential care facilities",
        "city": "toronto",
        "address": "",
        "outage_risk_score": 0.322,
        "solar_potential_score": 0.002,
        "facility_score": 0.8,
        "final_score": 32.95,
        "rank": 619,
        "solar_kwh_per_m2": 44.79
      }
    },
    {
      "type": "Feature",
      "geometry": {
        "type": "Point",
        "coordinates": [
          -79.35173817,
          43.66414319
        ]
      },
      "properties": {
        "name": "margaret's housing and community support services",
        "type": "Nursing and residential care facilities",
        "city": "toronto",
        "address": "",
        "outage_risk_score": 0.322,
        "solar_potential_score": 0.001,
        "facility_score": 0.8,
        "final_score": 32.9,
        "rank": 620,
        "solar_kwh_per_m2": 61.74
      }
    },
    {
      "type": "Feature",
      "geometry": {
        "type": "Point",
        "coordinates": [
          -79.38747389,
          43.65522609
        ]
      },
      "properties": {
        "name": "madison community services",
        "type": "Nursing and residential care facilities",
        "city": "toronto",
        "address": "",
        "outage_risk_score": 0.32,
        "solar_potential_score": 0.003,
        "facility_score": 0.8,
        "final_score": 32.89,
        "rank": 621,
        "solar_kwh_per_m2": 50.53
      }
    },
    {
      "type": "Feature",
      "geometry": {
        "type": "Point",
        "coordinates": [
          -79.37141808,
          43.66057999
        ]
      },
      "properties": {
        "name": "jean tweed treatment centre",
        "type": "Nursing and residential care facilities",
        "city": "toronto",
        "address": "",
        "outage_risk_score": 0.321,
        "solar_potential_score": 0.001,
        "facility_score": 0.8,
        "final_score": 32.88,
        "rank": 622,
        "solar_kwh_per_m2": 56.11
      }
    },
    {
      "type": "Feature",
      "geometry": {
        "type": "Point",
        "coordinates": [
          -79.38147328,
          43.65488599
        ]
      },
      "properties": {
        "name": "trinity square cafe",
        "type": "Nursing and residential care facilities",
        "city": "toronto",
        "address": "",
        "outage_risk_score": 0.318,
        "solar_potential_score": 0.003,
        "facility_score": 0.8,
        "final_score": 32.82,
        "rank": 623,
        "solar_kwh_per_m2": 22.84
      }
    },
    {
      "type": "Feature",
      "geometry": {
        "type": "Point",
        "coordinates": [
          -79.56210244,
          43.61006437
        ]
      },
      "properties": {
        "name": "mccall centre long term care interim unit",
        "type": "Nursing and residential care facilities",
        "city": "toronto",
        "address": "",
        "outage_risk_score": 0.311,
        "solar_potential_score": 0.011,
        "facility_score": 0.8,
        "final_score": 32.82,
        "rank": 624,
        "solar_kwh_per_m2": 66.41
      }
    },
    {
      "type": "Feature",
      "geometry": {
        "type": "Point",
        "coordinates": [
          -79.4347012,
          43.65162918
        ]
      },
      "properties": {
        "name": "bill mcmurray residence",
        "type": "Nursing and residential care facilities",
        "city": "toronto",
        "address": "",
        "outage_risk_score": 0.319,
        "solar_potential_score": 0.0,
        "facility_score": 0.8,
        "final_score": 32.79,
        "rank": 625,
        "solar_kwh_per_m2": 68.46
      }
    },
    {
      "type": "Feature",
      "geometry": {
        "type": "Point",
        "coordinates": [
          -79.4118822,
          43.78638301
        ]
      },
      "properties": {
        "name": "gerstein crisis centre",
        "type": "Nursing and residential care facilities",
        "city": "toronto",
        "address": "",
        "outage_risk_score": 0.318,
        "solar_potential_score": 0.001,
        "facility_score": 0.8,
        "final_score": 32.75,
        "rank": 626,
        "solar_kwh_per_m2": 71.87
      }
    },
    {
      "type": "Feature",
      "geometry": {
        "type": "Point",
        "coordinates": [
          -79.36002319,
          43.77304721
        ]
      },
      "properties": {
        "name": "seniors' health centre",
        "type": "Nursing and residential care facilities",
        "city": "toronto",
        "address": "",
        "outage_risk_score": 0.316,
        "solar_potential_score": 0.002,
        "facility_score": 0.8,
        "final_score": 32.71,
        "rank": 627,
        "solar_kwh_per_m2": 69.81
      }
    },
    {
      "type": "Feature",
      "geometry": {
        "type": "Point",
        "coordinates": [
          -79.30496586,
          43.7205599
        ]
      },
      "properties": {
        "name": "harmony hills care community",
        "type": "Nursing and residential care facilities",
        "city": "toronto",
        "address": "",
        "outage_risk_score": 0.316,
        "solar_potential_score": 0.001,
        "facility_score": 0.8,
        "final_score": 32.68,
        "rank": 628,
        "solar_kwh_per_m2": 62.14
      }
    },
    {
      "type": "Feature",
      "geometry": {
        "type": "Point",
        "coordinates": [
          -79.4038491,
          43.7332454
        ]
      },
      "properties": {
        "name": "the teddington",
        "type": "Nursing and residential care facilities",
        "city": "toronto",
        "address": "",
        "outage_risk_score": 0.316,
        "solar_potential_score": 0.001,
        "facility_score": 0.8,
        "final_score": 32.64,
        "rank": 629,
        "solar_kwh_per_m2": 55.82
      }
    },
    {
      "type": "Feature",
      "geometry": {
        "type": "Point",
        "coordinates": [
          -79.086045,
          43.839668
        ]
      },
      "properties": {
        "name": "viva pickering retirement community",
        "type": "Nursing and residential care facilities",
        "city": "pickering",
        "address": "",
        "outage_risk_score": 0.141,
        "solar_potential_score": 0.2,
        "facility_score": 0.8,
        "final_score": 32.62,
        "rank": 630,
        "solar_kwh_per_m2": 66.73
      }
    },
    {
      "type": "Feature",
      "geometry": {
        "type": "Point",
        "coordinates": [
          -79.44756641,
          43.67675159
        ]
      },
      "properties": {
        "name": "reconnect community health services",
        "type": "Nursing and residential care facilities",
        "city": "toronto",
        "address": "",
        "outage_risk_score": 0.314,
        "solar_potential_score": 0.0,
        "facility_score": 0.8,
        "final_score": 32.59,
        "rank": 631,
        "solar_kwh_per_m2": 79.55
      }
    },
    {
      "type": "Feature",
      "geometry": {
        "type": "Point",
        "coordinates": [
          -79.25183955,
          43.75493801
        ]
      },
      "properties": {
        "name": "bendale acres",
        "type": "Nursing and residential care facilities",
        "city": "toronto",
        "address": "",
        "outage_risk_score": 0.314,
        "solar_potential_score": 0.001,
        "facility_score": 0.8,
        "final_score": 32.58,
        "rank": 632,
        "solar_kwh_per_m2": 79.35
      }
    },
    {
      "type": "Feature",
      "geometry": {
        "type": "Point",
        "coordinates": [
          -79.52146844,
          43.7562352
        ]
      },
      "properties": {
        "name": "hawthorne place care centre",
        "type": "Nursing and residential care facilities",
        "city": "toronto",
        "address": "",
        "outage_risk_score": 0.31,
        "solar_potential_score": 0.003,
        "facility_score": 0.8,
        "final_score": 32.5,
        "rank": 633,
        "solar_kwh_per_m2": 90.99
      }
    },
    {
      "type": "Feature",
      "geometry": {
        "type": "Point",
        "coordinates": [
          -79.37469238,
          43.65201689
        ]
      },
      "properties": {
        "name": "pilot place society",
        "type": "Nursing and residential care facilities",
        "city": "toronto",
        "address": "",
        "outage_risk_score": 0.31,
        "solar_potential_score": 0.003,
        "facility_score": 0.8,
        "final_score": 32.48,
        "rank": 634,
        "solar_kwh_per_m2": 54.6
      }
    },
    {
      "type": "Feature",
      "geometry": {
        "type": "Point",
        "coordinates": [
          -79.4124234,
          43.68545859
        ]
      },
      "properties": {
        "name": "cedarvale terrace",
        "type": "Nursing and residential care facilities",
        "city": "toronto",
        "address": "",
        "outage_risk_score": 0.307,
        "solar_potential_score": 0.001,
        "facility_score": 0.8,
        "final_score": 32.31,
        "rank": 635,
        "solar_kwh_per_m2": 51.32
      }
    },
    {
      "type": "Feature",
      "geometry": {
        "type": "Point",
        "coordinates": [
          -79.388447,
          43.6548253
        ]
      },
      "properties": {
        "name": "city of toronto \u0097 fudger house",
        "type": "Nursing and residential care facilities",
        "city": "toronto",
        "address": "",
        "outage_risk_score": 0.306,
        "solar_potential_score": 0.002,
        "facility_score": 0.8,
        "final_score": 32.3,
        "rank": 636,
        "solar_kwh_per_m2": 44.79
      }
    },
    {
      "type": "Feature",
      "geometry": {
        "type": "Point",
        "coordinates": [
          -79.3899079,
          43.6567107
        ]
      },
      "properties": {
        "name": "toronto rehabilitation institute - university centre",
        "type": "Nursing and residential care facilities",
        "city": "toronto",
        "address": "550 university ave. toronto on m5g 2a2",
        "outage_risk_score": 0.305,
        "solar_potential_score": 0.003,
        "facility_score": 0.8,
        "final_score": 32.29,
        "rank": 637,
        "solar_kwh_per_m2": 50.53
      }
    },
    {
      "type": "Feature",
      "geometry": {
        "type": "Point",
        "coordinates": [
          -79.4266182,
          43.68123159
        ]
      },
      "properties": {
        "name": "senior adult services in the annex",
        "type": "Nursing and residential care facilities",
        "city": "toronto",
        "address": "",
        "outage_risk_score": 0.306,
        "solar_potential_score": 0.0,
        "facility_score": 0.8,
        "final_score": 32.27,
        "rank": 638,
        "solar_kwh_per_m2": 56.51
      }
    },
    {
      "type": "Feature",
      "geometry": {
        "type": "Point",
        "coordinates": [
          -79.3662235,
          43.7195763
        ]
      },
      "properties": {
        "name": "centre for addiction and mental health - brentcliffe rd. site",
        "type": "Nursing and residential care facilities",
        "city": "toronto",
        "address": "175 brentcliffe rd. toronto on m4g 3z1",
        "outage_risk_score": 0.306,
        "solar_potential_score": 0.001,
        "facility_score": 0.8,
        "final_score": 32.26,
        "rank": 639,
        "solar_kwh_per_m2": 55.76
      }
    },
    {
      "type": "Feature",
      "geometry": {
        "type": "Point",
        "coordinates": [
          -79.4215129,
          43.66279568
        ]
      },
      "properties": {
        "name": "houselink community homes",
        "type": "Nursing and residential care facilities",
        "city": "toronto",
        "address": "",
        "outage_risk_score": 0.305,
        "solar_potential_score": 0.0,
        "facility_score": 0.8,
        "final_score": 32.21,
        "rank": 640,
        "solar_kwh_per_m2": 71.89
      }
    },
    {
      "type": "Feature",
      "geometry": {
        "type": "Point",
        "coordinates": [
          -79.37379369,
          43.80765981
        ]
      },
      "properties": {
        "name": "chartwell gibson long term care residence",
        "type": "Nursing and residential care facilities",
        "city": "toronto",
        "address": "",
        "outage_risk_score": 0.303,
        "solar_potential_score": 0.002,
        "facility_score": 0.8,
        "final_score": 32.17,
        "rank": 641,
        "solar_kwh_per_m2": 78.29
      }
    },
    {
      "type": "Feature",
      "geometry": {
        "type": "Point",
        "coordinates": [
          -79.388447,
          43.6548253
        ]
      },
      "properties": {
        "name": "responsive health management inc. \u0097 cedarvale terrace long term care home",
        "type": "Nursing and residential care facilities",
        "city": "toronto",
        "address": "",
        "outage_risk_score": 0.303,
        "solar_potential_score": 0.002,
        "facility_score": 0.8,
        "final_score": 32.15,
        "rank": 642,
        "solar_kwh_per_m2": 44.79
      }
    },
    {
      "type": "Feature",
      "geometry": {
        "type": "Point",
        "coordinates": [
          -79.086902,
          43.83841839999999
        ]
      },
      "properties": {
        "name": "southbridge care homes inc. \u0097 orchard villa",
        "type": "Nursing and residential care facilities",
        "city": "pickering",
        "address": "",
        "outage_risk_score": 0.128,
        "solar_potential_score": 0.2,
        "facility_score": 0.8,
        "final_score": 32.12,
        "rank": 643,
        "solar_kwh_per_m2": 66.73
      }
    },
    {
      "type": "Feature",
      "geometry": {
        "type": "Point",
        "coordinates": [
          -79.35586548,
          43.67333379
        ]
      },
      "properties": {
        "name": "alpha house",
        "type": "Nursing and residential care facilities",
        "city": "toronto",
        "address": "",
        "outage_risk_score": 0.3,
        "solar_potential_score": 0.0,
        "facility_score": 0.8,
        "final_score": 32.02,
        "rank": 644,
        "solar_kwh_per_m2": 52.32
      }
    },
    {
      "type": "Feature",
      "geometry": {
        "type": "Point",
        "coordinates": [
          -79.28056556,
          43.76265941
        ]
      },
      "properties": {
        "name": "kennedy lodge",
        "type": "Nursing and residential care facilities",
        "city": "toronto",
        "address": "",
        "outage_risk_score": 0.298,
        "solar_potential_score": 0.002,
        "facility_score": 0.8,
        "final_score": 32.02,
        "rank": 645,
        "solar_kwh_per_m2": 76.46
      }
    },
    {
      "type": "Feature",
      "geometry": {
        "type": "Point",
        "coordinates": [
          -79.42349041,
          43.7594321
        ]
      },
      "properties": {
        "name": "chartwell lansing retirement residence",
        "type": "Nursing and residential care facilities",
        "city": "toronto",
        "address": "",
        "outage_risk_score": 0.3,
        "solar_potential_score": 0.001,
        "facility_score": 0.8,
        "final_score": 32.01,
        "rank": 646,
        "solar_kwh_per_m2": 59.53
      }
    },
    {
      "type": "Feature",
      "geometry": {
        "type": "Point",
        "coordinates": [
          -79.40841779,
          43.68553589
        ]
      },
      "properties": {
        "name": "the russell hill retirement residence",
        "type": "Nursing and residential care facilities",
        "city": "toronto",
        "address": "",
        "outage_risk_score": 0.299,
        "solar_potential_score": 0.001,
        "facility_score": 0.8,
        "final_score": 32.0,
        "rank": 647,
        "solar_kwh_per_m2": 51.32
      }
    },
    {
      "type": "Feature",
      "geometry": {
        "type": "Point",
        "coordinates": [
          -79.447311,
          43.64020808
        ]
      },
      "properties": {
        "name": "copernicus lodge",
        "type": "Nursing and residential care facilities",
        "city": "toronto",
        "address": "",
        "outage_risk_score": 0.299,
        "solar_potential_score": 0.001,
        "facility_score": 0.8,
        "final_score": 31.99,
        "rank": 648,
        "solar_kwh_per_m2": 56.75
      }
    },
    {
      "type": "Feature",
      "geometry": {
        "type": "Point",
        "coordinates": [
          -79.34886588,
          43.736373
        ]
      },
      "properties": {
        "name": "greenview lodge",
        "type": "Nursing and residential care facilities",
        "city": "toronto",
        "address": "",
        "outage_risk_score": 0.299,
        "solar_potential_score": 0.001,
        "facility_score": 0.8,
        "final_score": 31.99,
        "rank": 649,
        "solar_kwh_per_m2": 62.47
      }
    },
    {
      "type": "Feature",
      "geometry": {
        "type": "Point",
        "coordinates": [
          -79.32618287,
          43.7246323
        ]
      },
      "properties": {
        "name": "delmanor wynford",
        "type": "Nursing and residential care facilities",
        "city": "toronto",
        "address": "",
        "outage_risk_score": 0.297,
        "solar_potential_score": 0.003,
        "facility_score": 0.8,
        "final_score": 31.96,
        "rank": 650,
        "solar_kwh_per_m2": 78.83
      }
    },
    {
      "type": "Feature",
      "geometry": {
        "type": "Point",
        "coordinates": [
          -79.4186887,
          43.66476219
        ]
      },
      "properties": {
        "name": "the o'neill centre long term care and retirement living",
        "type": "Nursing and residential care facilities",
        "city": "toronto",
        "address": "",
        "outage_risk_score": 0.298,
        "solar_potential_score": 0.0,
        "facility_score": 0.8,
        "final_score": 31.92,
        "rank": 651,
        "solar_kwh_per_m2": 71.89
      }
    },
    {
      "type": "Feature",
      "geometry": {
        "type": "Point",
        "coordinates": [
          -79.59650396,
          43.72717599
        ]
      },
      "properties": {
        "name": "humber valley terrace",
        "type": "Nursing and residential care facilities",
        "city": "toronto",
        "address": "",
        "outage_risk_score": 0.296,
        "solar_potential_score": 0.001,
        "facility_score": 0.8,
        "final_score": 31.89,
        "rank": 652,
        "solar_kwh_per_m2": 76.35
      }
    },
    {
      "type": "Feature",
      "geometry": {
        "type": "Point",
        "coordinates": [
          -79.37938728,
          43.65312289
        ]
      },
      "properties": {
        "name": "st. michael's hospital",
        "type": "Nursing and residential care facilities",
        "city": "toronto",
        "address": "",
        "outage_risk_score": 0.294,
        "solar_potential_score": 0.003,
        "facility_score": 0.8,
        "final_score": 31.86,
        "rank": 653,
        "solar_kwh_per_m2": 22.84
      }
    },
    {
      "type": "Feature",
      "geometry": {
        "type": "Point",
        "coordinates": [
          -79.36622688,
          43.7195849
        ]
      },
      "properties": {
        "name": "bellwood health services inc.",
        "type": "Nursing and residential care facilities",
        "city": "toronto",
        "address": "",
        "outage_risk_score": 0.296,
        "solar_potential_score": 0.001,
        "facility_score": 0.8,
        "final_score": 31.85,
        "rank": 654,
        "solar_kwh_per_m2": 55.76
      }
    },
    {
      "type": "Feature",
      "geometry": {
        "type": "Point",
        "coordinates": [
          -79.44721752,
          43.79192171
        ]
      },
      "properties": {
        "name": "bernard betel centre for creative living",
        "type": "Ambulatory health care services",
        "city": "toronto",
        "address": "",
        "outage_risk_score": 0.48,
        "solar_potential_score": 0.002,
        "facility_score": 0.5,
        "final_score": 31.77,
        "rank": 655,
        "solar_kwh_per_m2": 79.05
      }
    },
    {
      "type": "Feature",
      "geometry": {
        "type": "Point",
        "coordinates": [
          -79.35245538,
          43.703519
        ]
      },
      "properties": {
        "name": "march of dimes canada - toronto",
        "type": "Ambulatory health care services",
        "city": "toronto",
        "address": "",
        "outage_risk_score": 0.48,
        "solar_potential_score": 0.001,
        "facility_score": 0.5,
        "final_score": 31.76,
        "rank": 656,
        "solar_kwh_per_m2": 51.99
      }
    },
    {
      "type": "Feature",
      "geometry": {
        "type": "Point",
        "coordinates": [
          -79.5081813,
          43.690044
        ]
      },
      "properties": {
        "name": "west park healthcare centre",
        "type": "Nursing and residential care facilities",
        "city": "toronto",
        "address": "82 buttonwood ave. toronto on m6m 2j5",
        "outage_risk_score": 0.293,
        "solar_potential_score": 0.001,
        "facility_score": 0.8,
        "final_score": 31.75,
        "rank": 657,
        "solar_kwh_per_m2": 58.55
      }
    },
    {
      "type": "Feature",
      "geometry": {
        "type": "Point",
        "coordinates": [
          -79.44469031,
          43.7703728
        ]
      },
      "properties": {
        "name": "advent forestview retirement residence",
        "type": "Nursing and residential care facilities",
        "city": "toronto",
        "address": "",
        "outage_risk_score": 0.293,
        "solar_potential_score": 0.001,
        "facility_score": 0.8,
        "final_score": 31.74,
        "rank": 658,
        "solar_kwh_per_m2": 72.68
      }
    },
    {
      "type": "Feature",
      "geometry": {
        "type": "Point",
        "coordinates": [
          -79.388447,
          43.6548253
        ]
      },
      "properties": {
        "name": "the rekai centres \u0097 the rekai centre at sherbourne place",
        "type": "Nursing and residential care facilities",
        "city": "toronto",
        "address": "",
        "outage_risk_score": 0.292,
        "solar_potential_score": 0.002,
        "facility_score": 0.8,
        "final_score": 31.74,
        "rank": 659,
        "solar_kwh_per_m2": 44.79
      }
    },
    {
      "type": "Feature",
      "geometry": {
        "type": "Point",
        "coordinates": [
          -79.49003332,
          43.68749609
        ]
      },
      "properties": {
        "name": "humber community seniors' services inc.",
        "type": "Ambulatory health care services",
        "city": "toronto",
        "address": "",
        "outage_risk_score": 0.479,
        "solar_potential_score": 0.002,
        "facility_score": 0.5,
        "final_score": 31.71,
        "rank": 660,
        "solar_kwh_per_m2": 67.77
      }
    },
    {
      "type": "Feature",
      "geometry": {
        "type": "Point",
        "coordinates": [
          -79.388447,
          43.6548253
        ]
      },
      "properties": {
        "name": "schlegel villages \u0097 fairview nursing home",
        "type": "Nursing and residential care facilities",
        "city": "toronto",
        "address": "",
        "outage_risk_score": 0.291,
        "solar_potential_score": 0.002,
        "facility_score": 0.8,
        "final_score": 31.71,
        "rank": 661,
        "solar_kwh_per_m2": 44.79
      }
    },
    {
      "type": "Feature",
      "geometry": {
        "type": "Point",
        "coordinates": [
          -79.43421181,
          43.7300765
        ]
      },
      "properties": {
        "name": "the baycrest day care centre",
        "type": "Ambulatory health care services",
        "city": "toronto",
        "address": "",
        "outage_risk_score": 0.479,
        "solar_potential_score": 0.001,
        "facility_score": 0.5,
        "final_score": 31.68,
        "rank": 662,
        "solar_kwh_per_m2": 73.05
      }
    },
    {
      "type": "Feature",
      "geometry": {
        "type": "Point",
        "coordinates": [
          -79.55183004,
          43.70532049
        ]
      },
      "properties": {
        "name": "v.o.n -toronto york region (scarborough)",
        "type": "Ambulatory health care services",
        "city": "toronto",
        "address": "",
        "outage_risk_score": 0.478,
        "solar_potential_score": 0.001,
        "facility_score": 0.5,
        "final_score": 31.66,
        "rank": 663,
        "solar_kwh_per_m2": 61.03
      }
    },
    {
      "type": "Feature",
      "geometry": {
        "type": "Point",
        "coordinates": [
          -79.43311861,
          43.7353822
        ]
      },
      "properties": {
        "name": "terrace gardens",
        "type": "Nursing and residential care facilities",
        "city": "toronto",
        "address": "",
        "outage_risk_score": 0.29,
        "solar_potential_score": 0.001,
        "facility_score": 0.8,
        "final_score": 31.64,
        "rank": 664,
        "solar_kwh_per_m2": 65.8
      }
    },
    {
      "type": "Feature",
      "geometry": {
        "type": "Point",
        "coordinates": [
          -79.57220015,
          43.71934439
        ]
      },
      "properties": {
        "name": "rexdale community health centre",
        "type": "Nursing and residential care facilities",
        "city": "toronto",
        "address": "",
        "outage_risk_score": 0.289,
        "solar_potential_score": 0.001,
        "facility_score": 0.8,
        "final_score": 31.63,
        "rank": 665,
        "solar_kwh_per_m2": 72.14
      }
    },
    {
      "type": "Feature",
      "geometry": {
        "type": "Point",
        "coordinates": [
          -79.55183004,
          43.70532049
        ]
      },
      "properties": {
        "name": "von - ontario branch-peel branch (ww lhin)",
        "type": "Ambulatory health care services",
        "city": "toronto",
        "address": "",
        "outage_risk_score": 0.477,
        "solar_potential_score": 0.001,
        "facility_score": 0.5,
        "final_score": 31.62,
        "rank": 666,
        "solar_kwh_per_m2": 61.03
      }
    },
    {
      "type": "Feature",
      "geometry": {
        "type": "Point",
        "coordinates": [
          -79.388447,
          43.6548253
        ]
      },
      "properties": {
        "name": "revera inc. \u0097 main street terrace",
        "type": "Nursing and residential care facilities",
        "city": "toronto",
        "address": "",
        "outage_risk_score": 0.289,
        "solar_potential_score": 0.002,
        "facility_score": 0.8,
        "final_score": 31.62,
        "rank": 667,
        "solar_kwh_per_m2": 44.79
      }
    },
    {
      "type": "Feature",
      "geometry": {
        "type": "Point",
        "coordinates": [
          -79.51877245,
          43.88950162
        ]
      },
      "properties": {
        "name": "sherwood court long term care centre",
        "type": "Nursing and residential care facilities",
        "city": "vaughan",
        "address": "",
        "outage_risk_score": 0.115,
        "solar_potential_score": 0.2,
        "facility_score": 0.8,
        "final_score": 31.61,
        "rank": 668,
        "solar_kwh_per_m2": 66.73
      }
    },
    {
      "type": "Feature",
      "geometry": {
        "type": "Point",
        "coordinates": [
          -79.22035714,
          43.76899051
        ]
      },
      "properties": {
        "name": "the first step group home",
        "type": "Nursing and residential care facilities",
        "city": "toronto",
        "address": "",
        "outage_risk_score": 0.289,
        "solar_potential_score": 0.001,
        "facility_score": 0.8,
        "final_score": 31.59,
        "rank": 669,
        "solar_kwh_per_m2": 79.14
      }
    },
    {
      "type": "Feature",
      "geometry": {
        "type": "Point",
        "coordinates": [
          -79.44369931,
          43.7781514
        ]
      },
      "properties": {
        "name": "one kenton place",
        "type": "Nursing and residential care facilities",
        "city": "toronto",
        "address": "",
        "outage_risk_score": 0.288,
        "solar_potential_score": 0.001,
        "facility_score": 0.8,
        "final_score": 31.54,
        "rank": 670,
        "solar_kwh_per_m2": 66.34
      }
    },
    {
      "type": "Feature",
      "geometry": {
        "type": "Point",
        "coordinates": [
          -79.37566588,
          43.66687279
        ]
      },
      "properties": {
        "name": "wellesley central place",
        "type": "Nursing and residential care facilities",
        "city": "toronto",
        "address": "",
        "outage_risk_score": 0.287,
        "solar_potential_score": 0.001,
        "facility_score": 0.8,
        "final_score": 31.53,
        "rank": 671,
        "solar_kwh_per_m2": 47.22
      }
    },
    {
      "type": "Feature",
      "geometry": {
        "type": "Point",
        "coordinates": [
          -79.51567843,
          43.70070059
        ]
      },
      "properties": {
        "name": "york west active living centre",
        "type": "Ambulatory health care services",
        "city": "toronto",
        "address": "",
        "outage_risk_score": 0.475,
        "solar_potential_score": 0.001,
        "facility_score": 0.5,
        "final_score": 31.52,
        "rank": 672,
        "solar_kwh_per_m2": 55.24
      }
    },
    {
      "type": "Feature",
      "geometry": {
        "type": "Point",
        "coordinates": [
          -79.37590518,
          43.65032438
        ]
      },
      "properties": {
        "name": "loft community service (central lhin)",
        "type": "Ambulatory health care services",
        "city": "toronto",
        "address": "",
        "outage_risk_score": 0.473,
        "solar_potential_score": 0.003,
        "facility_score": 0.5,
        "final_score": 31.51,
        "rank": 673,
        "solar_kwh_per_m2": 22.84
      }
    },
    {
      "type": "Feature",
      "geometry": {
        "type": "Point",
        "coordinates": [
          -79.40278569,
          43.64849718
        ]
      },
      "properties": {
        "name": "opportunity for advancement",
        "type": "Nursing and residential care facilities",
        "city": "toronto",
        "address": "",
        "outage_risk_score": 0.287,
        "solar_potential_score": 0.001,
        "facility_score": 0.8,
        "final_score": 31.51,
        "rank": 674,
        "solar_kwh_per_m2": 66.19
      }
    },
    {
      "type": "Feature",
      "geometry": {
        "type": "Point",
        "coordinates": [
          -79.47087532,
          43.73009029
        ]
      },
      "properties": {
        "name": "canadian mental health association (cmha) toronto branch",
        "type": "Nursing and residential care facilities",
        "city": "toronto",
        "address": "",
        "outage_risk_score": 0.287,
        "solar_potential_score": 0.001,
        "facility_score": 0.8,
        "final_score": 31.51,
        "rank": 675,
        "solar_kwh_per_m2": 82.84
      }
    },
    {
      "type": "Feature",
      "geometry": {
        "type": "Point",
        "coordinates": [
          -79.47236762,
          43.69098659
        ]
      },
      "properties": {
        "name": "emery-keelesdale",
        "type": "Ambulatory health care services",
        "city": "toronto",
        "address": "",
        "outage_risk_score": 0.474,
        "solar_potential_score": 0.001,
        "facility_score": 0.5,
        "final_score": 31.47,
        "rank": 676,
        "solar_kwh_per_m2": 71.42
      }
    },
    {
      "type": "Feature",
      "geometry": {
        "type": "Point",
        "coordinates": [
          -79.37266528,
          43.66267759
        ]
      },
      "properties": {
        "name": "sherbourne place",
        "type": "Nursing and residential care facilities",
        "city": "toronto",
        "address": "",
        "outage_risk_score": 0.286,
        "solar_potential_score": 0.001,
        "facility_score": 0.8,
        "final_score": 31.47,
        "rank": 677,
        "solar_kwh_per_m2": 56.11
      }
    },
    {
      "type": "Feature",
      "geometry": {
        "type": "Point",
        "coordinates": [
          -79.49550922,
          43.68896429
        ]
      },
      "properties": {
        "name": "crosstown family health team (formerly west park)",
        "type": "Ambulatory health care services",
        "city": "toronto",
        "address": "",
        "outage_risk_score": 0.473,
        "solar_potential_score": 0.001,
        "facility_score": 0.5,
        "final_score": 31.45,
        "rank": 678,
        "solar_kwh_per_m2": 60.62
      }
    },
    {
      "type": "Feature",
      "geometry": {
        "type": "Point",
        "coordinates": [
          -79.31678308,
          43.79635041
        ]
      },
      "properties": {
        "name": "senior persons living connected - cmhp",
        "type": "Ambulatory health care services",
        "city": "toronto",
        "address": "",
        "outage_risk_score": 0.472,
        "solar_potential_score": 0.002,
        "facility_score": 0.5,
        "final_score": 31.45,
        "rank": 679,
        "solar_kwh_per_m2": 82.72
      }
    },
    {
      "type": "Feature",
      "geometry": {
        "type": "Point",
        "coordinates": [
          -79.37433158,
          43.65557079
        ]
      },
      "properties": {
        "name": "the good neighbours' club",
        "type": "Ambulatory health care services",
        "city": "toronto",
        "address": "",
        "outage_risk_score": 0.473,
        "solar_potential_score": 0.001,
        "facility_score": 0.5,
        "final_score": 31.44,
        "rank": 680,
        "solar_kwh_per_m2": 56.11
      }
    },
    {
      "type": "Feature",
      "geometry": {
        "type": "Point",
        "coordinates": [
          -79.45883361,
          43.65465168
        ]
      },
      "properties": {
        "name": "west toronto support services",
        "type": "Ambulatory health care services",
        "city": "toronto",
        "address": "",
        "outage_risk_score": 0.473,
        "solar_potential_score": 0.0,
        "facility_score": 0.5,
        "final_score": 31.43,
        "rank": 681,
        "solar_kwh_per_m2": 39.02
      }
    },
    {
      "type": "Feature",
      "geometry": {
        "type": "Point",
        "coordinates": [
          -79.43774412,
          43.87424932
        ]
      },
      "properties": {
        "name": "the lance krasman memorial centre for community mental health - css",
        "type": "Ambulatory health care services",
        "city": "richmond hill",
        "address": "",
        "outage_risk_score": 0.298,
        "solar_potential_score": 0.2,
        "facility_score": 0.5,
        "final_score": 31.43,
        "rank": 682,
        "solar_kwh_per_m2": 66.73
      }
    },
    {
      "type": "Feature",
      "geometry": {
        "type": "Point",
        "coordinates": [
          -79.45837461,
          43.71371849
        ]
      },
      "properties": {
        "name": "pace independent living (toronto central lhin)",
        "type": "Ambulatory health care services",
        "city": "toronto",
        "address": "",
        "outage_risk_score": 0.471,
        "solar_potential_score": 0.002,
        "facility_score": 0.5,
        "final_score": 31.4,
        "rank": 683,
        "solar_kwh_per_m2": 74.36
      }
    },
    {
      "type": "Feature",
      "geometry": {
        "type": "Point",
        "coordinates": [
          -79.388447,
          43.6548253
        ]
      },
      "properties": {
        "name": "city of toronto \u0097 castleview wychwood towers",
        "type": "Nursing and residential care facilities",
        "city": "toronto",
        "address": "",
        "outage_risk_score": 0.284,
        "solar_potential_score": 0.002,
        "facility_score": 0.8,
        "final_score": 31.4,
        "rank": 684,
        "solar_kwh_per_m2": 44.79
      }
    },
    {
      "type": "Feature",
      "geometry": {
        "type": "Point",
        "coordinates": [
          -79.35139938,
          43.76219131
        ]
      },
      "properties": {
        "name": "north york family health team inc.",
        "type": "Ambulatory health care services",
        "city": "toronto",
        "address": "",
        "outage_risk_score": 0.464,
        "solar_potential_score": 0.009,
        "facility_score": 0.5,
        "final_score": 31.38,
        "rank": 685,
        "solar_kwh_per_m2": 81.94
      }
    },
    {
      "type": "Feature",
      "geometry": {
        "type": "Point",
        "coordinates": [
          -79.40777439,
          43.67720559
        ]
      },
      "properties": {
        "name": "the canadian hearing society - toronto",
        "type": "Ambulatory health care services",
        "city": "toronto",
        "address": "",
        "outage_risk_score": 0.471,
        "solar_potential_score": 0.001,
        "facility_score": 0.5,
        "final_score": 31.35,
        "rank": 686,
        "solar_kwh_per_m2": 51.14
      }
    },
    {
      "type": "Feature",
      "geometry": {
        "type": "Point",
        "coordinates": [
          -79.37610058,
          43.65289989
        ]
      },
      "properties": {
        "name": "inner city family health team (formerly seaton house)",
        "type": "Ambulatory health care services",
        "city": "toronto",
        "address": "",
        "outage_risk_score": 0.469,
        "solar_potential_score": 0.003,
        "facility_score": 0.5,
        "final_score": 31.34,
        "rank": 687,
        "solar_kwh_per_m2": 22.84
      }
    },
    {
      "type": "Feature",
      "geometry": {
        "type": "Point",
        "coordinates": [
          -79.24749635,
          43.7083586
        ]
      },
      "properties": {
        "name": "midland gardens care community",
        "type": "Nursing and residential care facilities",
        "city": "toronto",
        "address": "",
        "outage_risk_score": 0.283,
        "solar_potential_score": 0.001,
        "facility_score": 0.8,
        "final_score": 31.34,
        "rank": 688,
        "solar_kwh_per_m2": 58.56
      }
    },
    {
      "type": "Feature",
      "geometry": {
        "type": "Point",
        "coordinates": [
          -79.4461661,
          43.63979888
        ]
      },
      "properties": {
        "name": "parkdale golden age foundation",
        "type": "Nursing and residential care facilities",
        "city": "toronto",
        "address": "",
        "outage_risk_score": 0.282,
        "solar_potential_score": 0.001,
        "facility_score": 0.8,
        "final_score": 31.31,
        "rank": 689,
        "solar_kwh_per_m2": 56.75
      }
    },
    {
      "type": "Feature",
      "geometry": {
        "type": "Point",
        "coordinates": [
          -79.37946838,
          43.65054688
        ]
      },
      "properties": {
        "name": "the ontario caregiver organization",
        "type": "Ambulatory health care services",
        "city": "toronto",
        "address": "",
        "outage_risk_score": 0.467,
        "solar_potential_score": 0.003,
        "facility_score": 0.5,
        "final_score": 31.27,
        "rank": 690,
        "solar_kwh_per_m2": 22.84
      }
    },
    {
      "type": "Feature",
      "geometry": {
        "type": "Point",
        "coordinates": [
          -79.52910703,
          43.64861988
        ]
      },
      "properties": {
        "name": "balance for blind adults (tc lhin)",
        "type": "Ambulatory health care services",
        "city": "toronto",
        "address": "",
        "outage_risk_score": 0.467,
        "solar_potential_score": 0.001,
        "facility_score": 0.5,
        "final_score": 31.22,
        "rank": 691,
        "solar_kwh_per_m2": 58.96
      }
    },
    {
      "type": "Feature",
      "geometry": {
        "type": "Point",
        "coordinates": [
          -79.52690243,
          43.69710409
        ]
      },
      "properties": {
        "name": "etobicoke service for seniors (toronto central lhin)",
        "type": "Ambulatory health care services",
        "city": "toronto",
        "address": "",
        "outage_risk_score": 0.466,
        "solar_potential_score": 0.001,
        "facility_score": 0.5,
        "final_score": 31.17,
        "rank": 692,
        "solar_kwh_per_m2": 57.23
      }
    },
    {
      "type": "Feature",
      "geometry": {
        "type": "Point",
        "coordinates": [
          -79.36252578,
          43.65615969
        ]
      },
      "properties": {
        "name": "good shepherd ministries",
        "type": "Ambulatory health care services",
        "city": "toronto",
        "address": "",
        "outage_risk_score": 0.465,
        "solar_potential_score": 0.001,
        "facility_score": 0.5,
        "final_score": 31.15,
        "rank": 693,
        "solar_kwh_per_m2": 61.39
      }
    },
    {
      "type": "Feature",
      "geometry": {
        "type": "Point",
        "coordinates": [
          -79.52008044,
          43.7652176
        ]
      },
      "properties": {
        "name": "jane/finch community and family centre - css",
        "type": "Ambulatory health care services",
        "city": "toronto",
        "address": "",
        "outage_risk_score": 0.461,
        "solar_potential_score": 0.003,
        "facility_score": 0.5,
        "final_score": 31.05,
        "rank": 694,
        "solar_kwh_per_m2": 90.31
      }
    },
    {
      "type": "Feature",
      "geometry": {
        "type": "Point",
        "coordinates": [
          -79.43208871,
          43.7309991
        ]
      },
      "properties": {
        "name": "new horizons day centre inc.",
        "type": "Ambulatory health care services",
        "city": "toronto",
        "address": "",
        "outage_risk_score": 0.459,
        "solar_potential_score": 0.001,
        "facility_score": 0.5,
        "final_score": 30.9,
        "rank": 695,
        "solar_kwh_per_m2": 73.05
      }
    },
    {
      "type": "Feature",
      "geometry": {
        "type": "Point",
        "coordinates": [
          -79.37946838,
          43.65054688
        ]
      },
      "properties": {
        "name": "providence st. joseph's and st. michael's hospital - (css)",
        "type": "Ambulatory health care services",
        "city": "toronto",
        "address": "",
        "outage_risk_score": 0.457,
        "solar_potential_score": 0.003,
        "facility_score": 0.5,
        "final_score": 30.89,
        "rank": 696,
        "solar_kwh_per_m2": 22.84
      }
    },
    {
      "type": "Feature",
      "geometry": {
        "type": "Point",
        "coordinates": [
          -79.3349945,
          43.8599076
        ]
      },
      "properties": {
        "name": "yee hong centre for geriatric care \u0097 yee hong centre markham",
        "type": "Nursing and residential care facilities",
        "city": "markham",
        "address": "",
        "outage_risk_score": 0.096,
        "solar_potential_score": 0.2,
        "facility_score": 0.8,
        "final_score": 30.85,
        "rank": 697,
        "solar_kwh_per_m2": 66.73
      }
    },
    {
      "type": "Feature",
      "geometry": {
        "type": "Point",
        "coordinates": [
          -79.35245538,
          43.703519
        ]
      },
      "properties": {
        "name": "march of dimes canada - durham",
        "type": "Ambulatory health care services",
        "city": "toronto",
        "address": "",
        "outage_risk_score": 0.457,
        "solar_potential_score": 0.001,
        "facility_score": 0.5,
        "final_score": 30.84,
        "rank": 698,
        "solar_kwh_per_m2": 51.99
      }
    },
    {
      "type": "Feature",
      "geometry": {
        "type": "Point",
        "coordinates": [
          -79.37638908,
          43.67212719
        ]
      },
      "properties": {
        "name": "toronto central local health integration network",
        "type": "Ambulatory health care services",
        "city": "toronto",
        "address": "",
        "outage_risk_score": 0.456,
        "solar_potential_score": 0.001,
        "facility_score": 0.5,
        "final_score": 30.78,
        "rank": 699,
        "solar_kwh_per_m2": 47.22
      }
    },
    {
      "type": "Feature",
      "geometry": {
        "type": "Point",
        "coordinates": [
          -79.47236762,
          43.69098659
        ]
      },
      "properties": {
        "name": "hazel burns hospice",
        "type": "Ambulatory health care services",
        "city": "toronto",
        "address": "",
        "outage_risk_score": 0.455,
        "solar_potential_score": 0.001,
        "facility_score": 0.5,
        "final_score": 30.73,
        "rank": 700,
        "solar_kwh_per_m2": 71.42
      }
    },
    {
      "type": "Feature",
      "geometry": {
        "type": "Point",
        "coordinates": [
          -79.48950763,
          43.7633868
        ]
      },
      "properties": {
        "name": "humber river family health team",
        "type": "Ambulatory health care services",
        "city": "toronto",
        "address": "",
        "outage_risk_score": 0.452,
        "solar_potential_score": 0.004,
        "facility_score": 0.5,
        "final_score": 30.73,
        "rank": 701,
        "solar_kwh_per_m2": 92.68
      }
    },
    {
      "type": "Feature",
      "geometry": {
        "type": "Point",
        "coordinates": [
          -79.35245538,
          43.703519
        ]
      },
      "properties": {
        "name": "clarendon foundation (cheshire homes) inc.",
        "type": "Ambulatory health care services",
        "city": "toronto",
        "address": "",
        "outage_risk_score": 0.454,
        "solar_potential_score": 0.001,
        "facility_score": 0.5,
        "final_score": 30.71,
        "rank": 702,
        "solar_kwh_per_m2": 51.99
      }
    },
    {
      "type": "Feature",
      "geometry": {
        "type": "Point",
        "coordinates": [
          -79.48212453,
          43.85950242
        ]
      },
      "properties": {
        "name": "chartwell valley vista retirement residence",
        "type": "Nursing and residential care facilities",
        "city": "vaughan",
        "address": "",
        "outage_risk_score": 0.092,
        "solar_potential_score": 0.2,
        "facility_score": 0.8,
        "final_score": 30.68,
        "rank": 703,
        "solar_kwh_per_m2": 66.73
      }
    },
    {
      "type": "Feature",
      "geometry": {
        "type": "Point",
        "coordinates": [
          -79.4300414,
          43.67565839
        ]
      },
      "properties": {
        "name": "hellenic home for the aged inc.",
        "type": "Ambulatory health care services",
        "city": "toronto",
        "address": "",
        "outage_risk_score": 0.451,
        "solar_potential_score": 0.0,
        "facility_score": 0.5,
        "final_score": 30.56,
        "rank": 704,
        "solar_kwh_per_m2": 56.51
      }
    },
    {
      "type": "Feature",
      "geometry": {
        "type": "Point",
        "coordinates": [
          -79.37287829,
          43.7228543
        ]
      },
      "properties": {
        "name": "sunnybrook academic fht",
        "type": "Ambulatory health care services",
        "city": "toronto",
        "address": "",
        "outage_risk_score": 0.45,
        "solar_potential_score": 0.001,
        "facility_score": 0.5,
        "final_score": 30.51,
        "rank": 705,
        "solar_kwh_per_m2": 55.76
      }
    },
    {
      "type": "Feature",
      "geometry": {
        "type": "Point",
        "coordinates": [
          -79.31000908,
          43.85638152
        ]
      },
      "properties": {
        "name": "amica at unionville",
        "type": "Nursing and residential care facilities",
        "city": "markham",
        "address": "",
        "outage_risk_score": 0.086,
        "solar_potential_score": 0.2,
        "facility_score": 0.8,
        "final_score": 30.43,
        "rank": 706,
        "solar_kwh_per_m2": 66.73
      }
    },
    {
      "type": "Feature",
      "geometry": {
        "type": "Point",
        "coordinates": [
          -79.37566588,
          43.66687279
        ]
      },
      "properties": {
        "name": "the rekai centres at wellesley street",
        "type": "Ambulatory health care services",
        "city": "toronto",
        "address": "",
        "outage_risk_score": 0.446,
        "solar_potential_score": 0.001,
        "facility_score": 0.5,
        "final_score": 30.41,
        "rank": 707,
        "solar_kwh_per_m2": 47.22
      }
    },
    {
      "type": "Feature",
      "geometry": {
        "type": "Point",
        "coordinates": [
          -79.407177,
          43.7481786
        ]
      },
      "properties": {
        "name": "circle of home care services (toronto)",
        "type": "Ambulatory health care services",
        "city": "toronto",
        "address": "",
        "outage_risk_score": 0.445,
        "solar_potential_score": 0.003,
        "facility_score": 0.5,
        "final_score": 30.38,
        "rank": 708,
        "solar_kwh_per_m2": 64.18
      }
    },
    {
      "type": "Feature",
      "geometry": {
        "type": "Point",
        "coordinates": [
          -79.38979619,
          43.65678129
        ]
      },
      "properties": {
        "name": "toronto rehabilitation institute - css",
        "type": "Ambulatory health care services",
        "city": "toronto",
        "address": "",
        "outage_risk_score": 0.444,
        "solar_potential_score": 0.003,
        "facility_score": 0.5,
        "final_score": 30.37,
        "rank": 709,
        "solar_kwh_per_m2": 50.53
      }
    },
    {
      "type": "Feature",
      "geometry": {
        "type": "Point",
        "coordinates": [
          -79.39575409,
          43.68812419
        ]
      },
      "properties": {
        "name": "self help resource centre of greater toronto",
        "type": "Ambulatory health care services",
        "city": "toronto",
        "address": "",
        "outage_risk_score": 0.444,
        "solar_potential_score": 0.001,
        "facility_score": 0.5,
        "final_score": 30.31,
        "rank": 710,
        "solar_kwh_per_m2": 49.53
      }
    },
    {
      "type": "Feature",
      "geometry": {
        "type": "Point",
        "coordinates": [
          -79.38719389,
          43.65839159
        ]
      },
      "properties": {
        "name": "university health network (css)",
        "type": "Ambulatory health care services",
        "city": "toronto",
        "address": "",
        "outage_risk_score": 0.442,
        "solar_potential_score": 0.003,
        "facility_score": 0.5,
        "final_score": 30.3,
        "rank": 711,
        "solar_kwh_per_m2": 50.53
      }
    },
    {
      "type": "Feature",
      "geometry": {
        "type": "Point",
        "coordinates": [
          -79.28926847,
          43.80724932
        ]
      },
      "properties": {
        "name": "hf connecting health",
        "type": "Ambulatory health care services",
        "city": "toronto",
        "address": "",
        "outage_risk_score": 0.441,
        "solar_potential_score": 0.002,
        "facility_score": 0.5,
        "final_score": 30.24,
        "rank": 712,
        "solar_kwh_per_m2": 80.09
      }
    },
    {
      "type": "Feature",
      "geometry": {
        "type": "Point",
        "coordinates": [
          -79.0727951,
          43.84066643
        ]
      },
      "properties": {
        "name": "chartwell parkway retirement residence",
        "type": "Nursing and residential care facilities",
        "city": "pickering",
        "address": "",
        "outage_risk_score": 0.08,
        "solar_potential_score": 0.2,
        "facility_score": 0.8,
        "final_score": 30.21,
        "rank": 713,
        "solar_kwh_per_m2": 66.73
      }
    },
    {
      "type": "Feature",
      "geometry": {
        "type": "Point",
        "coordinates": [
          -79.38852459,
          43.66224179
        ]
      },
      "properties": {
        "name": "self-directed personal support services ontario",
        "type": "Ambulatory health care services",
        "city": "toronto",
        "address": "",
        "outage_risk_score": 0.44,
        "solar_potential_score": 0.003,
        "facility_score": 0.5,
        "final_score": 30.2,
        "rank": 714,
        "solar_kwh_per_m2": 50.53
      }
    },
    {
      "type": "Feature",
      "geometry": {
        "type": "Point",
        "coordinates": [
          -79.51881,
          43.758747
        ]
      },
      "properties": {
        "name": "jane-finch family health team",
        "type": "Ambulatory health care services",
        "city": "toronto",
        "address": "",
        "outage_risk_score": 0.44,
        "solar_potential_score": 0.003,
        "facility_score": 0.5,
        "final_score": 30.19,
        "rank": 715,
        "solar_kwh_per_m2": 90.99
      }
    },
    {
      "type": "Feature",
      "geometry": {
        "type": "Point",
        "coordinates": [
          -79.38773779,
          43.65710429
        ]
      },
      "properties": {
        "name": "the hospital for sick children (css)",
        "type": "Ambulatory health care services",
        "city": "toronto",
        "address": "",
        "outage_risk_score": 0.44,
        "solar_potential_score": 0.003,
        "facility_score": 0.5,
        "final_score": 30.19,
        "rank": 716,
        "solar_kwh_per_m2": 50.53
      }
    },
    {
      "type": "Feature",
      "geometry": {
        "type": "Point",
        "coordinates": [
          -79.38037639,
          43.7346352
        ]
      },
      "properties": {
        "name": "the ontario community centre for the deaf (bob rumball centre for the deaf)",
        "type": "Ambulatory health care services",
        "city": "toronto",
        "address": "",
        "outage_risk_score": 0.439,
        "solar_potential_score": 0.003,
        "facility_score": 0.5,
        "final_score": 30.19,
        "rank": 717,
        "solar_kwh_per_m2": 52.31
      }
    },
    {
      "type": "Feature",
      "geometry": {
        "type": "Point",
        "coordinates": [
          -79.086902,
          43.83841839999999
        ]
      },
      "properties": {
        "name": "revera inc. \u0097 bay ridges long term care centre",
        "type": "Nursing and residential care facilities",
        "city": "pickering",
        "address": "",
        "outage_risk_score": 0.079,
        "solar_potential_score": 0.2,
        "facility_score": 0.8,
        "final_score": 30.16,
        "rank": 718,
        "solar_kwh_per_m2": 66.73
      }
    },
    {
      "type": "Feature",
      "geometry": {
        "type": "Point",
        "coordinates": [
          -79.38896939,
          43.64609738
        ]
      },
      "properties": {
        "name": "city of toronto - long-term care homes & services - supportive housing",
        "type": "Ambulatory health care services",
        "city": "toronto",
        "address": "",
        "outage_risk_score": 0.439,
        "solar_potential_score": 0.002,
        "facility_score": 0.5,
        "final_score": 30.12,
        "rank": 719,
        "solar_kwh_per_m2": 44.79
      }
    },
    {
      "type": "Feature",
      "geometry": {
        "type": "Point",
        "coordinates": [
          -79.50788773,
          43.68933979
        ]
      },
      "properties": {
        "name": "west park healthcare centre (css)",
        "type": "Ambulatory health care services",
        "city": "toronto",
        "address": "",
        "outage_risk_score": 0.438,
        "solar_potential_score": 0.001,
        "facility_score": 0.5,
        "final_score": 30.05,
        "rank": 720,
        "solar_kwh_per_m2": 58.55
      }
    },
    {
      "type": "Feature",
      "geometry": {
        "type": "Point",
        "coordinates": [
          -79.45837461,
          43.71371849
        ]
      },
      "properties": {
        "name": "ontario community support association (css)",
        "type": "Ambulatory health care services",
        "city": "toronto",
        "address": "",
        "outage_risk_score": 0.434,
        "solar_potential_score": 0.002,
        "facility_score": 0.5,
        "final_score": 29.93,
        "rank": 721,
        "solar_kwh_per_m2": 74.36
      }
    },
    {
      "type": "Feature",
      "geometry": {
        "type": "Point",
        "coordinates": [
          -79.48895881,
          43.61354377
        ]
      },
      "properties": {
        "name": "storefront humber",
        "type": "Ambulatory health care services",
        "city": "toronto",
        "address": "",
        "outage_risk_score": 0.434,
        "solar_potential_score": 0.001,
        "facility_score": 0.5,
        "final_score": 29.89,
        "rank": 722,
        "solar_kwh_per_m2": 51.24
      }
    },
    {
      "type": "Feature",
      "geometry": {
        "type": "Point",
        "coordinates": [
          -79.56056694,
          43.64655638
        ]
      },
      "properties": {
        "name": "etobicoke medical centre family health team",
        "type": "Ambulatory health care services",
        "city": "toronto",
        "address": "",
        "outage_risk_score": 0.433,
        "solar_potential_score": 0.002,
        "facility_score": 0.5,
        "final_score": 29.86,
        "rank": 723,
        "solar_kwh_per_m2": 73.33
      }
    },
    {
      "type": "Feature",
      "geometry": {
        "type": "Point",
        "coordinates": [
          -79.40777439,
          43.67720559
        ]
      },
      "properties": {
        "name": "the canadian hearing society - york region",
        "type": "Ambulatory health care services",
        "city": "toronto",
        "address": "",
        "outage_risk_score": 0.433,
        "solar_potential_score": 0.001,
        "facility_score": 0.5,
        "final_score": 29.85,
        "rank": 724,
        "solar_kwh_per_m2": 51.14
      }
    },
    {
      "type": "Feature",
      "geometry": {
        "type": "Point",
        "coordinates": [
          -79.3801191,
          43.85204332
        ]
      },
      "properties": {
        "name": "ontario association of residents' councils - oarc",
        "type": "Ambulatory health care services",
        "city": "richmond hill",
        "address": "",
        "outage_risk_score": 0.259,
        "solar_potential_score": 0.2,
        "facility_score": 0.5,
        "final_score": 29.85,
        "rank": 725,
        "solar_kwh_per_m2": 66.73
      }
    },
    {
      "type": "Feature",
      "geometry": {
        "type": "Point",
        "coordinates": [
          -79.38606199,
          43.66050619
        ]
      },
      "properties": {
        "name": "taddle creek family health team",
        "type": "Ambulatory health care services",
        "city": "toronto",
        "address": "",
        "outage_risk_score": 0.43,
        "solar_potential_score": 0.003,
        "facility_score": 0.5,
        "final_score": 29.82,
        "rank": 726,
        "solar_kwh_per_m2": 50.53
      }
    },
    {
      "type": "Feature",
      "geometry": {
        "type": "Point",
        "coordinates": [
          -79.3908623,
          43.84347762
        ]
      },
      "properties": {
        "name": "carefirst family health team",
        "type": "Ambulatory health care services",
        "city": "richmond hill",
        "address": "",
        "outage_risk_score": 0.258,
        "solar_potential_score": 0.2,
        "facility_score": 0.5,
        "final_score": 29.82,
        "rank": 727,
        "solar_kwh_per_m2": 66.73
      }
    },
    {
      "type": "Feature",
      "geometry": {
        "type": "Point",
        "coordinates": [
          -79.58431476,
          43.797729
        ]
      },
      "properties": {
        "name": "chartwell pine grove long term care residence",
        "type": "Nursing and residential care facilities",
        "city": "vaughan",
        "address": "",
        "outage_risk_score": 0.07,
        "solar_potential_score": 0.2,
        "facility_score": 0.8,
        "final_score": 29.82,
        "rank": 728,
        "solar_kwh_per_m2": 66.73
      }
    },
    {
      "type": "Feature",
      "geometry": {
        "type": "Point",
        "coordinates": [
          -79.36253118,
          43.64944139
        ]
      },
      "properties": {
        "name": "les centres d'accueil heritage- centre des pionniers",
        "type": "Ambulatory health care services",
        "city": "toronto",
        "address": "",
        "outage_risk_score": 0.431,
        "solar_potential_score": 0.002,
        "facility_score": 0.5,
        "final_score": 29.81,
        "rank": 729,
        "solar_kwh_per_m2": 60.49
      }
    },
    {
      "type": "Feature",
      "geometry": {
        "type": "Point",
        "coordinates": [
          -79.36935038,
          43.64982129
        ]
      },
      "properties": {
        "name": "2 spirited people of the 1st nations",
        "type": "Ambulatory health care services",
        "city": "toronto",
        "address": "",
        "outage_risk_score": 0.43,
        "solar_potential_score": 0.003,
        "facility_score": 0.5,
        "final_score": 29.77,
        "rank": 730,
        "solar_kwh_per_m2": 54.6
      }
    },
    {
      "type": "Feature",
      "geometry": {
        "type": "Point",
        "coordinates": [
          -79.59203906,
          43.71686989
        ]
      },
      "properties": {
        "name": "woodbine family health team (formerly canes)",
        "type": "Ambulatory health care services",
        "city": "toronto",
        "address": "",
        "outage_risk_score": 0.43,
        "solar_potential_score": 0.002,
        "facility_score": 0.5,
        "final_score": 29.76,
        "rank": 731,
        "solar_kwh_per_m2": 76.09
      }
    },
    {
      "type": "Feature",
      "geometry": {
        "type": "Point",
        "coordinates": [
          -79.34677178,
          43.7324901
        ]
      },
      "properties": {
        "name": "better living at thompson house",
        "type": "Ambulatory health care services",
        "city": "toronto",
        "address": "",
        "outage_risk_score": 0.427,
        "solar_potential_score": 0.003,
        "facility_score": 0.5,
        "final_score": 29.66,
        "rank": 732,
        "solar_kwh_per_m2": 66.2
      }
    },
    {
      "type": "Feature",
      "geometry": {
        "type": "Point",
        "coordinates": [
          -79.5673627,
          43.6437519
        ]
      },
      "properties": {
        "name": "wesburn manor - city of toronto",
        "type": "Ambulatory health care services",
        "city": "toronto",
        "address": "",
        "outage_risk_score": 0.428,
        "solar_potential_score": 0.001,
        "facility_score": 0.5,
        "final_score": 29.65,
        "rank": 733,
        "solar_kwh_per_m2": 68.86
      }
    },
    {
      "type": "Feature",
      "geometry": {
        "type": "Point",
        "coordinates": [
          -79.31678308,
          43.79635041
        ]
      },
      "properties": {
        "name": "st. paul l'amoreaux centre",
        "type": "Ambulatory health care services",
        "city": "toronto",
        "address": "",
        "outage_risk_score": 0.426,
        "solar_potential_score": 0.002,
        "facility_score": 0.5,
        "final_score": 29.59,
        "rank": 734,
        "solar_kwh_per_m2": 82.72
      }
    },
    {
      "type": "Feature",
      "geometry": {
        "type": "Point",
        "coordinates": [
          -79.37508638,
          43.66765829
        ]
      },
      "properties": {
        "name": "fife house foundation",
        "type": "Ambulatory health care services",
        "city": "toronto",
        "address": "",
        "outage_risk_score": 0.423,
        "solar_potential_score": 0.001,
        "facility_score": 0.5,
        "final_score": 29.46,
        "rank": 735,
        "solar_kwh_per_m2": 47.22
      }
    },
    {
      "type": "Feature",
      "geometry": {
        "type": "Point",
        "coordinates": [
          -79.4148853,
          43.7607988
        ]
      },
      "properties": {
        "name": "meals on wheels and more (north york central meals on wheels inc.)",
        "type": "Ambulatory health care services",
        "city": "toronto",
        "address": "",
        "outage_risk_score": 0.422,
        "solar_potential_score": 0.001,
        "facility_score": 0.5,
        "final_score": 29.43,
        "rank": 736,
        "solar_kwh_per_m2": 53.16
      }
    },
    {
      "type": "Feature",
      "geometry": {
        "type": "Point",
        "coordinates": [
          -79.36971499,
          43.718498
        ]
      },
      "properties": {
        "name": "spinal cord injury ontario",
        "type": "Ambulatory health care services",
        "city": "toronto",
        "address": "",
        "outage_risk_score": 0.422,
        "solar_potential_score": 0.001,
        "facility_score": 0.5,
        "final_score": 29.41,
        "rank": 737,
        "solar_kwh_per_m2": 55.76
      }
    },
    {
      "type": "Feature",
      "geometry": {
        "type": "Point",
        "coordinates": [
          -79.42092451,
          43.77882471
        ]
      },
      "properties": {
        "name": "community head injury resources services of toronto",
        "type": "Ambulatory health care services",
        "city": "toronto",
        "address": "",
        "outage_risk_score": 0.422,
        "solar_potential_score": 0.001,
        "facility_score": 0.5,
        "final_score": 29.41,
        "rank": 738,
        "solar_kwh_per_m2": 66.0
      }
    },
    {
      "type": "Feature",
      "geometry": {
        "type": "Point",
        "coordinates": [
          -79.35890658,
          43.65624799
        ]
      },
      "properties": {
        "name": "dixon hall",
        "type": "Ambulatory health care services",
        "city": "toronto",
        "address": "",
        "outage_risk_score": 0.422,
        "solar_potential_score": 0.001,
        "facility_score": 0.5,
        "final_score": 29.41,
        "rank": 739,
        "solar_kwh_per_m2": 61.39
      }
    },
    {
      "type": "Feature",
      "geometry": {
        "type": "Point",
        "coordinates": [
          -79.43584941,
          43.7448438
        ]
      },
      "properties": {
        "name": "uhn toronto western family health team",
        "type": "Ambulatory health care services",
        "city": "toronto",
        "address": "",
        "outage_risk_score": 0.422,
        "solar_potential_score": 0.001,
        "facility_score": 0.5,
        "final_score": 29.4,
        "rank": 740,
        "solar_kwh_per_m2": 69.75
      }
    },
    {
      "type": "Feature",
      "geometry": {
        "type": "Point",
        "coordinates": [
          -79.4266182,
          43.68123159
        ]
      },
      "properties": {
        "name": "st. matthew's bracondale house",
        "type": "Ambulatory health care services",
        "city": "toronto",
        "address": "",
        "outage_risk_score": 0.422,
        "solar_potential_score": 0.0,
        "facility_score": 0.5,
        "final_score": 29.39,
        "rank": 741,
        "solar_kwh_per_m2": 56.51
      }
    },
    {
      "type": "Feature",
      "geometry": {
        "type": "Point",
        "coordinates": [
          -79.40494999,
          43.66819929
        ]
      },
      "properties": {
        "name": "native canadian centre of toronto",
        "type": "Ambulatory health care services",
        "city": "toronto",
        "address": "",
        "outage_risk_score": 0.421,
        "solar_potential_score": 0.001,
        "facility_score": 0.5,
        "final_score": 29.39,
        "rank": 742,
        "solar_kwh_per_m2": 47.6
      }
    },
    {
      "type": "Feature",
      "geometry": {
        "type": "Point",
        "coordinates": [
          -79.0826885,
          43.84623863
        ]
      },
      "properties": {
        "name": "orchard villa",
        "type": "Nursing and residential care facilities",
        "city": "pickering",
        "address": "",
        "outage_risk_score": 0.06,
        "solar_potential_score": 0.2,
        "facility_score": 0.8,
        "final_score": 29.39,
        "rank": 743,
        "solar_kwh_per_m2": 66.73
      }
    },
    {
      "type": "Feature",
      "geometry": {
        "type": "Point",
        "coordinates": [
          -79.31443048,
          43.86143002
        ]
      },
      "properties": {
        "name": "union villa",
        "type": "Nursing and residential care facilities",
        "city": "markham",
        "address": "",
        "outage_risk_score": 0.059,
        "solar_potential_score": 0.2,
        "facility_score": 0.8,
        "final_score": 29.38,
        "rank": 744,
        "solar_kwh_per_m2": 66.73
      }
    },
    {
      "type": "Feature",
      "geometry": {
        "type": "Point",
        "coordinates": [
          -79.40446909,
          43.66677279
        ]
      },
      "properties": {
        "name": "volunteer centre of toronto",
        "type": "Ambulatory health care services",
        "city": "toronto",
        "address": "",
        "outage_risk_score": 0.42,
        "solar_potential_score": 0.001,
        "facility_score": 0.5,
        "final_score": 29.34,
        "rank": 745,
        "solar_kwh_per_m2": 47.6
      }
    },
    {
      "type": "Feature",
      "geometry": {
        "type": "Point",
        "coordinates": [
          -79.49212484,
          43.87877462
        ]
      },
      "properties": {
        "name": "richview manor retirement living",
        "type": "Nursing and residential care facilities",
        "city": "vaughan",
        "address": "",
        "outage_risk_score": 0.059,
        "solar_potential_score": 0.2,
        "facility_score": 0.8,
        "final_score": 29.34,
        "rank": 746,
        "solar_kwh_per_m2": 66.73
      }
    },
    {
      "type": "Feature",
      "geometry": {
        "type": "Point",
        "coordinates": [
          -79.39521489,
          43.65313278
        ]
      },
      "properties": {
        "name": "the canadian red cross society-community health division - toronto",
        "type": "Ambulatory health care services",
        "city": "toronto",
        "address": "",
        "outage_risk_score": 0.419,
        "solar_potential_score": 0.001,
        "facility_score": 0.5,
        "final_score": 29.31,
        "rank": 747,
        "solar_kwh_per_m2": 66.19
      }
    },
    {
      "type": "Feature",
      "geometry": {
        "type": "Point",
        "coordinates": [
          -79.38729799,
          43.65402329
        ]
      },
      "properties": {
        "name": "the arthritis society",
        "type": "Ambulatory health care services",
        "city": "toronto",
        "address": "",
        "outage_risk_score": 0.416,
        "solar_potential_score": 0.002,
        "facility_score": 0.5,
        "final_score": 29.19,
        "rank": 748,
        "solar_kwh_per_m2": 44.79
      }
    },
    {
      "type": "Feature",
      "geometry": {
        "type": "Point",
        "coordinates": [
          -79.42092451,
          43.77882471
        ]
      },
      "properties": {
        "name": "chirs",
        "type": "Ambulatory health care services",
        "city": "toronto",
        "address": "",
        "outage_risk_score": 0.416,
        "solar_potential_score": 0.001,
        "facility_score": 0.5,
        "final_score": 29.17,
        "rank": 749,
        "solar_kwh_per_m2": 66.0
      }
    },
    {
      "type": "Feature",
      "geometry": {
        "type": "Point",
        "coordinates": [
          -79.28926847,
          43.80724932
        ]
      },
      "properties": {
        "name": "hong fook mental health association (css)",
        "type": "Ambulatory health care services",
        "city": "toronto",
        "address": "",
        "outage_risk_score": 0.414,
        "solar_potential_score": 0.002,
        "facility_score": 0.5,
        "final_score": 29.14,
        "rank": 750,
        "solar_kwh_per_m2": 80.09
      }
    },
    {
      "type": "Feature",
      "geometry": {
        "type": "Point",
        "coordinates": [
          -79.35469398,
          43.7494936
        ]
      },
      "properties": {
        "name": "aphasia institute",
        "type": "Ambulatory health care services",
        "city": "toronto",
        "address": "",
        "outage_risk_score": 0.404,
        "solar_potential_score": 0.014,
        "facility_score": 0.5,
        "final_score": 29.14,
        "rank": 751,
        "solar_kwh_per_m2": 83.33
      }
    },
    {
      "type": "Feature",
      "geometry": {
        "type": "Point",
        "coordinates": [
          -79.47236762,
          43.69098659
        ]
      },
      "properties": {
        "name": "st. clair west services for seniors",
        "type": "Ambulatory health care services",
        "city": "toronto",
        "address": "",
        "outage_risk_score": 0.415,
        "solar_potential_score": 0.001,
        "facility_score": 0.5,
        "final_score": 29.13,
        "rank": 752,
        "solar_kwh_per_m2": 71.42
      }
    },
    {
      "type": "Feature",
      "geometry": {
        "type": "Point",
        "coordinates": [
          -79.36895398,
          43.66055229
        ]
      },
      "properties": {
        "name": "the neighbourhood group community service",
        "type": "Ambulatory health care services",
        "city": "toronto",
        "address": "",
        "outage_risk_score": 0.415,
        "solar_potential_score": 0.001,
        "facility_score": 0.5,
        "final_score": 29.13,
        "rank": 753,
        "solar_kwh_per_m2": 56.11
      }
    },
    {
      "type": "Feature",
      "geometry": {
        "type": "Point",
        "coordinates": [
          -79.39948989,
          43.70669329
        ]
      },
      "properties": {
        "name": "alzheimer society of toronto",
        "type": "Ambulatory health care services",
        "city": "toronto",
        "address": "",
        "outage_risk_score": 0.412,
        "solar_potential_score": 0.001,
        "facility_score": 0.5,
        "final_score": 29.0,
        "rank": 754,
        "solar_kwh_per_m2": 53.33
      }
    },
    {
      "type": "Feature",
      "geometry": {
        "type": "Point",
        "coordinates": [
          -79.31460658,
          43.85908432
        ]
      },
      "properties": {
        "name": "addiction services for york region",
        "type": "Nursing and residential care facilities",
        "city": "markham",
        "address": "",
        "outage_risk_score": 0.05,
        "solar_potential_score": 0.2,
        "facility_score": 0.8,
        "final_score": 29.0,
        "rank": 755,
        "solar_kwh_per_m2": 66.73
      }
    },
    {
      "type": "Feature",
      "geometry": {
        "type": "Point",
        "coordinates": [
          -79.25243066,
          43.89526623
        ]
      },
      "properties": {
        "name": "amica at swan lake",
        "type": "Nursing and residential care facilities",
        "city": "markham",
        "address": "",
        "outage_risk_score": 0.05,
        "solar_potential_score": 0.2,
        "facility_score": 0.8,
        "final_score": 29.0,
        "rank": 756,
        "solar_kwh_per_m2": 66.73
      }
    },
    {
      "type": "Feature",
      "geometry": {
        "type": "Point",
        "coordinates": [
          -79.0771309,
          43.82847003
        ]
      },
      "properties": {
        "name": "bay ridges",
        "type": "Nursing and residential care facilities",
        "city": "pickering",
        "address": "",
        "outage_risk_score": 0.05,
        "solar_potential_score": 0.2,
        "facility_score": 0.8,
        "final_score": 29.0,
        "rank": 757,
        "solar_kwh_per_m2": 66.73
      }
    },
    {
      "type": "Feature",
      "geometry": {
        "type": "Point",
        "coordinates": [
          -79.30139068,
          43.86204073
        ]
      },
      "properties": {
        "name": "bethany lodge",
        "type": "Nursing and residential care facilities",
        "city": "markham",
        "address": "",
        "outage_risk_score": 0.05,
        "solar_potential_score": 0.2,
        "facility_score": 0.8,
        "final_score": 29.0,
        "rank": 758,
        "solar_kwh_per_m2": 66.73
      }
    },
    {
      "type": "Feature",
      "geometry": {
        "type": "Point",
        "coordinates": [
          -79.57491686,
          43.7876026
        ]
      },
      "properties": {
        "name": "casa dolce casa",
        "type": "Nursing and residential care facilities",
        "city": "vaughan",
        "address": "",
        "outage_risk_score": 0.05,
        "solar_potential_score": 0.2,
        "facility_score": 0.8,
        "final_score": 29.0,
        "rank": 759,
        "solar_kwh_per_m2": 66.73
      }
    },
    {
      "type": "Feature",
      "geometry": {
        "type": "Point",
        "coordinates": [
          -79.45672392,
          43.81000591
        ]
      },
      "properties": {
        "name": "chartwell constantia retirement residence",
        "type": "Nursing and residential care facilities",
        "city": "vaughan",
        "address": "",
        "outage_risk_score": 0.05,
        "solar_potential_score": 0.2,
        "facility_score": 0.8,
        "final_score": 29.0,
        "rank": 760,
        "solar_kwh_per_m2": 66.73
      }
    },
    {
      "type": "Feature",
      "geometry": {
        "type": "Point",
        "coordinates": [
          -79.58431476,
          43.797729
        ]
      },
      "properties": {
        "name": "chartwell pine grove retirement residence",
        "type": "Nursing and residential care facilities",
        "city": "vaughan",
        "address": "",
        "outage_risk_score": 0.05,
        "solar_potential_score": 0.2,
        "facility_score": 0.8,
        "final_score": 29.0,
        "rank": 761,
        "solar_kwh_per_m2": 66.73
      }
    },
    {
      "type": "Feature",
      "geometry": {
        "type": "Point",
        "coordinates": [
          -79.3349945,
          43.8599076
        ]
      },
      "properties": {
        "name": "chartwell retirement residences \u0097 the woodhaven",
        "type": "Nursing and residential care facilities",
        "city": "markham",
        "address": "",
        "outage_risk_score": 0.05,
        "solar_potential_score": 0.2,
        "facility_score": 0.8,
        "final_score": 29.0,
        "rank": 762,
        "solar_kwh_per_m2": 66.73
      }
    },
    {
      "type": "Feature",
      "geometry": {
        "type": "Point",
        "coordinates": [
          -79.26722977,
          43.89121033
        ]
      },
      "properties": {
        "name": "chartwell rouge valley retirement residence",
        "type": "Nursing and residential care facilities",
        "city": "markham",
        "address": "",
        "outage_risk_score": 0.05,
        "solar_potential_score": 0.2,
        "facility_score": 0.8,
        "final_score": 29.0,
        "rank": 763,
        "solar_kwh_per_m2": 66.73
      }
    },
    {
      "type": "Feature",
      "geometry": {
        "type": "Point",
        "coordinates": [
          -79.23093356,
          43.88586653
        ]
      },
      "properties": {
        "name": "chartwell woodhaven long term care residence",
        "type": "Nursing and residential care facilities",
        "city": "markham",
        "address": "",
        "outage_risk_score": 0.05,
        "solar_potential_score": 0.2,
        "facility_score": 0.8,
        "final_score": 29.0,
        "rank": 764,
        "solar_kwh_per_m2": 66.73
      }
    },
    {
      "type": "Feature",
      "geometry": {
        "type": "Point",
        "coordinates": [
          -79.59579547,
          43.87156441
        ]
      },
      "properties": {
        "name": "kristus darzs latvian home",
        "type": "Nursing and residential care facilities",
        "city": "vaughan",
        "address": "",
        "outage_risk_score": 0.05,
        "solar_potential_score": 0.2,
        "facility_score": 0.8,
        "final_score": 29.0,
        "rank": 765,
        "solar_kwh_per_m2": 66.73
      }
    },
    {
      "type": "Feature",
      "geometry": {
        "type": "Point",
        "coordinates": [
          -79.25422906,
          43.88371943
        ]
      },
      "properties": {
        "name": "markhaven",
        "type": "Nursing and residential care facilities",
        "city": "markham",
        "address": "",
        "outage_risk_score": 0.05,
        "solar_potential_score": 0.2,
        "facility_score": 0.8,
        "final_score": 29.0,
        "rank": 766,
        "solar_kwh_per_m2": 66.73
      }
    },
    {
      "type": "Feature",
      "geometry": {
        "type": "Point",
        "coordinates": [
          -79.3349945,
          43.8599076
        ]
      },
      "properties": {
        "name": "markhaven home for seniors",
        "type": "Nursing and residential care facilities",
        "city": "markham",
        "address": "",
        "outage_risk_score": 0.05,
        "solar_potential_score": 0.2,
        "facility_score": 0.8,
        "final_score": 29.0,
        "rank": 767,
        "solar_kwh_per_m2": 66.73
      }
    },
    {
      "type": "Feature",
      "geometry": {
        "type": "Point",
        "coordinates": [
          -79.29911048,
          43.86308503
        ]
      },
      "properties": {
        "name": "sunrise senior living of unionville",
        "type": "Nursing and residential care facilities",
        "city": "markham",
        "address": "",
        "outage_risk_score": 0.05,
        "solar_potential_score": 0.2,
        "facility_score": 0.8,
        "final_score": 29.0,
        "rank": 768,
        "solar_kwh_per_m2": 66.73
      }
    },
    {
      "type": "Feature",
      "geometry": {
        "type": "Point",
        "coordinates": [
          -79.46108083,
          43.85502132
        ]
      },
      "properties": {
        "name": "v!va thornhill woods retirement community",
        "type": "Nursing and residential care facilities",
        "city": "vaughan",
        "address": "",
        "outage_risk_score": 0.05,
        "solar_potential_score": 0.2,
        "facility_score": 0.8,
        "final_score": 29.0,
        "rank": 769,
        "solar_kwh_per_m2": 66.73
      }
    },
    {
      "type": "Feature",
      "geometry": {
        "type": "Point",
        "coordinates": [
          79.631803,
          43.839618
        ]
      },
      "properties": {
        "name": "villa colombo seniors centre (vaughan)",
        "type": "Nursing and residential care facilities",
        "city": "vaughan",
        "address": "",
        "outage_risk_score": 0.05,
        "solar_potential_score": 0.2,
        "facility_score": 0.8,
        "final_score": 29.0,
        "rank": 770,
        "solar_kwh_per_m2": 66.73
      }
    },
    {
      "type": "Feature",
      "geometry": {
        "type": "Point",
        "coordinates": [
          -79.63927978,
          43.8076987
        ]
      },
      "properties": {
        "name": "vitanova foundation",
        "type": "Nursing and residential care facilities",
        "city": "vaughan",
        "address": "",
        "outage_risk_score": 0.05,
        "solar_potential_score": 0.2,
        "facility_score": 0.8,
        "final_score": 29.0,
        "rank": 771,
        "solar_kwh_per_m2": 66.73
      }
    },
    {
      "type": "Feature",
      "geometry": {
        "type": "Point",
        "coordinates": [
          -79.51564435,
          43.86500652
        ]
      },
      "properties": {
        "name": "york region maple health centre",
        "type": "Nursing and residential care facilities",
        "city": "vaughan",
        "address": "",
        "outage_risk_score": 0.05,
        "solar_potential_score": 0.2,
        "facility_score": 0.8,
        "final_score": 29.0,
        "rank": 772,
        "solar_kwh_per_m2": 66.73
      }
    },
    {
      "type": "Feature",
      "geometry": {
        "type": "Point",
        "coordinates": [
          -79.35861539,
          43.85480762
        ]
      },
      "properties": {
        "name": "york support services network",
        "type": "Nursing and residential care facilities",
        "city": "markham",
        "address": "",
        "outage_risk_score": 0.05,
        "solar_potential_score": 0.2,
        "facility_score": 0.8,
        "final_score": 29.0,
        "rank": 773,
        "solar_kwh_per_m2": 66.73
      }
    },
    {
      "type": "Feature",
      "geometry": {
        "type": "Point",
        "coordinates": [
          -79.45002,
          43.64055838
        ]
      },
      "properties": {
        "name": "st. joseph's urban family health team",
        "type": "Ambulatory health care services",
        "city": "toronto",
        "address": "",
        "outage_risk_score": 0.411,
        "solar_potential_score": 0.001,
        "facility_score": 0.5,
        "final_score": 28.96,
        "rank": 774,
        "solar_kwh_per_m2": 56.75
      }
    },
    {
      "type": "Feature",
      "geometry": {
        "type": "Point",
        "coordinates": [
          -79.34677178,
          43.7324901
        ]
      },
      "properties": {
        "name": "better living health and community services",
        "type": "Ambulatory health care services",
        "city": "toronto",
        "address": "",
        "outage_risk_score": 0.408,
        "solar_potential_score": 0.003,
        "facility_score": 0.5,
        "final_score": 28.93,
        "rank": 775,
        "solar_kwh_per_m2": 66.2
      }
    },
    {
      "type": "Feature",
      "geometry": {
        "type": "Point",
        "coordinates": [
          -79.39598279,
          43.70685039
        ]
      },
      "properties": {
        "name": "hospice toronto",
        "type": "Ambulatory health care services",
        "city": "toronto",
        "address": "",
        "outage_risk_score": 0.41,
        "solar_potential_score": 0.001,
        "facility_score": 0.5,
        "final_score": 28.91,
        "rank": 776,
        "solar_kwh_per_m2": 53.33
      }
    },
    {
      "type": "Feature",
      "geometry": {
        "type": "Point",
        "coordinates": [
          -79.33390698,
          43.80385871
        ]
      },
      "properties": {
        "name": "transcare community support services",
        "type": "Ambulatory health care services",
        "city": "toronto",
        "address": "",
        "outage_risk_score": 0.409,
        "solar_potential_score": 0.001,
        "facility_score": 0.5,
        "final_score": 28.91,
        "rank": 777,
        "solar_kwh_per_m2": 81.99
      }
    },
    {
      "type": "Feature",
      "geometry": {
        "type": "Point",
        "coordinates": [
          -79.28983636,
          43.6910508
        ]
      },
      "properties": {
        "name": "neighbourhood link support services",
        "type": "Ambulatory health care services",
        "city": "toronto",
        "address": "",
        "outage_risk_score": 0.409,
        "solar_potential_score": 0.001,
        "facility_score": 0.5,
        "final_score": 28.89,
        "rank": 778,
        "solar_kwh_per_m2": 62.41
      }
    },
    {
      "type": "Feature",
      "geometry": {
        "type": "Point",
        "coordinates": [
          -79.29492787,
          43.81258112
        ]
      },
      "properties": {
        "name": "carefirst senior and community services association (central lhin)",
        "type": "Ambulatory health care services",
        "city": "toronto",
        "address": "",
        "outage_risk_score": 0.403,
        "solar_potential_score": 0.002,
        "facility_score": 0.5,
        "final_score": 28.72,
        "rank": 779,
        "solar_kwh_per_m2": 80.09
      }
    },
    {
      "type": "Feature",
      "geometry": {
        "type": "Point",
        "coordinates": [
          -79.51869943,
          43.68434358
        ]
      },
      "properties": {
        "name": "st. demetrius supportive care services",
        "type": "Ambulatory health care services",
        "city": "toronto",
        "address": "",
        "outage_risk_score": 0.402,
        "solar_potential_score": 0.001,
        "facility_score": 0.5,
        "final_score": 28.64,
        "rank": 780,
        "solar_kwh_per_m2": 73.37
      }
    },
    {
      "type": "Feature",
      "geometry": {
        "type": "Point",
        "coordinates": [
          -79.43615722,
          43.86921402
        ]
      },
      "properties": {
        "name": "mariann home",
        "type": "Ambulatory health care services",
        "city": "richmond hill",
        "address": "",
        "outage_risk_score": 0.228,
        "solar_potential_score": 0.2,
        "facility_score": 0.5,
        "final_score": 28.64,
        "rank": 781,
        "solar_kwh_per_m2": 66.73
      }
    },
    {
      "type": "Feature",
      "geometry": {
        "type": "Point",
        "coordinates": [
          -79.37946838,
          43.65054688
        ]
      },
      "properties": {
        "name": "scarborough and rouge hospital (css)",
        "type": "Ambulatory health care services",
        "city": "toronto",
        "address": "",
        "outage_risk_score": 0.4,
        "solar_potential_score": 0.003,
        "facility_score": 0.5,
        "final_score": 28.59,
        "rank": 782,
        "solar_kwh_per_m2": 22.84
      }
    },
    {
      "type": "Feature",
      "geometry": {
        "type": "Point",
        "coordinates": [
          -79.38824899,
          43.65344758
        ]
      },
      "properties": {
        "name": "ontario college of family physicians - css",
        "type": "Ambulatory health care services",
        "city": "toronto",
        "address": "",
        "outage_risk_score": 0.4,
        "solar_potential_score": 0.002,
        "facility_score": 0.5,
        "final_score": 28.56,
        "rank": 783,
        "solar_kwh_per_m2": 44.79
      }
    },
    {
      "type": "Feature",
      "geometry": {
        "type": "Point",
        "coordinates": [
          -79.21524634,
          43.73940621
        ]
      },
      "properties": {
        "name": "momiji health care society",
        "type": "Ambulatory health care services",
        "city": "toronto",
        "address": "",
        "outage_risk_score": 0.4,
        "solar_potential_score": 0.002,
        "facility_score": 0.5,
        "final_score": 28.55,
        "rank": 784,
        "solar_kwh_per_m2": 73.47
      }
    },
    {
      "type": "Feature",
      "geometry": {
        "type": "Point",
        "coordinates": [
          -79.37797418,
          43.67192409
        ]
      },
      "properties": {
        "name": "cilt (centre for independent living in toronto) (df)",
        "type": "Ambulatory health care services",
        "city": "toronto",
        "address": "",
        "outage_risk_score": 0.395,
        "solar_potential_score": 0.001,
        "facility_score": 0.5,
        "final_score": 28.37,
        "rank": 785,
        "solar_kwh_per_m2": 47.22
      }
    },
    {
      "type": "Feature",
      "geometry": {
        "type": "Point",
        "coordinates": [
          -79.39730609,
          43.66954919
        ]
      },
      "properties": {
        "name": "planned parenthood of toronto",
        "type": "Ambulatory health care services",
        "city": "toronto",
        "address": "",
        "outage_risk_score": 0.395,
        "solar_potential_score": 0.001,
        "facility_score": 0.5,
        "final_score": 28.33,
        "rank": 786,
        "solar_kwh_per_m2": 47.6
      }
    },
    {
      "type": "Feature",
      "geometry": {
        "type": "Point",
        "coordinates": [
          -79.39420099,
          43.69083799
        ]
      },
      "properties": {
        "name": "yorkminster park mow",
        "type": "Ambulatory health care services",
        "city": "toronto",
        "address": "",
        "outage_risk_score": 0.393,
        "solar_potential_score": 0.001,
        "facility_score": 0.5,
        "final_score": 28.26,
        "rank": 787,
        "solar_kwh_per_m2": 49.74
      }
    },
    {
      "type": "Feature",
      "geometry": {
        "type": "Point",
        "coordinates": [
          -79.37176928,
          43.66144079
        ]
      },
      "properties": {
        "name": "toronto people with aids foundation-pwa",
        "type": "Ambulatory health care services",
        "city": "toronto",
        "address": "",
        "outage_risk_score": 0.391,
        "solar_potential_score": 0.001,
        "facility_score": 0.5,
        "final_score": 28.17,
        "rank": 788,
        "solar_kwh_per_m2": 56.11
      }
    },
    {
      "type": "Feature",
      "geometry": {
        "type": "Point",
        "coordinates": [
          -79.45081182,
          43.87045412
        ]
      },
      "properties": {
        "name": "york central hospital - adult day program",
        "type": "Ambulatory health care services",
        "city": "richmond hill",
        "address": "",
        "outage_risk_score": 0.216,
        "solar_potential_score": 0.2,
        "facility_score": 0.5,
        "final_score": 28.15,
        "rank": 789,
        "solar_kwh_per_m2": 66.73
      }
    },
    {
      "type": "Feature",
      "geometry": {
        "type": "Point",
        "coordinates": [
          -79.34204848,
          43.7286232
        ]
      },
      "properties": {
        "name": "don mills fht",
        "type": "Ambulatory health care services",
        "city": "toronto",
        "address": "",
        "outage_risk_score": 0.388,
        "solar_potential_score": 0.003,
        "facility_score": 0.5,
        "final_score": 28.11,
        "rank": 790,
        "solar_kwh_per_m2": 68.1
      }
    },
    {
      "type": "Feature",
      "geometry": {
        "type": "Point",
        "coordinates": [
          -79.41732259,
          43.64308398
        ]
      },
      "properties": {
        "name": "camh community mental health services",
        "type": "Ambulatory health care services",
        "city": "toronto",
        "address": "",
        "outage_risk_score": 0.387,
        "solar_potential_score": 0.003,
        "facility_score": 0.5,
        "final_score": 28.08,
        "rank": 791,
        "solar_kwh_per_m2": 71.4
      }
    },
    {
      "type": "Feature",
      "geometry": {
        "type": "Point",
        "coordinates": [
          -79.36576928,
          43.65076979
        ]
      },
      "properties": {
        "name": "ontario federation of indian friendship centres",
        "type": "Ambulatory health care services",
        "city": "toronto",
        "address": "",
        "outage_risk_score": 0.387,
        "solar_potential_score": 0.003,
        "facility_score": 0.5,
        "final_score": 28.06,
        "rank": 792,
        "solar_kwh_per_m2": 54.6
      }
    },
    {
      "type": "Feature",
      "geometry": {
        "type": "Point",
        "coordinates": [
          -79.4405301,
          43.63958288
        ]
      },
      "properties": {
        "name": "parkdale activity - recreation centre",
        "type": "Ambulatory health care services",
        "city": "toronto",
        "address": "",
        "outage_risk_score": 0.385,
        "solar_potential_score": 0.001,
        "facility_score": 0.5,
        "final_score": 27.91,
        "rank": 793,
        "solar_kwh_per_m2": 54.89
      }
    },
    {
      "type": "Feature",
      "geometry": {
        "type": "Point",
        "coordinates": [
          -79.38985879,
          43.66999639
        ]
      },
      "properties": {
        "name": "kingston health sciences centre (css)",
        "type": "Ambulatory health care services",
        "city": "toronto",
        "address": "",
        "outage_risk_score": 0.384,
        "solar_potential_score": 0.001,
        "facility_score": 0.5,
        "final_score": 27.9,
        "rank": 794,
        "solar_kwh_per_m2": 41.34
      }
    },
    {
      "type": "Feature",
      "geometry": {
        "type": "Point",
        "coordinates": [
          -79.29021727,
          43.81423242
        ]
      },
      "properties": {
        "name": "yee hong centre - scarborough mcnicoll - css",
        "type": "Ambulatory health care services",
        "city": "toronto",
        "address": "",
        "outage_risk_score": 0.382,
        "solar_potential_score": 0.002,
        "facility_score": 0.5,
        "final_score": 27.87,
        "rank": 795,
        "solar_kwh_per_m2": 80.09
      }
    },
    {
      "type": "Feature",
      "geometry": {
        "type": "Point",
        "coordinates": [
          -79.38999619,
          43.65753069
        ]
      },
      "properties": {
        "name": "sinai health system (css)",
        "type": "Ambulatory health care services",
        "city": "toronto",
        "address": "",
        "outage_risk_score": 0.379,
        "solar_potential_score": 0.003,
        "facility_score": 0.5,
        "final_score": 27.76,
        "rank": 796,
        "solar_kwh_per_m2": 50.53
      }
    },
    {
      "type": "Feature",
      "geometry": {
        "type": "Point",
        "coordinates": [
          -79.37133008,
          43.66390759
        ]
      },
      "properties": {
        "name": "mid toronto community services",
        "type": "Ambulatory health care services",
        "city": "toronto",
        "address": "",
        "outage_risk_score": 0.378,
        "solar_potential_score": 0.001,
        "facility_score": 0.5,
        "final_score": 27.67,
        "rank": 797,
        "solar_kwh_per_m2": 56.11
      }
    },
    {
      "type": "Feature",
      "geometry": {
        "type": "Point",
        "coordinates": [
          -79.51489762,
          43.61822987
        ]
      },
      "properties": {
        "name": "abi possibilities",
        "type": "Ambulatory health care services",
        "city": "toronto",
        "address": "",
        "outage_risk_score": 0.377,
        "solar_potential_score": 0.002,
        "facility_score": 0.5,
        "final_score": 27.64,
        "rank": 798,
        "solar_kwh_per_m2": 79.35
      }
    },
    {
      "type": "Feature",
      "geometry": {
        "type": "Point",
        "coordinates": [
          -79.52690243,
          43.69710409
        ]
      },
      "properties": {
        "name": "etobicoke service for seniors",
        "type": "Ambulatory health care services",
        "city": "toronto",
        "address": "",
        "outage_risk_score": 0.376,
        "solar_potential_score": 0.001,
        "facility_score": 0.5,
        "final_score": 27.58,
        "rank": 799,
        "solar_kwh_per_m2": 57.23
      }
    },
    {
      "type": "Feature",
      "geometry": {
        "type": "Point",
        "coordinates": [
          -79.44946361,
          43.69477959
        ]
      },
      "properties": {
        "name": "st. hilda's towers",
        "type": "Ambulatory health care services",
        "city": "toronto",
        "address": "",
        "outage_risk_score": 0.376,
        "solar_potential_score": 0.0,
        "facility_score": 0.5,
        "final_score": 27.54,
        "rank": 800,
        "solar_kwh_per_m2": 68.97
      }
    },
    {
      "type": "Feature",
      "geometry": {
        "type": "Point",
        "coordinates": [
          -79.33920577,
          43.66115189
        ]
      },
      "properties": {
        "name": "south riverdale community health centre (css)",
        "type": "Ambulatory health care services",
        "city": "toronto",
        "address": "",
        "outage_risk_score": 0.372,
        "solar_potential_score": 0.001,
        "facility_score": 0.5,
        "final_score": 27.39,
        "rank": 801,
        "solar_kwh_per_m2": 56.47
      }
    },
    {
      "type": "Feature",
      "geometry": {
        "type": "Point",
        "coordinates": [
          -79.5767771,
          43.7474338
        ]
      },
      "properties": {
        "name": "thistletown regional centre for children and adolescents",
        "type": null,
        "city": "toronto",
        "address": "51 panorama crt. toronto on m9v 4l8",
        "outage_risk_score": 0.369,
        "solar_potential_score": 0.003,
        "facility_score": 0.5,
        "final_score": 27.38,
        "rank": 802,
        "solar_kwh_per_m2": 83.15
      }
    },
    {
      "type": "Feature",
      "geometry": {
        "type": "Point",
        "coordinates": [
          -79.38852459,
          43.66224179
        ]
      },
      "properties": {
        "name": "self-directed care organization",
        "type": "Ambulatory health care services",
        "city": "toronto",
        "address": "",
        "outage_risk_score": 0.368,
        "solar_potential_score": 0.003,
        "facility_score": 0.5,
        "final_score": 27.34,
        "rank": 803,
        "solar_kwh_per_m2": 50.53
      }
    },
    {
      "type": "Feature",
      "geometry": {
        "type": "Point",
        "coordinates": [
          -79.36258599,
          43.76947711
        ]
      },
      "properties": {
        "name": "north york general hospital (css)",
        "type": "Ambulatory health care services",
        "city": "toronto",
        "address": "",
        "outage_risk_score": 0.368,
        "solar_potential_score": 0.002,
        "facility_score": 0.5,
        "final_score": 27.31,
        "rank": 804,
        "solar_kwh_per_m2": 69.81
      }
    },
    {
      "type": "Feature",
      "geometry": {
        "type": "Point",
        "coordinates": [
          -79.44756641,
          43.67675159
        ]
      },
      "properties": {
        "name": "reconnect community health services (css)",
        "type": "Ambulatory health care services",
        "city": "toronto",
        "address": "",
        "outage_risk_score": 0.369,
        "solar_potential_score": 0.0,
        "facility_score": 0.5,
        "final_score": 27.27,
        "rank": 805,
        "solar_kwh_per_m2": 79.55
      }
    },
    {
      "type": "Feature",
      "geometry": {
        "type": "Point",
        "coordinates": [
          -79.37711618,
          43.66735509
        ]
      },
      "properties": {
        "name": "perram house",
        "type": "Ambulatory health care services",
        "city": "toronto",
        "address": "",
        "outage_risk_score": 0.368,
        "solar_potential_score": 0.001,
        "facility_score": 0.5,
        "final_score": 27.26,
        "rank": 806,
        "solar_kwh_per_m2": 47.22
      }
    },
    {
      "type": "Feature",
      "geometry": {
        "type": "Point",
        "coordinates": [
          -79.47236762,
          43.69098659
        ]
      },
      "properties": {
        "name": "st. clair west services for seniors (toronto central lhin)",
        "type": "Ambulatory health care services",
        "city": "toronto",
        "address": "",
        "outage_risk_score": 0.367,
        "solar_potential_score": 0.001,
        "facility_score": 0.5,
        "final_score": 27.22,
        "rank": 807,
        "solar_kwh_per_m2": 71.42
      }
    },
    {
      "type": "Feature",
      "geometry": {
        "type": "Point",
        "coordinates": [
          -79.41732259,
          43.64308398
        ]
      },
      "properties": {
        "name": "centre for addiction and mental health (css)",
        "type": "Ambulatory health care services",
        "city": "toronto",
        "address": "",
        "outage_risk_score": 0.365,
        "solar_potential_score": 0.003,
        "facility_score": 0.5,
        "final_score": 27.2,
        "rank": 808,
        "solar_kwh_per_m2": 71.4
      }
    },
    {
      "type": "Feature",
      "geometry": {
        "type": "Point",
        "coordinates": [
          -79.45837461,
          43.71371849
        ]
      },
      "properties": {
        "name": "pace independent living",
        "type": "Ambulatory health care services",
        "city": "toronto",
        "address": "",
        "outage_risk_score": 0.364,
        "solar_potential_score": 0.002,
        "facility_score": 0.5,
        "final_score": 27.12,
        "rank": 809,
        "solar_kwh_per_m2": 74.36
      }
    },
    {
      "type": "Feature",
      "geometry": {
        "type": "Point",
        "coordinates": [
          -79.44516391,
          43.7346967
        ]
      },
      "properties": {
        "name": "lumacare services",
        "type": "Ambulatory health care services",
        "city": "toronto",
        "address": "",
        "outage_risk_score": 0.345,
        "solar_potential_score": 0.023,
        "facility_score": 0.5,
        "final_score": 27.11,
        "rank": 810,
        "solar_kwh_per_m2": 87.74
      }
    },
    {
      "type": "Feature",
      "geometry": {
        "type": "Point",
        "coordinates": [
          -79.32641447,
          43.69079619
        ]
      },
      "properties": {
        "name": "south east toronto fht",
        "type": "Ambulatory health care services",
        "city": "toronto",
        "address": "",
        "outage_risk_score": 0.365,
        "solar_potential_score": 0.0,
        "facility_score": 0.5,
        "final_score": 27.1,
        "rank": 811,
        "solar_kwh_per_m2": 57.11
      }
    },
    {
      "type": "Feature",
      "geometry": {
        "type": "Point",
        "coordinates": [
          -79.45227951,
          43.65694408
        ]
      },
      "properties": {
        "name": "balance for blind adults (toronto central lhin)",
        "type": "Ambulatory health care services",
        "city": "toronto",
        "address": "",
        "outage_risk_score": 0.364,
        "solar_potential_score": 0.001,
        "facility_score": 0.5,
        "final_score": 27.09,
        "rank": 812,
        "solar_kwh_per_m2": 73.55
      }
    },
    {
      "type": "Feature",
      "geometry": {
        "type": "Point",
        "coordinates": [
          -79.36253118,
          43.64944139
        ]
      },
      "properties": {
        "name": "les centres d'accueil heritage - centre des pionniers (ce lhin)",
        "type": "Ambulatory health care services",
        "city": "toronto",
        "address": "",
        "outage_risk_score": 0.362,
        "solar_potential_score": 0.002,
        "facility_score": 0.5,
        "final_score": 27.05,
        "rank": 813,
        "solar_kwh_per_m2": 60.49
      }
    },
    {
      "type": "Feature",
      "geometry": {
        "type": "Point",
        "coordinates": [
          -79.32334507,
          43.68309609
        ]
      },
      "properties": {
        "name": "anne johnston health station - tobias house attendant care (css)",
        "type": "Ambulatory health care services",
        "city": "toronto",
        "address": "",
        "outage_risk_score": 0.363,
        "solar_potential_score": 0.0,
        "facility_score": 0.5,
        "final_score": 27.03,
        "rank": 814,
        "solar_kwh_per_m2": 59.21
      }
    },
    {
      "type": "Feature",
      "geometry": {
        "type": "Point",
        "coordinates": [
          -79.38275468,
          43.66168609
        ]
      },
      "properties": {
        "name": "hospice palliative care ontario",
        "type": "Ambulatory health care services",
        "city": "toronto",
        "address": "",
        "outage_risk_score": 0.361,
        "solar_potential_score": 0.002,
        "facility_score": 0.5,
        "final_score": 26.99,
        "rank": 815,
        "solar_kwh_per_m2": 41.29
      }
    },
    {
      "type": "Feature",
      "geometry": {
        "type": "Point",
        "coordinates": [
          -79.29523607,
          43.76296761
        ]
      },
      "properties": {
        "name": "east gta family health team",
        "type": "Ambulatory health care services",
        "city": "toronto",
        "address": "",
        "outage_risk_score": 0.36,
        "solar_potential_score": 0.002,
        "facility_score": 0.5,
        "final_score": 26.97,
        "rank": 816,
        "solar_kwh_per_m2": 75.81
      }
    },
    {
      "type": "Feature",
      "geometry": {
        "type": "Point",
        "coordinates": [
          -79.39025879,
          43.65841829
        ]
      },
      "properties": {
        "name": "cancer care ontario",
        "type": "Ambulatory health care services",
        "city": "toronto",
        "address": "",
        "outage_risk_score": 0.359,
        "solar_potential_score": 0.003,
        "facility_score": 0.5,
        "final_score": 26.97,
        "rank": 817,
        "solar_kwh_per_m2": 50.53
      }
    },
    {
      "type": "Feature",
      "geometry": {
        "type": "Point",
        "coordinates": [
          -79.55990744,
          43.60806727
        ]
      },
      "properties": {
        "name": "dorothy ley hospice",
        "type": "Ambulatory health care services",
        "city": "toronto",
        "address": "",
        "outage_risk_score": 0.352,
        "solar_potential_score": 0.011,
        "facility_score": 0.5,
        "final_score": 26.96,
        "rank": 818,
        "solar_kwh_per_m2": 66.41
      }
    },
    {
      "type": "Feature",
      "geometry": {
        "type": "Point",
        "coordinates": [
          -79.37417518,
          43.66473609
        ]
      },
      "properties": {
        "name": "st. michael's hospital academic family health team",
        "type": "Ambulatory health care services",
        "city": "toronto",
        "address": "",
        "outage_risk_score": 0.36,
        "solar_potential_score": 0.001,
        "facility_score": 0.5,
        "final_score": 26.93,
        "rank": 819,
        "solar_kwh_per_m2": 56.11
      }
    },
    {
      "type": "Feature",
      "geometry": {
        "type": "Point",
        "coordinates": [
          -79.33749378,
          43.7185524
        ]
      },
      "properties": {
        "name": "bellwoods centres",
        "type": "Ambulatory health care services",
        "city": "toronto",
        "address": "",
        "outage_risk_score": 0.351,
        "solar_potential_score": 0.011,
        "facility_score": 0.5,
        "final_score": 26.92,
        "rank": 820,
        "solar_kwh_per_m2": 84.18
      }
    },
    {
      "type": "Feature",
      "geometry": {
        "type": "Point",
        "coordinates": [
          -79.37202078,
          43.66230769
        ]
      },
      "properties": {
        "name": "sherbourne family health team",
        "type": "Ambulatory health care services",
        "city": "toronto",
        "address": "",
        "outage_risk_score": 0.359,
        "solar_potential_score": 0.001,
        "facility_score": 0.5,
        "final_score": 26.87,
        "rank": 821,
        "solar_kwh_per_m2": 56.11
      }
    },
    {
      "type": "Feature",
      "geometry": {
        "type": "Point",
        "coordinates": [
          -79.37797418,
          43.67192409
        ]
      },
      "properties": {
        "name": "central neighbourhood house association",
        "type": "Ambulatory health care services",
        "city": "toronto",
        "address": "",
        "outage_risk_score": 0.357,
        "solar_potential_score": 0.001,
        "facility_score": 0.5,
        "final_score": 26.84,
        "rank": 822,
        "solar_kwh_per_m2": 47.22
      }
    },
    {
      "type": "Feature",
      "geometry": {
        "type": "Point",
        "coordinates": [
          -79.29492787,
          43.81258112
        ]
      },
      "properties": {
        "name": "carefirst senior and community services association (toronto central lhin)",
        "type": "Ambulatory health care services",
        "city": "toronto",
        "address": "",
        "outage_risk_score": 0.356,
        "solar_potential_score": 0.002,
        "facility_score": 0.5,
        "final_score": 26.83,
        "rank": 823,
        "solar_kwh_per_m2": 80.09
      }
    },
    {
      "type": "Feature",
      "geometry": {
        "type": "Point",
        "coordinates": [
          -79.40429659,
          43.64740068
        ]
      },
      "properties": {
        "name": "st christopher house (soc. integrat.)",
        "type": "Ambulatory health care services",
        "city": "toronto",
        "address": "",
        "outage_risk_score": 0.355,
        "solar_potential_score": 0.001,
        "facility_score": 0.5,
        "final_score": 26.74,
        "rank": 824,
        "solar_kwh_per_m2": 66.19
      }
    },
    {
      "type": "Feature",
      "geometry": {
        "type": "Point",
        "coordinates": [
          -79.38763979,
          43.66162909
        ]
      },
      "properties": {
        "name": "women's college fht",
        "type": "Ambulatory health care services",
        "city": "toronto",
        "address": "",
        "outage_risk_score": 0.353,
        "solar_potential_score": 0.003,
        "facility_score": 0.5,
        "final_score": 26.71,
        "rank": 825,
        "solar_kwh_per_m2": 50.53
      }
    },
    {
      "type": "Feature",
      "geometry": {
        "type": "Point",
        "coordinates": [
          -79.57220015,
          43.71934439
        ]
      },
      "properties": {
        "name": "rexdale community health centre (css)",
        "type": "Ambulatory health care services",
        "city": "toronto",
        "address": "",
        "outage_risk_score": 0.351,
        "solar_potential_score": 0.001,
        "facility_score": 0.5,
        "final_score": 26.6,
        "rank": 826,
        "solar_kwh_per_m2": 72.14
      }
    },
    {
      "type": "Feature",
      "geometry": {
        "type": "Point",
        "coordinates": [
          -79.56745924,
          43.64388927
        ]
      },
      "properties": {
        "name": "wesburn manor - city of toronto - css",
        "type": "Ambulatory health care services",
        "city": "toronto",
        "address": "",
        "outage_risk_score": 0.349,
        "solar_potential_score": 0.001,
        "facility_score": 0.5,
        "final_score": 26.51,
        "rank": 827,
        "solar_kwh_per_m2": 68.86
      }
    },
    {
      "type": "Feature",
      "geometry": {
        "type": "Point",
        "coordinates": [
          -79.45227951,
          43.65694408
        ]
      },
      "properties": {
        "name": "balance for blind adults",
        "type": "Ambulatory health care services",
        "city": "toronto",
        "address": "",
        "outage_risk_score": 0.347,
        "solar_potential_score": 0.001,
        "facility_score": 0.5,
        "final_score": 26.4,
        "rank": 828,
        "solar_kwh_per_m2": 73.55
      }
    },
    {
      "type": "Feature",
      "geometry": {
        "type": "Point",
        "coordinates": [
          -79.38896939,
          43.64609738
        ]
      },
      "properties": {
        "name": "city of toronto cummer lodge",
        "type": "Ambulatory health care services",
        "city": "toronto",
        "address": "",
        "outage_risk_score": 0.346,
        "solar_potential_score": 0.002,
        "facility_score": 0.5,
        "final_score": 26.4,
        "rank": 829,
        "solar_kwh_per_m2": 44.79
      }
    },
    {
      "type": "Feature",
      "geometry": {
        "type": "Point",
        "coordinates": [
          -79.33978307,
          43.67506329
        ]
      },
      "properties": {
        "name": "eastview neighbourhood community centre",
        "type": "Ambulatory health care services",
        "city": "toronto",
        "address": "",
        "outage_risk_score": 0.346,
        "solar_potential_score": 0.0,
        "facility_score": 0.5,
        "final_score": 26.37,
        "rank": 830,
        "solar_kwh_per_m2": 58.94
      }
    },
    {
      "type": "Feature",
      "geometry": {
        "type": "Point",
        "coordinates": [
          -79.27812675,
          43.703961
        ]
      },
      "properties": {
        "name": "warden woods community centre",
        "type": "Ambulatory health care services",
        "city": "toronto",
        "address": "",
        "outage_risk_score": 0.346,
        "solar_potential_score": 0.001,
        "facility_score": 0.5,
        "final_score": 26.37,
        "rank": 831,
        "solar_kwh_per_m2": 62.23
      }
    },
    {
      "type": "Feature",
      "geometry": {
        "type": "Point",
        "coordinates": [
          -79.31276747,
          43.7056131
        ]
      },
      "properties": {
        "name": "st. clair o'connor community inc",
        "type": "Ambulatory health care services",
        "city": "toronto",
        "address": "",
        "outage_risk_score": 0.344,
        "solar_potential_score": 0.003,
        "facility_score": 0.5,
        "final_score": 26.34,
        "rank": 832,
        "solar_kwh_per_m2": 69.67
      }
    },
    {
      "type": "Feature",
      "geometry": {
        "type": "Point",
        "coordinates": [
          -79.37638908,
          43.67212719
        ]
      },
      "properties": {
        "name": "toronto central local health integration network (lhin op)",
        "type": "Ambulatory health care services",
        "city": "toronto",
        "address": "",
        "outage_risk_score": 0.344,
        "solar_potential_score": 0.001,
        "facility_score": 0.5,
        "final_score": 26.32,
        "rank": 833,
        "solar_kwh_per_m2": 47.22
      }
    },
    {
      "type": "Feature",
      "geometry": {
        "type": "Point",
        "coordinates": [
          -79.45483721,
          43.67068498
        ]
      },
      "properties": {
        "name": "davenport-perth neighbourhood & community health centre - css",
        "type": "Ambulatory health care services",
        "city": "toronto",
        "address": "",
        "outage_risk_score": 0.344,
        "solar_potential_score": 0.001,
        "facility_score": 0.5,
        "final_score": 26.29,
        "rank": 834,
        "solar_kwh_per_m2": 76.84
      }
    },
    {
      "type": "Feature",
      "geometry": {
        "type": "Point",
        "coordinates": [
          -79.37266528,
          43.66267759
        ]
      },
      "properties": {
        "name": "the rekai centres at sherbourne place",
        "type": "Ambulatory health care services",
        "city": "toronto",
        "address": "",
        "outage_risk_score": 0.344,
        "solar_potential_score": 0.001,
        "facility_score": 0.5,
        "final_score": 26.28,
        "rank": 835,
        "solar_kwh_per_m2": 56.11
      }
    },
    {
      "type": "Feature",
      "geometry": {
        "type": "Point",
        "coordinates": [
          -79.48115742,
          43.7584873
        ]
      },
      "properties": {
        "name": "access independent living services",
        "type": "Ambulatory health care services",
        "city": "toronto",
        "address": "",
        "outage_risk_score": 0.322,
        "solar_potential_score": 0.026,
        "facility_score": 0.5,
        "final_score": 26.28,
        "rank": 836,
        "solar_kwh_per_m2": 122.03
      }
    },
    {
      "type": "Feature",
      "geometry": {
        "type": "Point",
        "coordinates": [
          -79.37770879,
          43.7179585
        ]
      },
      "properties": {
        "name": "cnib",
        "type": "Ambulatory health care services",
        "city": "toronto",
        "address": "",
        "outage_risk_score": 0.342,
        "solar_potential_score": 0.002,
        "facility_score": 0.5,
        "final_score": 26.26,
        "rank": 837,
        "solar_kwh_per_m2": 59.34
      }
    },
    {
      "type": "Feature",
      "geometry": {
        "type": "Point",
        "coordinates": [
          -79.39315659,
          43.69944179
        ]
      },
      "properties": {
        "name": "the salvation army - meighen retirement residence",
        "type": "Ambulatory health care services",
        "city": "toronto",
        "address": "",
        "outage_risk_score": 0.343,
        "solar_potential_score": 0.001,
        "facility_score": 0.5,
        "final_score": 26.24,
        "rank": 838,
        "solar_kwh_per_m2": 54.13
      }
    },
    {
      "type": "Feature",
      "geometry": {
        "type": "Point",
        "coordinates": [
          -79.59203906,
          43.71686989
        ]
      },
      "properties": {
        "name": "canes community care (mh lhin)",
        "type": "Ambulatory health care services",
        "city": "toronto",
        "address": "",
        "outage_risk_score": 0.338,
        "solar_potential_score": 0.002,
        "facility_score": 0.5,
        "final_score": 26.08,
        "rank": 839,
        "solar_kwh_per_m2": 76.09
      }
    },
    {
      "type": "Feature",
      "geometry": {
        "type": "Point",
        "coordinates": [
          -79.36550668,
          43.64955079
        ]
      },
      "properties": {
        "name": "new visions toronto",
        "type": "Ambulatory health care services",
        "city": "toronto",
        "address": "",
        "outage_risk_score": 0.335,
        "solar_potential_score": 0.003,
        "facility_score": 0.5,
        "final_score": 26.01,
        "rank": 840,
        "solar_kwh_per_m2": 54.6
      }
    },
    {
      "type": "Feature",
      "geometry": {
        "type": "Point",
        "coordinates": [
          -79.36050608,
          43.65697389
        ]
      },
      "properties": {
        "name": "chiefs of ontario",
        "type": "Ambulatory health care services",
        "city": "toronto",
        "address": "",
        "outage_risk_score": 0.335,
        "solar_potential_score": 0.001,
        "facility_score": 0.5,
        "final_score": 25.95,
        "rank": 841,
        "solar_kwh_per_m2": 61.39
      }
    },
    {
      "type": "Feature",
      "geometry": {
        "type": "Point",
        "coordinates": [
          -79.23432495,
          43.75353751
        ]
      },
      "properties": {
        "name": "participation house toronto",
        "type": "Ambulatory health care services",
        "city": "toronto",
        "address": "",
        "outage_risk_score": 0.335,
        "solar_potential_score": 0.001,
        "facility_score": 0.5,
        "final_score": 25.93,
        "rank": 842,
        "solar_kwh_per_m2": 72.59
      }
    },
    {
      "type": "Feature",
      "geometry": {
        "type": "Point",
        "coordinates": [
          -79.53001033,
          43.64762728
        ]
      },
      "properties": {
        "name": "islington centre - etobicoke senior citizens",
        "type": "Ambulatory health care services",
        "city": "toronto",
        "address": "",
        "outage_risk_score": 0.334,
        "solar_potential_score": 0.001,
        "facility_score": 0.5,
        "final_score": 25.88,
        "rank": 843,
        "solar_kwh_per_m2": 58.96
      }
    },
    {
      "type": "Feature",
      "geometry": {
        "type": "Point",
        "coordinates": [
          -79.39182829,
          43.69746889
        ]
      },
      "properties": {
        "name": "senior peoples' resources in north toronto, inc.",
        "type": "Ambulatory health care services",
        "city": "toronto",
        "address": "",
        "outage_risk_score": 0.333,
        "solar_potential_score": 0.001,
        "facility_score": 0.5,
        "final_score": 25.84,
        "rank": 844,
        "solar_kwh_per_m2": 54.13
      }
    },
    {
      "type": "Feature",
      "geometry": {
        "type": "Point",
        "coordinates": [
          -79.35157538,
          43.7065469
        ]
      },
      "properties": {
        "name": "east york meals on wheels",
        "type": "Ambulatory health care services",
        "city": "toronto",
        "address": "",
        "outage_risk_score": 0.313,
        "solar_potential_score": 0.021,
        "facility_score": 0.5,
        "final_score": 25.77,
        "rank": 845,
        "solar_kwh_per_m2": 105.63
      }
    },
    {
      "type": "Feature",
      "geometry": {
        "type": "Point",
        "coordinates": [
          -79.31575107,
          43.7124332
        ]
      },
      "properties": {
        "name": "true davidson meals on wheels (east york) inc.",
        "type": "Ambulatory health care services",
        "city": "toronto",
        "address": "",
        "outage_risk_score": 0.33,
        "solar_potential_score": 0.001,
        "facility_score": 0.5,
        "final_score": 25.76,
        "rank": 846,
        "solar_kwh_per_m2": 61.57
      }
    },
    {
      "type": "Feature",
      "geometry": {
        "type": "Point",
        "coordinates": [
          -79.38985879,
          43.66999639
        ]
      },
      "properties": {
        "name": "alzheimer society of ontario",
        "type": "Ambulatory health care services",
        "city": "toronto",
        "address": "",
        "outage_risk_score": 0.329,
        "solar_potential_score": 0.001,
        "facility_score": 0.5,
        "final_score": 25.7,
        "rank": 847,
        "solar_kwh_per_m2": 41.34
      }
    },
    {
      "type": "Feature",
      "geometry": {
        "type": "Point",
        "coordinates": [
          -79.40343899,
          43.65757158
        ]
      },
      "properties": {
        "name": "the second mile club of toronto",
        "type": "Ambulatory health care services",
        "city": "toronto",
        "address": "",
        "outage_risk_score": 0.328,
        "solar_potential_score": 0.001,
        "facility_score": 0.5,
        "final_score": 25.64,
        "rank": 848,
        "solar_kwh_per_m2": 60.37
      }
    },
    {
      "type": "Feature",
      "geometry": {
        "type": "Point",
        "coordinates": [
          -79.2842102,
          43.7155347
        ]
      },
      "properties": {
        "name": "la salle manor",
        "type": "Ambulatory health care services",
        "city": "toronto",
        "address": "",
        "outage_risk_score": 0.325,
        "solar_potential_score": 0.003,
        "facility_score": 0.5,
        "final_score": 25.62,
        "rank": 849,
        "solar_kwh_per_m2": 80.32
      }
    },
    {
      "type": "Feature",
      "geometry": {
        "type": "Point",
        "coordinates": [
          -79.33415687,
          43.68283639
        ]
      },
      "properties": {
        "name": "toronto intergenerational partnerships",
        "type": "Ambulatory health care services",
        "city": "toronto",
        "address": "",
        "outage_risk_score": 0.326,
        "solar_potential_score": 0.001,
        "facility_score": 0.5,
        "final_score": 25.55,
        "rank": 850,
        "solar_kwh_per_m2": 60.15
      }
    },
    {
      "type": "Feature",
      "geometry": {
        "type": "Point",
        "coordinates": [
          -79.45648501,
          43.71064079
        ]
      },
      "properties": {
        "name": "villa colombo",
        "type": "Ambulatory health care services",
        "city": "toronto",
        "address": "",
        "outage_risk_score": 0.325,
        "solar_potential_score": 0.002,
        "facility_score": 0.5,
        "final_score": 25.55,
        "rank": 851,
        "solar_kwh_per_m2": 74.36
      }
    },
    {
      "type": "Feature",
      "geometry": {
        "type": "Point",
        "coordinates": [
          -79.39182829,
          43.65782059
        ]
      },
      "properties": {
        "name": "mount sinai academic family health team",
        "type": "Ambulatory health care services",
        "city": "toronto",
        "address": "",
        "outage_risk_score": 0.323,
        "solar_potential_score": 0.003,
        "facility_score": 0.5,
        "final_score": 25.54,
        "rank": 852,
        "solar_kwh_per_m2": 50.53
      }
    },
    {
      "type": "Feature",
      "geometry": {
        "type": "Point",
        "coordinates": [
          -79.35716348,
          43.65746389
        ]
      },
      "properties": {
        "name": "cota health (toronto central lhin)",
        "type": "Ambulatory health care services",
        "city": "toronto",
        "address": "",
        "outage_risk_score": 0.324,
        "solar_potential_score": 0.001,
        "facility_score": 0.5,
        "final_score": 25.5,
        "rank": 853,
        "solar_kwh_per_m2": 61.39
      }
    },
    {
      "type": "Feature",
      "geometry": {
        "type": "Point",
        "coordinates": [
          -79.32334507,
          43.68309609
        ]
      },
      "properties": {
        "name": "tobias house attendant care inc.",
        "type": "Ambulatory health care services",
        "city": "toronto",
        "address": "",
        "outage_risk_score": 0.324,
        "solar_potential_score": 0.0,
        "facility_score": 0.5,
        "final_score": 25.48,
        "rank": 854,
        "solar_kwh_per_m2": 59.21
      }
    },
    {
      "type": "Feature",
      "geometry": {
        "type": "Point",
        "coordinates": [
          -79.38275468,
          43.66168609
        ]
      },
      "properties": {
        "name": "nabors",
        "type": "Ambulatory health care services",
        "city": "toronto",
        "address": "",
        "outage_risk_score": 0.318,
        "solar_potential_score": 0.002,
        "facility_score": 0.5,
        "final_score": 25.28,
        "rank": 855,
        "solar_kwh_per_m2": 41.29
      }
    },
    {
      "type": "Feature",
      "geometry": {
        "type": "Point",
        "coordinates": [
          -79.27603766,
          43.77830991
        ]
      },
      "properties": {
        "name": "centre for information and community services of ontario",
        "type": "Ambulatory health care services",
        "city": "toronto",
        "address": "",
        "outage_risk_score": 0.309,
        "solar_potential_score": 0.01,
        "facility_score": 0.5,
        "final_score": 25.21,
        "rank": 856,
        "solar_kwh_per_m2": 82.71
      }
    },
    {
      "type": "Feature",
      "geometry": {
        "type": "Point",
        "coordinates": [
          -79.55247414,
          43.68064368
        ]
      },
      "properties": {
        "name": "richview community care services corporation",
        "type": "Ambulatory health care services",
        "city": "toronto",
        "address": "",
        "outage_risk_score": 0.316,
        "solar_potential_score": 0.001,
        "facility_score": 0.5,
        "final_score": 25.19,
        "rank": 857,
        "solar_kwh_per_m2": 71.23
      }
    },
    {
      "type": "Feature",
      "geometry": {
        "type": "Point",
        "coordinates": [
          -79.3887495,
          43.7678753
        ]
      },
      "properties": {
        "name": "north yorkers for disabled persons inc",
        "type": "Ambulatory health care services",
        "city": "toronto",
        "address": "",
        "outage_risk_score": 0.315,
        "solar_potential_score": 0.002,
        "facility_score": 0.5,
        "final_score": 25.18,
        "rank": 858,
        "solar_kwh_per_m2": 66.42
      }
    },
    {
      "type": "Feature",
      "geometry": {
        "type": "Point",
        "coordinates": [
          -79.37938038,
          43.65654429
        ]
      },
      "properties": {
        "name": "toronto public health",
        "type": "Ambulatory health care services",
        "city": "toronto",
        "address": "",
        "outage_risk_score": 0.315,
        "solar_potential_score": 0.002,
        "facility_score": 0.5,
        "final_score": 25.15,
        "rank": 859,
        "solar_kwh_per_m2": 41.29
      }
    },
    {
      "type": "Feature",
      "geometry": {
        "type": "Point",
        "coordinates": [
          -79.45057051,
          43.65810998
        ]
      },
      "properties": {
        "name": "canadian red cross - ontario zone",
        "type": "Ambulatory health care services",
        "city": "toronto",
        "address": "",
        "outage_risk_score": 0.314,
        "solar_potential_score": 0.001,
        "facility_score": 0.5,
        "final_score": 25.07,
        "rank": 860,
        "solar_kwh_per_m2": 73.55
      }
    },
    {
      "type": "Feature",
      "geometry": {
        "type": "Point",
        "coordinates": [
          -79.43421181,
          43.7300765
        ]
      },
      "properties": {
        "name": "baycrest hospital",
        "type": "Ambulatory health care services",
        "city": "toronto",
        "address": "",
        "outage_risk_score": 0.313,
        "solar_potential_score": 0.001,
        "facility_score": 0.5,
        "final_score": 25.07,
        "rank": 861,
        "solar_kwh_per_m2": 73.05
      }
    },
    {
      "type": "Feature",
      "geometry": {
        "type": "Point",
        "coordinates": [
          -79.41815949,
          43.63813068
        ]
      },
      "properties": {
        "name": "village family health team",
        "type": "Ambulatory health care services",
        "city": "toronto",
        "address": "",
        "outage_risk_score": 0.311,
        "solar_potential_score": 0.003,
        "facility_score": 0.5,
        "final_score": 25.04,
        "rank": 862,
        "solar_kwh_per_m2": 71.4
      }
    },
    {
      "type": "Feature",
      "geometry": {
        "type": "Point",
        "coordinates": [
          -79.40429659,
          43.64740068
        ]
      },
      "properties": {
        "name": "st. christopher house",
        "type": "Ambulatory health care services",
        "city": "toronto",
        "address": "",
        "outage_risk_score": 0.311,
        "solar_potential_score": 0.001,
        "facility_score": 0.5,
        "final_score": 24.96,
        "rank": 863,
        "solar_kwh_per_m2": 66.19
      }
    },
    {
      "type": "Feature",
      "geometry": {
        "type": "Point",
        "coordinates": [
          -79.29492787,
          43.81258112
        ]
      },
      "properties": {
        "name": "carefirst seniors and community services association",
        "type": "Ambulatory health care services",
        "city": "toronto",
        "address": "",
        "outage_risk_score": 0.304,
        "solar_potential_score": 0.002,
        "facility_score": 0.5,
        "final_score": 24.76,
        "rank": 864,
        "solar_kwh_per_m2": 80.09
      }
    },
    {
      "type": "Feature",
      "geometry": {
        "type": "Point",
        "coordinates": [
          -79.45837461,
          43.71371849
        ]
      },
      "properties": {
        "name": "association of ontario health centres",
        "type": "Ambulatory health care services",
        "city": "toronto",
        "address": "",
        "outage_risk_score": 0.305,
        "solar_potential_score": 0.002,
        "facility_score": 0.5,
        "final_score": 24.74,
        "rank": 865,
        "solar_kwh_per_m2": 74.36
      }
    },
    {
      "type": "Feature",
      "geometry": {
        "type": "Point",
        "coordinates": [
          -79.47236762,
          43.69098659
        ]
      },
      "properties": {
        "name": "st. clair west services for seniors (css)",
        "type": "Ambulatory health care services",
        "city": "toronto",
        "address": "",
        "outage_risk_score": 0.305,
        "solar_potential_score": 0.001,
        "facility_score": 0.5,
        "final_score": 24.72,
        "rank": 866,
        "solar_kwh_per_m2": 71.42
      }
    },
    {
      "type": "Feature",
      "geometry": {
        "type": "Point",
        "coordinates": [
          -79.29886836,
          43.7021584
        ]
      },
      "properties": {
        "name": "harmony hall centre- call a service inc",
        "type": "Ambulatory health care services",
        "city": "toronto",
        "address": "",
        "outage_risk_score": 0.303,
        "solar_potential_score": 0.001,
        "facility_score": 0.5,
        "final_score": 24.64,
        "rank": 867,
        "solar_kwh_per_m2": 65.95
      }
    },
    {
      "type": "Feature",
      "geometry": {
        "type": "Point",
        "coordinates": [
          -79.38291138,
          43.65754079
        ]
      },
      "properties": {
        "name": "three trilliums community place inc.",
        "type": "Ambulatory health care services",
        "city": "toronto",
        "address": "",
        "outage_risk_score": 0.301,
        "solar_potential_score": 0.002,
        "facility_score": 0.5,
        "final_score": 24.61,
        "rank": 868,
        "solar_kwh_per_m2": 41.29
      }
    },
    {
      "type": "Feature",
      "geometry": {
        "type": "Point",
        "coordinates": [
          -79.28466866,
          43.70128
        ]
      },
      "properties": {
        "name": "west scarborough neighbourhood community centre",
        "type": "Ambulatory health care services",
        "city": "toronto",
        "address": "",
        "outage_risk_score": 0.301,
        "solar_potential_score": 0.001,
        "facility_score": 0.5,
        "final_score": 24.56,
        "rank": 869,
        "solar_kwh_per_m2": 62.23
      }
    },
    {
      "type": "Feature",
      "geometry": {
        "type": "Point",
        "coordinates": [
          -79.35364348,
          43.66699229
        ]
      },
      "properties": {
        "name": "bridgepoint fht",
        "type": "Ambulatory health care services",
        "city": "toronto",
        "address": "",
        "outage_risk_score": 0.3,
        "solar_potential_score": 0.0,
        "facility_score": 0.5,
        "final_score": 24.52,
        "rank": 870,
        "solar_kwh_per_m2": 51.01
      }
    },
    {
      "type": "Feature",
      "geometry": {
        "type": "Point",
        "coordinates": [
          -79.31276747,
          43.7056131
        ]
      },
      "properties": {
        "name": "scoc supportive services",
        "type": "Ambulatory health care services",
        "city": "toronto",
        "address": "",
        "outage_risk_score": 0.298,
        "solar_potential_score": 0.003,
        "facility_score": 0.5,
        "final_score": 24.52,
        "rank": 871,
        "solar_kwh_per_m2": 69.67
      }
    },
    {
      "type": "Feature",
      "geometry": {
        "type": "Point",
        "coordinates": [
          -79.4013591,
          43.7263871
        ]
      },
      "properties": {
        "name": "student assistance in north toronto for seniors",
        "type": "Ambulatory health care services",
        "city": "toronto",
        "address": "",
        "outage_risk_score": 0.3,
        "solar_potential_score": 0.001,
        "facility_score": 0.5,
        "final_score": 24.5,
        "rank": 872,
        "solar_kwh_per_m2": 55.82
      }
    },
    {
      "type": "Feature",
      "geometry": {
        "type": "Point",
        "coordinates": [
          -79.20455254,
          43.78040642
        ]
      },
      "properties": {
        "name": "rouge valley health system (css)",
        "type": "Ambulatory health care services",
        "city": "toronto",
        "address": "",
        "outage_risk_score": 0.292,
        "solar_potential_score": 0.009,
        "facility_score": 0.5,
        "final_score": 24.49,
        "rank": 873,
        "solar_kwh_per_m2": 77.01
      }
    },
    {
      "type": "Feature",
      "geometry": {
        "type": "Point",
        "coordinates": [
          -79.60942347,
          43.8252479
        ]
      },
      "properties": {
        "name": "woodbridge medical centre fht",
        "type": "Ambulatory health care services",
        "city": "vaughan",
        "address": "",
        "outage_risk_score": 0.124,
        "solar_potential_score": 0.2,
        "facility_score": 0.5,
        "final_score": 24.45,
        "rank": 874,
        "solar_kwh_per_m2": 66.73
      }
    },
    {
      "type": "Feature",
      "geometry": {
        "type": "Point",
        "coordinates": [
          -79.35373148,
          43.67752429
        ]
      },
      "properties": {
        "name": "meals on wheels east toronto",
        "type": "Ambulatory health care services",
        "city": "toronto",
        "address": "",
        "outage_risk_score": 0.297,
        "solar_potential_score": 0.0,
        "facility_score": 0.5,
        "final_score": 24.38,
        "rank": 875,
        "solar_kwh_per_m2": 55.35
      }
    },
    {
      "type": "Feature",
      "geometry": {
        "type": "Point",
        "coordinates": [
          -79.38896099,
          43.65544169
        ]
      },
      "properties": {
        "name": "university of toronto",
        "type": "Ambulatory health care services",
        "city": "toronto",
        "address": "",
        "outage_risk_score": 0.294,
        "solar_potential_score": 0.003,
        "facility_score": 0.5,
        "final_score": 24.38,
        "rank": 876,
        "solar_kwh_per_m2": 50.53
      }
    },
    {
      "type": "Feature",
      "geometry": {
        "type": "Point",
        "coordinates": [
          -79.24956745,
          43.75513221
        ]
      },
      "properties": {
        "name": "scarborough academic family health team",
        "type": "Ambulatory health care services",
        "city": "toronto",
        "address": "",
        "outage_risk_score": 0.293,
        "solar_potential_score": 0.001,
        "facility_score": 0.5,
        "final_score": 24.24,
        "rank": 877,
        "solar_kwh_per_m2": 74.91
      }
    },
    {
      "type": "Feature",
      "geometry": {
        "type": "Point",
        "coordinates": [
          -79.55938155,
          43.7693971
        ]
      },
      "properties": {
        "name": "caritas school of life",
        "type": "Nursing and residential care facilities",
        "city": "vaughan",
        "address": "",
        "outage_risk_score": 0.081,
        "solar_potential_score": 0.027,
        "facility_score": 0.8,
        "final_score": 24.2,
        "rank": 878,
        "solar_kwh_per_m2": 129.02
      }
    },
    {
      "type": "Feature",
      "geometry": {
        "type": "Point",
        "coordinates": [
          -79.38663819,
          43.66800979
        ]
      },
      "properties": {
        "name": "society of sharing - inner-city volunteers",
        "type": "Ambulatory health care services",
        "city": "toronto",
        "address": "",
        "outage_risk_score": 0.291,
        "solar_potential_score": 0.001,
        "facility_score": 0.5,
        "final_score": 24.18,
        "rank": 879,
        "solar_kwh_per_m2": 41.34
      }
    },
    {
      "type": "Feature",
      "geometry": {
        "type": "Point",
        "coordinates": [
          -79.08552541,
          43.83852473
        ]
      },
      "properties": {
        "name": "west durham family health team",
        "type": "Ambulatory health care services",
        "city": "pickering",
        "address": "",
        "outage_risk_score": 0.117,
        "solar_potential_score": 0.2,
        "facility_score": 0.5,
        "final_score": 24.17,
        "rank": 880,
        "solar_kwh_per_m2": 66.73
      }
    },
    {
      "type": "Feature",
      "geometry": {
        "type": "Point",
        "coordinates": [
          -79.37287829,
          43.7228543
        ]
      },
      "properties": {
        "name": "regional geriatric program of toronto - psychogeriatric resource consultation",
        "type": "Ambulatory health care services",
        "city": "toronto",
        "address": "",
        "outage_risk_score": 0.29,
        "solar_potential_score": 0.001,
        "facility_score": 0.5,
        "final_score": 24.11,
        "rank": 881,
        "solar_kwh_per_m2": 55.76
      }
    },
    {
      "type": "Feature",
      "geometry": {
        "type": "Point",
        "coordinates": [
          -79.36258599,
          43.76947711
        ]
      },
      "properties": {
        "name": "north york general hospital",
        "type": "Ambulatory health care services",
        "city": "toronto",
        "address": "",
        "outage_risk_score": 0.285,
        "solar_potential_score": 0.002,
        "facility_score": 0.5,
        "final_score": 24.0,
        "rank": 882,
        "solar_kwh_per_m2": 69.81
      }
    },
    {
      "type": "Feature",
      "geometry": {
        "type": "Point",
        "coordinates": [
          -79.35387628,
          43.66538039
        ]
      },
      "properties": {
        "name": "phillip aziz centre for hospice care",
        "type": "Ambulatory health care services",
        "city": "toronto",
        "address": "",
        "outage_risk_score": 0.286,
        "solar_potential_score": 0.0,
        "facility_score": 0.5,
        "final_score": 23.96,
        "rank": 883,
        "solar_kwh_per_m2": 51.01
      }
    },
    {
      "type": "Feature",
      "geometry": {
        "type": "Point",
        "coordinates": [
          -79.55183004,
          43.70532049
        ]
      },
      "properties": {
        "name": "victorian order of nurses for canada - ontario branch - peel site",
        "type": "Ambulatory health care services",
        "city": "toronto",
        "address": "",
        "outage_risk_score": 0.285,
        "solar_potential_score": 0.001,
        "facility_score": 0.5,
        "final_score": 23.94,
        "rank": 884,
        "solar_kwh_per_m2": 61.03
      }
    },
    {
      "type": "Feature",
      "geometry": {
        "type": "Point",
        "coordinates": [
          -79.46946902,
          43.7877523
        ]
      },
      "properties": {
        "name": "four elms retirement residence",
        "type": "Nursing and residential care facilities",
        "city": "vaughan",
        "address": "",
        "outage_risk_score": 0.089,
        "solar_potential_score": 0.01,
        "facility_score": 0.8,
        "final_score": 23.91,
        "rank": 885,
        "solar_kwh_per_m2": 88.37
      }
    },
    {
      "type": "Feature",
      "geometry": {
        "type": "Point",
        "coordinates": [
          -79.31678308,
          43.79635041
        ]
      },
      "properties": {
        "name": "senior persons living connected",
        "type": "Ambulatory health care services",
        "city": "toronto",
        "address": "",
        "outage_risk_score": 0.283,
        "solar_potential_score": 0.002,
        "facility_score": 0.5,
        "final_score": 23.88,
        "rank": 886,
        "solar_kwh_per_m2": 82.72
      }
    },
    {
      "type": "Feature",
      "geometry": {
        "type": "Point",
        "coordinates": [
          -79.40343899,
          43.65757158
        ]
      },
      "properties": {
        "name": "second mile club of toronto - four branch",
        "type": "Ambulatory health care services",
        "city": "toronto",
        "address": "",
        "outage_risk_score": 0.282,
        "solar_potential_score": 0.001,
        "facility_score": 0.5,
        "final_score": 23.82,
        "rank": 887,
        "solar_kwh_per_m2": 60.37
      }
    },
    {
      "type": "Feature",
      "geometry": {
        "type": "Point",
        "coordinates": [
          -79.57417395,
          43.7661994
        ]
      },
      "properties": {
        "name": "villa leonardo gambin",
        "type": "Nursing and residential care facilities",
        "city": "vaughan",
        "address": "",
        "outage_risk_score": 0.05,
        "solar_potential_score": 0.026,
        "facility_score": 0.8,
        "final_score": 22.91,
        "rank": 888,
        "solar_kwh_per_m2": 128.32
      }
    },
    {
      "type": "Feature",
      "geometry": {
        "type": "Point",
        "coordinates": [
          -79.29923177,
          43.82684752
        ]
      },
      "properties": {
        "name": "mon sheong private care",
        "type": "Nursing and residential care facilities",
        "city": "markham",
        "address": "",
        "outage_risk_score": 0.062,
        "solar_potential_score": 0.001,
        "facility_score": 0.8,
        "final_score": 22.53,
        "rank": 889,
        "solar_kwh_per_m2": 65.0
      }
    },
    {
      "type": "Feature",
      "geometry": {
        "type": "Point",
        "coordinates": [
          -79.60660827,
          43.76663009
        ]
      },
      "properties": {
        "name": "villa da vinci retirement residence",
        "type": "Nursing and residential care facilities",
        "city": "vaughan",
        "address": "",
        "outage_risk_score": 0.05,
        "solar_potential_score": 0.002,
        "facility_score": 0.8,
        "final_score": 22.08,
        "rank": 890,
        "solar_kwh_per_m2": 86.19
      }
    },
    {
      "type": "Feature",
      "geometry": {
        "type": "Point",
        "coordinates": [
          -79.43742711,
          43.79523551
        ]
      },
      "properties": {
        "name": "sunrise of thornhill",
        "type": "Nursing and residential care facilities",
        "city": "vaughan",
        "address": "",
        "outage_risk_score": 0.05,
        "solar_potential_score": 0.002,
        "facility_score": 0.8,
        "final_score": 22.07,
        "rank": 891,
        "solar_kwh_per_m2": 79.05
      }
    },
    {
      "type": "Feature",
      "geometry": {
        "type": "Point",
        "coordinates": [
          -79.40361491,
          43.81983661
        ]
      },
      "properties": {
        "name": "glynnwood",
        "type": "Nursing and residential care facilities",
        "city": "markham",
        "address": "",
        "outage_risk_score": 0.05,
        "solar_potential_score": 0.001,
        "facility_score": 0.8,
        "final_score": 22.04,
        "rank": 892,
        "solar_kwh_per_m2": 69.53
      }
    },
    {
      "type": "Feature",
      "geometry": {
        "type": "Point",
        "coordinates": [
          -79.43905361,
          43.79438891
        ]
      },
      "properties": {
        "name": "amica at thornhill",
        "type": "Nursing and residential care facilities",
        "city": "vaughan",
        "address": "",
        "outage_risk_score": 0.05,
        "solar_potential_score": 0.001,
        "facility_score": 0.8,
        "final_score": 22.04,
        "rank": 893,
        "solar_kwh_per_m2": 76.36
      }
    },
    {
      "type": "Feature",
      "geometry": {
        "type": "Point",
        "coordinates": [
          -79.59777826,
          43.75961009
        ]
      },
      "properties": {
        "name": "woodbridge vista care community",
        "type": "Nursing and residential care facilities",
        "city": "vaughan",
        "address": "",
        "outage_risk_score": 0.05,
        "solar_potential_score": 0.001,
        "facility_score": 0.8,
        "final_score": 22.04,
        "rank": 894,
        "solar_kwh_per_m2": 83.72
      }
    },
    {
      "type": "Feature",
      "geometry": {
        "type": "Point",
        "coordinates": [
          -79.11423721,
          43.79773372
        ]
      },
      "properties": {
        "name": "abbeylawn manor retirement home",
        "type": "Nursing and residential care facilities",
        "city": "pickering",
        "address": "",
        "outage_risk_score": 0.05,
        "solar_potential_score": 0.001,
        "facility_score": 0.8,
        "final_score": 22.03,
        "rank": 895,
        "solar_kwh_per_m2": 71.38
      }
    },
    {
      "type": "Feature",
      "geometry": {
        "type": "Point",
        "coordinates": [
          -79.364423,
          43.85033152
        ]
      },
      "properties": {
        "name": "central local health integration network",
        "type": "Ambulatory health care services",
        "city": "markham",
        "address": "",
        "outage_risk_score": 0.05,
        "solar_potential_score": 0.2,
        "facility_score": 0.5,
        "final_score": 21.5,
        "rank": 896,
        "solar_kwh_per_m2": 66.73
      }
    },
    {
      "type": "Feature",
      "geometry": {
        "type": "Point",
        "coordinates": [
          -79.364423,
          43.85033152
        ]
      },
      "properties": {
        "name": "central local health integration network (lhin op)",
        "type": "Ambulatory health care services",
        "city": "markham",
        "address": "",
        "outage_risk_score": 0.05,
        "solar_potential_score": 0.2,
        "facility_score": 0.5,
        "final_score": 21.5,
        "rank": 897,
        "solar_kwh_per_m2": 66.73
      }
    },
    {
      "type": "Feature",
      "geometry": {
        "type": "Point",
        "coordinates": [
          -79.23506466,
          43.88344503
        ]
      },
      "properties": {
        "name": "cerebral palsy parent council of toronto (participation house)",
        "type": "Ambulatory health care services",
        "city": "markham",
        "address": "",
        "outage_risk_score": 0.05,
        "solar_potential_score": 0.2,
        "facility_score": 0.5,
        "final_score": 21.5,
        "rank": 898,
        "solar_kwh_per_m2": 66.73
      }
    },
    {
      "type": "Feature",
      "geometry": {
        "type": "Point",
        "coordinates": [
          -79.23194586,
          43.88472803
        ]
      },
      "properties": {
        "name": "health for all fht",
        "type": "Ambulatory health care services",
        "city": "markham",
        "address": "",
        "outage_risk_score": 0.05,
        "solar_potential_score": 0.2,
        "facility_score": 0.5,
        "final_score": 21.5,
        "rank": 899,
        "solar_kwh_per_m2": 66.73
      }
    },
    {
      "type": "Feature",
      "geometry": {
        "type": "Point",
        "coordinates": [
          -79.46448243,
          43.84396791
        ]
      },
      "properties": {
        "name": "hesperus fellowship community of ontario",
        "type": "Ambulatory health care services",
        "city": "vaughan",
        "address": "",
        "outage_risk_score": 0.05,
        "solar_potential_score": 0.2,
        "facility_score": 0.5,
        "final_score": 21.5,
        "rank": 900,
        "solar_kwh_per_m2": 66.73
      }
    },
    {
      "type": "Feature",
      "geometry": {
        "type": "Point",
        "coordinates": [
          -79.3349945,
          43.8599076
        ]
      },
      "properties": {
        "name": "lifemark health group \u0097 lifemark physiotherapy church street",
        "type": "Ambulatory health care services",
        "city": "markham",
        "address": "",
        "outage_risk_score": 0.05,
        "solar_potential_score": 0.2,
        "facility_score": 0.5,
        "final_score": 21.5,
        "rank": 901,
        "solar_kwh_per_m2": 66.73
      }
    },
    {
      "type": "Feature",
      "geometry": {
        "type": "Point",
        "coordinates": [
          -79.23194586,
          43.88472803
        ]
      },
      "properties": {
        "name": "markham fht",
        "type": "Ambulatory health care services",
        "city": "markham",
        "address": "",
        "outage_risk_score": 0.05,
        "solar_potential_score": 0.2,
        "facility_score": 0.5,
        "final_score": 21.5,
        "rank": 902,
        "solar_kwh_per_m2": 66.73
      }
    },
    {
      "type": "Feature",
      "geometry": {
        "type": "Point",
        "coordinates": [
          -79.31443048,
          43.86143002
        ]
      },
      "properties": {
        "name": "new unionville home society",
        "type": "Ambulatory health care services",
        "city": "markham",
        "address": "",
        "outage_risk_score": 0.05,
        "solar_potential_score": 0.2,
        "facility_score": 0.5,
        "final_score": 21.5,
        "rank": 903,
        "solar_kwh_per_m2": 66.73
      }
    },
    {
      "type": "Feature",
      "geometry": {
        "type": "Point",
        "coordinates": [
          -79.3693504,
          43.85374742
        ]
      },
      "properties": {
        "name": "saint elizabeth foundation",
        "type": "Ambulatory health care services",
        "city": "markham",
        "address": "",
        "outage_risk_score": 0.05,
        "solar_potential_score": 0.2,
        "facility_score": 0.5,
        "final_score": 21.5,
        "rank": 904,
        "solar_kwh_per_m2": 66.73
      }
    },
    {
      "type": "Feature",
      "geometry": {
        "type": "Point",
        "coordinates": [
          -79.23115846,
          43.89427733
        ]
      },
      "properties": {
        "name": "yee hong centre - markham",
        "type": "Ambulatory health care services",
        "city": "markham",
        "address": "",
        "outage_risk_score": 0.05,
        "solar_potential_score": 0.2,
        "facility_score": 0.5,
        "final_score": 21.5,
        "rank": 905,
        "solar_kwh_per_m2": 66.73
      }
    },
    {
      "type": "Feature",
      "geometry": {
        "type": "Point",
        "coordinates": [
          -79.57303415,
          43.76625
        ]
      },
      "properties": {
        "name": "friuli terrace (friuli benevolent corp / friuli)",
        "type": "Ambulatory health care services",
        "city": "vaughan",
        "address": "",
        "outage_risk_score": 0.063,
        "solar_potential_score": 0.026,
        "facility_score": 0.5,
        "final_score": 15.95,
        "rank": 906,
        "solar_kwh_per_m2": 128.32
      }
    }
  ]
}